 time                v(agudos)           v(entrada)          v(graves)           v(medio_alto)       v(medios)           v(pre)              v(salida)          
 0.000000000000e+00  0.000000000000e+00  0.000000000000e+00  0.000000000000e+00  0.000000000000e+00  0.000000000000e+00  0.000000000000e+00  0.000000000000e+00 
 1.000000000000e-07  1.575693846689e-03  6.283184893763e-04  5.851420497027e-07  1.579942028911e-03  4.377003997469e-06  1.580312225769e-03 -1.580649670138e-03 
 1.084018688790e-07  1.708047860120e-03  6.811089771494e-04  6.384353880007e-07  1.712682949574e-03  4.775643936306e-06  1.713087967232e-03 -1.713455085624e-03 
 1.252056066371e-07  1.972688494561e-03  7.866899468542e-04  7.532827481782e-07  1.978157340773e-03  5.634687266998e-06  1.978639435151e-03 -1.979068548302e-03 
 1.588130821533e-07  2.501565631519e-03  9.978518587783e-04  1.032538481160e-06  2.509061446290e-03  7.723160900142e-06  2.509742301982e-03 -2.510311289655e-03 
 2.260280331856e-07  3.557705352250e-03  1.420175539730e-03  1.789263103680e-06  3.570690894776e-03  1.337972038762e-05  3.571947676392e-03 -3.572860044301e-03 
 3.604579352502e-07  5.663542325237e-03  2.264822066412e-03  4.095317701847e-06  5.693234279533e-03  3.059583446330e-05  5.696356324734e-03 -5.698210684560e-03 
 6.293177393794e-07  9.849571806626e-03  3.954109669804e-03  1.187586828344e-05  9.935455289451e-03  8.851691468692e-05  9.945159913514e-03 -9.949924789897e-03 
 1.167037347638e-06  1.812004702151e-02  7.332646204097e-03  4.009486495704e-05  1.840840469958e-02  2.973374245130e-04  1.844266982334e-02 -1.845740548136e-02 
 2.242476564155e-06  3.426247199968e-02  1.408942960441e-02  1.470370048935e-04  3.530809700896e-02  1.079200873846e-03  3.543696108864e-02 -3.548856792415e-02 
 4.393354997188e-06  6.501347826270e-02  2.760075798096e-02  5.619108155770e-04  6.892077448720e-02  4.040236141009e-03  6.941991365238e-02 -6.961534675790e-02 
 8.695111863255e-06  1.208290017239e-01  5.460582538563e-02  2.187280027101e-03  1.353843789257e-01  1.510417374993e-02  1.373415790149e-01 -1.381199030213e-01 
 1.729862559539e-05  2.128394415486e-01  1.084765919269e-01  8.551926210203e-03  2.651472924044e-01  5.463623390096e-02  2.728343782946e-01 -2.760264975537e-01 
 2.729862559539e-05  2.927130386233e-01  1.706825310529e-01  2.100813317520e-02  4.103612740873e-01  1.236975721695e-01  4.292913468380e-01 -4.374169943000e-01 
 3.729862559539e-05  3.500958288787e-01  2.322148642062e-01  3.867048772372e-02  5.491475338349e-01  2.105522861821e-01  5.840540985519e-01 -5.993162055197e-01 
 4.729862559539e-05  3.903759807581e-01  2.928307513795e-01  6.127695526084e-02  6.811159920180e-01  3.092450604890e-01  7.365118555608e-01 -7.608949529282e-01 
 5.729862559539e-05  4.175316242618e-01  3.522909693587e-01  8.855298283743e-02  8.058983071242e-01  4.151805961737e-01  8.860629367409e-01 -9.212615182269e-01 
 6.729862559539e-05  4.345039761392e-01  4.103608558282e-01  1.202123283438e-01  9.231494986452e-01  5.247973996447e-01  1.032117132330e+00 -1.079509386090e+00 
 7.729862559539e-05  4.434722345322e-01  4.668112354758e-01  1.559579451568e-01  1.032549472642e+00  6.353215199197e-01  1.174098033167e+00 -1.234746760622e+00 
 8.729862559539e-05  4.460560858715e-01  5.214193244428e-01  1.954829181486e-01  1.133804443758e+00  7.445807083277e-01  1.311445305415e+00 -1.386114167891e+00 
 9.729862559539e-05  4.434648657334e-01  5.739696095501e-01  2.384714476357e-01  1.226648247102e+00  8.508642398519e-01  1.443616902106e+00 -1.532794422043e+00 
 1.072986255954e-04  4.366074038553e-01  6.242546988302e-01  2.845998760895e-01  1.310843538493e+00  9.528172297869e-01  1.570091202506e+00 -1.674017813660e+00 
 1.172986255954e-04  4.261728918646e-01  6.720761400089e-01  3.335377543699e-01  1.386182873975e+00  1.049361005193e+00  1.690369070275e+00 -1.809064415169e+00 
 1.272986255954e-04  4.126903942670e-01  7.172452037053e-01  3.849489421118e-01  1.452489665244e+00  1.139633146347e+00  1.803975823568e+00 -1.937264733667e+00 
 1.372986255954e-04  3.965726140887e-01  7.595836282609e-01  4.384927380597e-01  1.509619014105e+00  1.222942369990e+00  1.910463108448e+00 -2.057999490140e+00 
 1.472986255954e-04  3.781480506295e-01  7.989243232565e-01  4.938250356354e-01  1.557458412368e+00  1.298734605080e+00  2.009410668048e+00 -2.170699008548e+00 
 1.572986255954e-04  3.576845997013e-01  8.351120289420e-01  5.505994987907e-01  1.595928311814e+00  1.366567495279e+00  2.100428001955e+00 -2.274842494401e+00 
 1.672986255954e-04  3.354068393819e-01  8.680039289756e-01  6.084687529365e-01  1.624982557958e+00  1.426091245143e+00  2.183155906037e+00 -2.369957357632e+00 
 1.772986255954e-04  3.115086616017e-01  8.974702140549e-01  6.670855875127e-01  1.644608692965e+00  1.477034226526e+00  2.257267891313e+00 -2.455618653165e+00 
 1.872986255954e-04  2.861624653451e-01  9.233945942145e-01  7.261041617021e-01  1.654828114435e+00  1.519192153122e+00  2.322471471271e+00 -2.531448654375e+00 
 1.972986255954e-04  2.595258164802e-01  9.456747577695e-01  7.851812137524e-01  1.655696104746e+00  1.552419915795e+00  2.378509317408e+00 -2.597116557562e+00 
 2.072986255954e-04  2.317462326318e-01  9.642227750933e-01  8.439772633137e-01  1.647301716264e+00  1.576625402085e+00  2.425160274026e+00 -2.652338288678e+00 
 2.172986255954e-04  2.029645849834e-01  9.789654456353e-01  9.021578057436e-01  1.629767523147e+00  1.591764775803e+00  2.462240230874e+00 -2.696876379025e+00 
 2.272986255954e-04  1.733174795227e-01  9.898445868102e-01  9.593944910448e-01  1.603249238804e+00  1.597838834161e+00  2.489602850517e+00 -2.730539882569e+00 
 2.372986255954e-04  1.429388799879e-01  9.968172636178e-01  1.015366285457e+00  1.567935195984e+00  1.594890140695e+00  2.507140145055e+00 -2.753184293404e+00 
 2.472986255954e-04  1.119611740578e-01  9.998559580885e-01  1.069760606391e+00  1.524045695551e+00  1.583000715589e+00  2.514782902785e+00 -2.764711437193e+00 
 2.572986255954e-04  8.051582498592e-02  9.989486778834e-01  1.122274430934e+00  1.471832229057e+00  1.562290116213e+00  2.512500961311e+00 -2.765069311856e+00 
 2.672986255954e-04  4.873371847498e-02  9.940990036228e-01  1.172615370713e+00  1.411576573504e+00  1.532913778210e+00  2.500303326524e+00 -2.754251850391e+00 
 2.772986255954e-04  1.674528326112e-02  9.853260747557e-01  1.220502708806e+00  1.343589760363e+00  1.495061526773e+00  2.478238136624e+00 -2.732298589646e+00 
 2.872986255954e-04 -1.531955278369e-02  9.726645140241e-01  1.265668394975e+00  1.268210932612e+00  1.448956186185e+00  2.446392473066e+00 -2.699294231199e+00 
 2.972986255954e-04 -4.733153000416e-02  9.561642908238e-01  1.307857994456e+00  1.185806083260e+00  1.394852233585e+00  2.404892016086e+00 -2.655368076564e+00 
 3.072986255954e-04 -7.916231174022e-02  9.358905239975e-01  1.346831589006e+00  1.096766688395e+00  1.333034462761e+00  2.353900548886e+00 -2.600693337253e+00 
 3.172986255954e-04 -1.106848024210e-01  9.119232248407e-01  1.382364621386e+00  1.001508234767e+00  1.263816624647e+00  2.293619311764e+00 -2.535486301667e+00 
 3.272986255954e-04 -1.417735114810e-01  8.843569813336e-01  1.414248685818e+00  9.004686512053e-01  1.187540031038e+00  2.224286206998e+00 -2.460005365354e+00 
 3.372986255954e-04 -1.723049457069e-01  8.533005848454e-01  1.442292256281e+00  7.941066502826e-01  1.104572104523e+00  2.146174860769e+00 -2.374549916897e+00 
 3.472986255954e-04 -2.021580217697e-01  8.188766007848e-01  1.466321351938e+00  6.828999837162e-01  1.015304866363e+00  2.059593542945e+00 -2.279459078695e+00 
 3.572986255954e-04 -2.312144890311e-01  7.812208848901e-01  1.486180137610e+00  5.673436213983e-01  9.201533598825e-01  1.964883950306e+00 -2.175110308020e+00 
 3.672986255954e-04 -2.593593546771e-01  7.404820470685e-01  1.501731454628e+00  4.479478608700e-01  8.195540034212e-01  1.862419858342e+00 -2.061917855700e+00 
 3.772986255954e-04 -2.864813078777e-01  6.968208649012e-01  1.512857281836e+00  3.252363731735e-01  7.139628781006e-01  1.752605646150e+00 -1.940331090734e+00 
 3.872986255954e-04 -3.124731369317e-01  6.504096491274e-01  1.519459122326e+00  1.997441944841e-01  6.038539492292e-01  1.635874699918e+00 -1.810832691293e+00 
 3.972986255954e-04 -3.372321357601e-01  6.014315636123e-01  1.521458319854e+00  7.201567167067e-02  4.897172263591e-01  1.512687703711e+00 -1.673936714706e+00 
 4.072986255954e-04 -3.606604976230e-01  5.500799024836e-01  1.518796294695e+00 -5.739763229940e-02  3.720568646677e-01  1.383530820254e+00 -1.530186540993e+00 
 4.172986255954e-04 -3.826656918973e-01  4.965573272874e-01  1.511434705928e+00 -1.879390618415e-01  2.513892168354e-01  1.248913772870e+00 -1.380152710255e+00 
 4.272986255954e-04 -4.031608231016e-01  4.410750671759e-01  1.499355536187e+00 -3.190490151756e-01  1.282408385014e-01  1.109367833240e+00 -1.224430653864e+00 
 4.372986255954e-04 -4.220649682684e-01  3.838520852822e-01  1.482561097713e+00 -4.501671026228e-01  3.146454716898e-03  9.654437256395e-01 -1.063638329608e+00 
 4.472986255954e-04 -4.393034938257e-01  3.251142145733e-01  1.461073961575e+00 -5.807343109045e-01 -1.233531040634e-01  8.177094527055e-01 -8.984137700304e-01 
 4.572986255954e-04 -4.548083465197e-01  2.650932665900e-01  1.434936807724e+00 -7.101951634977e-01 -2.507129904407e-01  6.667480542092e-01 -7.294125531131e-01 
 4.672986255954e-04 -4.685183209367e-01  2.040261165931e-01  1.404212199850e+00 -8.379998671589e-01 -3.783864442375e-01  5.131553055835e-01 -5.573052054549e-01 
 4.772986255954e-04 -4.803792985040e-01  1.421537687247e-01  1.368982281070e+00 -9.636064396473e-01 -5.058269047877e-01  3.575373675267e-01 -3.827745466804e-01 
 4.872986255954e-04 -4.903444615193e-01  7.972040487494e-02  1.329348398140e+00 -1.086482806131e+00 -6.324901237385e-01  2.005083927943e-01 -2.065129868299e-01 
 4.972986255954e-04 -4.983744758065e-01  1.697242100796e-02  1.285430648830e+00 -1.206108859042e+00 -7.578362680506e-01  4.268810304711e-02 -2.921978809355e-02 
 5.072986255954e-04 -5.044376462465e-01 -4.584254525078e-02  1.237367356895e+00 -1.321978471242e+00 -8.813320087502e-01 -1.153006571476e-01  1.484017044953e-01 
 5.172986255954e-04 -5.085100409924e-01 -1.084765919269e-01  1.185314481379e+00 -1.433601455996e+00 -1.002452583285e+00 -2.728343783238e-01  3.256468403106e-01 
 5.272986255954e-04 -5.105755855329e-01 -1.706825310529e-01  1.129444950260e+00 -1.540505465120e+00 -1.120683826040e+00 -4.292913468671e-01  5.018124540634e-01 
 5.372986255954e-04 -5.106261265464e-01 -2.322148642063e-01  1.069947938202e+00 -1.642237816704e+00 -1.235524157993e+00 -5.840540985810e-01  6.761996415394e-01 
 5.472986255954e-04 -5.086614632746e-01 -2.928307513795e-01  1.007028073422e+00 -1.738367249491e+00 -1.346486527473e+00 -7.365118555608e-01  8.481165248596e-01 
 5.572986255954e-04 -5.046893481631e-01 -3.522909693587e-01  9.409045903012e-01 -1.828485588776e+00 -1.453100295970e+00 -8.860629367409e-01  1.016880986308e+00 
 5.672986255954e-04 -4.987254568841e-01 -4.103608558282e-01  8.718104237923e-01 -1.912209328497e+00 -1.554913058411e+00 -1.032117132330e+00  1.181823364210e+00 
 5.772986255954e-04 -4.907933255890e-01 -4.668112354759e-01  7.999912524829e-01 -1.989181111334e+00 -1.651492394973e+00 -1.174098033167e+00  1.342289098922e+00 
 5.872986255954e-04 -4.809242582414e-01 -5.214193244428e-01  7.257044903236e-01 -2.059071110561e+00 -1.742427542573e+00 -1.311445305415e+00  1.497641319925e+00 
 5.972986255954e-04 -4.691572033335e-01 -5.739696095501e-01  6.492182369111e-01 -2.121578301769e+00 -1.827330982778e+00 -1.443616902106e+00  1.647263360147e+00 
 6.072986255954e-04 -4.555385998683e-01 -6.242546988302e-01  5.708101836499e-01 -2.176431624684e+00 -1.905839941697e+00 -1.570091202506e+00  1.790561195671e+00 
 6.172986255954e-04 -4.401221942389e-01 -6.720761400089e-01  4.907664849306e-01 -2.223391022533e+00 -1.977617788594e+00 -1.690369070275e+00  1.926965790039e+00 
 6.272986255954e-04 -4.229688276537e-01 -7.172452037053e-01  4.093805976445e-01 -2.262248366605e+00 -2.042355336482e+00 -1.803975823568e+00  2.055935342750e+00 
 6.372986255954e-04 -4.041461964953e-01 -7.595836282609e-01  3.269520911854e-01 -2.292828250211e+00 -2.099772030953e+00 -1.910463108448e+00  2.176957428434e+00 
 6.472986255954e-04 -3.837285849731e-01 -7.989243232565e-01  2.437854361488e-01 -2.314988656901e+00 -2.149617033545e+00 -2.009410668048e+00  2.289551024165e+00 
 6.572986255954e-04 -3.617965723970e-01 -8.351120289420e-01  1.601887740544e-01 -2.328621498775e+00 -2.191670180298e+00 -2.100428001955e+00  2.393268405567e+00 
 6.672986255954e-04 -3.384367141989e-01 -8.680039289757e-01  7.647267350694e-02 -2.333653017879e+00 -2.225742829032e+00 -2.183155906154e+00  2.487696918937e+00 
 6.772986255954e-04 -3.137412007782e-01 -8.974702140549e-01 -7.051121882796e-03 -2.330044055358e+00 -2.251678575296e+00 -2.257267891313e+00  2.572460608114e+00 
 6.872986255954e-04 -2.878074942273e-01 -9.233945942145e-01 -9.007094938715e-02 -2.317790186498e+00 -2.269353847485e+00 -2.322471471271e+00  2.647221702213e+00 
 6.972986255954e-04 -2.607379430556e-01 -9.456747577695e-01 -1.722764818696e-01 -2.296921715606e+00 -2.278678366914e+00 -2.378509317408e+00  2.711681945112e+00 
 7.072986255954e-04 -2.326393784897e-01 -9.642227750933e-01 -2.533599761955e-01 -2.267503536306e+00 -2.279595488217e+00 -2.425160274026e+00  2.765583780567e+00 
 7.172986255954e-04 -2.036226925848e-01 -9.789654456353e-01 -3.330175108276e-01 -2.229634857271e+00 -2.272082394920e+00 -2.462240230991e+00  2.808711363487e+00 
 7.272986255954e-04 -1.738024007645e-01 -9.898445868102e-01 -4.109502070351e-01 -2.183448791970e+00 -2.256150169764e+00 -2.489602850517e+00  2.840891413998e+00 
 7.372986255954e-04 -1.432961903920e-01 -9.968172636178e-01 -4.868654299644e-01 -2.129111812450e+00 -2.231843731832e+00 -2.507140145055e+00  2.861993904213e+00 
 7.472986255954e-04 -1.122244554135e-01 -9.998559580885e-01 -5.604779636487e-01 -2.066823078319e+00 -2.199241636787e+00 -2.514782902785e+00  2.871932568119e+00 
 7.572986255954e-04 -8.070982179197e-02 -9.989486778834e-01 -6.315111571457e-01 -1.996813632548e+00 -2.158455750905e+00 -2.512500961311e+00  2.870665247182e+00 
 7.672986255954e-04 -4.887666337891e-02 -9.940990036228e-01 -6.996980342083e-01 -1.919345471775e+00 -2.109630788211e+00 -2.500303326407e+00  2.858194053022e+00 
 7.772986255954e-04 -1.685061118405e-02 -9.853260747557e-01 -7.647823663428e-01 -1.834710498108e+00 -2.052943720249e+00 -2.478238136624e+00  2.834565359515e+00 
 7.872986255954e-04  1.524194273225e-02 -9.726645140241e-01 -8.265197011642e-01 -1.743229351006e+00 -1.988603064558e+00 -2.446392473066e+00  2.799869623511e+00 
 7.972986255954e-04  4.727434364759e-02 -9.561642908238e-01 -8.846783441259e-01 -1.645250127418e+00 -1.916848041350e+00 -2.404892016086e+00  2.754241024864e+00 
 8.072986255954e-04  7.912017444323e-02 -9.358905239975e-01 -9.390402894933e-01 -1.541146993637e+00 -1.837947613327e+00 -2.353900548886e+00  2.697856936949e+00 
 8.172986255954e-04  1.106537537853e-01 -9.119232248407e-01 -9.894020966021e-01 -1.431318693794e+00 -1.752199410228e+00 -2.293619311880e+00  2.630937229296e+00 
 8.272986255954e-04  1.417506335420e-01 -8.843569813336e-01 -1.035575707443e+00 -1.316186964046e+00 -1.659928536974e+00 -2.224286207114e+00  2.553743395901e+00 
 8.372986255954e-04  1.722880882735e-01 -8.533005848454e-01 -1.077389204176e+00 -1.196194854798e+00 -1.561486277496e+00 -2.146174860885e+00  2.466577527089e+00 
 8.472986255954e-04  2.021456006332e-01 -8.188766007848e-01 -1.114687501919e+00 -1.071804968175e+00 -1.457248691935e+00 -2.059593542945e+00  2.369781114096e+00 
 8.572986255954e-04  2.312053366040e-01 -7.812208848901e-01 -1.147332973080e+00 -9.434976227349e-01 -1.347615121398e+00 -1.964883950306e+00  2.263733702939e+00 
 8.672986255954e-04  2.593526107667e-01 -7.404820470685e-01 -1.175206005340e+00 -8.117689440260e-01 -1.233006596332e+00 -1.862419858342e+00  2.148851395501e+00 
 8.772986255954e-04  2.864763386897e-01 -6.968208649012e-01 -1.198205484776e+00 -6.771288962336e-01 -1.113864163402e+00 -1.752605646034e+00  2.025585207148e+00 
 8.872986255954e-04  3.124694754370e-01 -6.504096491274e-01 -1.216249208897e+00 -5.400992578361e-01 -9.906471306458e-01 -1.635874699918e+00  1.894419286429e+00 
 8.972986255954e-04  3.372294376604e-01 -6.014315636123e-01 -1.229274221696e+00 -4.012115526712e-01 -8.638312452240e-01 -1.512687703827e+00  1.755869005784e+00 
 9.072986255954e-04  3.606585095986e-01 -5.500799024836e-01 -1.237237072550e+00 -2.610049411596e-01 -7.339068016736e-01 -1.383530820371e+00  1.610478922709e+00 
 9.172986255954e-04  3.826642271015e-01 -4.965573272874e-01 -1.240114000859e+00 -1.200240828475e-01 -6.013766969554e-01 -1.248913772870e+00  1.458820635430e+00 
 9.272986255954e-04  4.031597436988e-01 -4.410750671759e-01 -1.237901038956e+00  2.118302274175e-02 -4.667544349795e-01 -1.109367833298e+00  1.301490524275e+00 
 9.372986255954e-04  4.220641730353e-01 -3.838520852822e-01 -1.230614036787e+00  1.620672083518e-01 -3.305620883475e-01 -9.654437256395e-01  1.139107395670e+00 
 9.472986255954e-04  4.393029079074e-01 -3.251142145733e-01 -1.218288611853e+00  3.020803148393e-01 -1.933282284881e-01 -8.177094527055e-01  9.723100431940e-01 
 9.572986255954e-04  4.548079147353e-01 -2.650932665900e-01 -1.200980016263e+00  4.406773638912e-01 -5.558582990489e-02 -6.667480542092e-01  8.017547244139e-01 
 9.672986255954e-04  4.685180027154e-01 -2.040261165931e-01 -1.178762928117e+00  5.773187169107e-01  8.212984351849e-02 -5.131553056126e-01  6.281125694329e-01 
 9.772986255954e-04  4.803790641017e-01 -1.421537687247e-01 -1.151731164427e+00  7.114722122205e-01  2.192833596200e-01 -3.575373675267e-01  4.520669324380e-01 
 9.872986255954e-04  4.903442888171e-01 -7.972040487493e-02 -1.119997322327e+00  8.426152747124e-01  3.553412402980e-01 -2.005083927943e-01  2.743106959686e-01 
 9.972986255954e-04  4.983743485645e-01 -1.697242100795e-02 -1.083692339016e+00  9.702369843144e-01  4.897740757442e-01 -4.268810304711e-02  9.554353253325e-02 
 1.007298625595e-03  5.044375524740e-01  4.584254525079e-02 -1.042964986176e+00  1.093840100570e+00  6.220586217241e-01  1.153006571476e-01 -8.353085389846e-02 
 1.017298625595e-03  5.085099717253e-01  1.084765919269e-01 -9.979812873062e-01  1.212943031918e+00  7.516798729775e-01  2.728343783092e-01 -2.622075085666e-01 
 1.027298625595e-03  5.105755346594e-01  1.706825310529e-01 -9.489238725509e-01  1.327081743395e+00  8.781331037171e-01  4.292913468380e-01 -4.397830066936e-01 
 1.037298625595e-03  5.106260892353e-01  2.322148642063e-01 -8.959912633291e-01  1.435811594594e+00  1.000925866538e+00  5.840540985810e-01 -6.155582302111e-01 
 1.047298625595e-03  5.086614357424e-01  2.928307513795e-01 -8.393970957259e-01  1.538709099870e+00  1.119579944294e+00  7.365118556190e-01 -7.888411289460e-01 
 1.057298625595e-03  5.046893279068e-01  3.522909693587e-01 -7.793692843989e-01  1.635373608209e+00  1.233633243479e+00  8.860629367991e-01 -9.589494511890e-01 
 1.067298625595e-03  4.987254418666e-01  4.103608558282e-01 -7.161491292063e-01  1.725428887876e+00  1.342641624855e+00  1.032117132330e+00 -1.125213436661e+00 
 1.077298625595e-03  4.907933145296e-01  4.668112354759e-01 -6.499903685180e-01  1.808524620021e+00  1.446180663770e+00  1.174098033109e+00 -1.286978461868e+00 
 1.087298625595e-03  4.809242500341e-01  5.214193244428e-01 -5.811581840971e-01  1.884337782627e+00  1.543847330613e+00  1.311445305357e+00 -1.443607622120e+00 
 1.097298625595e-03  4.691571973381e-01  5.739696095501e-01 -5.099281598814e-01  1.952573935967e+00  1.635261588031e+00  1.443616902106e+00 -1.594484247551e+00 
 1.107298625595e-03  4.555385955027e-01  6.242546988302e-01 -4.365852003102e-01  2.012968384661e+00  1.720067896880e+00  1.570091202506e+00 -1.739014336015e+00 
 1.117298625595e-03  4.401221909793e-01  6.720761400089e-01 -3.614224101766e-01  2.065287233097e+00  1.797936625080e+00  1.690369070275e+00 -1.876628899367e+00 
 1.127298625595e-03  4.229688251507e-01  7.172452037053e-01 -2.847399437451e-01  2.109328307677e+00  1.868565354031e+00  1.803975823452e+00 -2.006786208291e+00 
 1.137298625595e-03  4.041461947490e-01  7.595836282609e-01 -2.068438246497e-01  2.144921964034e+00  1.931680077687e+00  1.910463108448e+00 -2.128973931891e+00 
 1.147298625595e-03  3.837285837508e-01  7.989243232565e-01 -1.280447429745e-01  2.171931757126e+00  1.987036288949e+00  2.009410668048e+00 -2.242711158880e+00 
 1.157298625595e-03  3.617965714657e-01  8.351120289420e-01 -4.865683335083e-02  2.190254989546e+00  2.034419950796e+00  2.100428001955e+00 -2.347550298710e+00 
 1.167298625595e-03  3.384367133840e-01  8.680039289757e-01  3.100356025607e-02  2.199823115021e+00  2.073648343096e+00  2.183155906037e+00 -2.443078844420e+00 
 1.177298625595e-03  3.137412001961e-01  8.974702140549e-01  1.106191289437e-01  2.200602018740e+00  2.104570792988e+00  2.257267891197e+00 -2.528921006444e+00 
 1.187298625595e-03  2.878074938199e-01  9.233945942145e-01  1.898728470842e-01  2.192592150997e+00  2.127069269773e+00  2.322471471154e+00 -2.604739191720e+00 
 1.197298625595e-03  2.607379429683e-01  9.456747577695e-01  2.684492196422e-01  2.175828533247e+00  2.141058857087e+00  2.378509317525e+00 -2.670235338756e+00 
 1.207298625595e-03  2.326393784024e-01  9.642227750933e-01  3.460355235729e-01  2.150380622596e+00  2.146488093305e+00  2.425160274142e+00 -2.725152094672e+00 
 1.217298625595e-03  2.036226922646e-01  9.789654456353e-01  4.223230382777e-01  2.116352039389e+00  2.143339176197e+00  2.462240230874e+00 -2.769273829644e+00 
 1.227298625595e-03  1.738024007645e-01  9.898445868102e-01  4.970082608052e-01  2.073880164418e+00  2.131628040224e+00  2.489602850634e+00 -2.802427492084e+00 
 1.237298625595e-03  1.432961903338e-01  9.968172636179e-01  5.697940998944e-01  2.023135598982e+00  2.111404294614e+00  2.507140145055e+00 -2.824483286909e+00 
 1.247298625595e-03  1.122244553408e-01  9.998559580885e-01  6.403910455992e-01  1.964321495267e+00  2.082751033828e+00  2.514782902785e+00 -2.835355193347e+00 
 1.257298625595e-03  8.070982185018e-02  9.989486778834e-01  7.085183088202e-01  1.897672756808e+00  2.045784512069e+00  2.512500961428e+00 -2.835001302734e+00 
 1.267298625595e-03  4.887666341529e-02  9.940990036228e-01  7.739049259108e-01  1.823455116712e+00  2.000653687632e+00  2.500303326524e+00 -2.823423983262e+00 
 1.277298625595e-03  1.685061111129e-02  9.853260747557e-01  8.362908255076e-01  1.741964088986e+00  1.947539639892e+00  2.478238136624e+00 -2.800669873831e+00 
 1.287298625595e-03 -1.524194288868e-02  9.726645140241e-01  8.954278527526e-01  1.653523807647e+00  1.886654855683e+00  2.446392472950e+00 -2.766829698229e+00 
 1.297298625595e-03 -4.727434366214e-02  9.561642908238e-01  9.510807448532e-01  1.558485749643e+00  1.818242396461e+00  2.404892016086e+00 -2.722037909500e+00 
 1.307298625595e-03 -7.912017434137e-02  9.358905239975e-01  1.003028057516e+00  1.457227349048e+00  1.742574940203e+00  2.353900549002e+00 -2.666472157488e+00 
 1.317298625595e-03 -1.106537539163e-01  9.119232248407e-01  1.051063036546e+00  1.350150513230e+00  1.659953709925e+00  2.293619311764e+00 -2.600352591144e+00 
 1.327298625595e-03 -1.417506335420e-01  8.843569813336e-01  1.094994431362e+00  1.237680035178e+00  1.570707286010e+00  2.224286207114e+00 -2.523940988065e+00 
 1.337298625595e-03 -1.722880882735e-01  8.533005848454e-01  1.134647247382e+00  1.120261923643e+00  1.475190313300e+00  2.146174860885e+00 -2.437539722249e+00 
 1.347298625595e-03 -2.021456006332e-01  8.188766007848e-01  1.169863434276e+00  9.983616414247e-01  1.373782103648e+00  2.059593542945e+00 -2.341490571329e+00 
 1.357298625595e-03 -2.312053365749e-01  7.812208848901e-01  1.200502507854e+00  8.724622738082e-01  1.266885142541e+00  1.964883950306e+00 -2.236173369126e+00 
 1.367298625595e-03 -2.593526107667e-01  7.404820470685e-01  1.226442102343e+00  7.430626229616e-01  1.154923502123e+00  1.862419858342e+00 -2.122004505681e+00 
 1.377298625595e-03 -2.864763388061e-01  6.968208649012e-01  1.247578451177e+00  6.106752413325e-01  1.038341170410e+00  1.752605646034e+00 -1.999435285040e+00 
 1.387298625595e-03 -3.124694753787e-01  6.504096491274e-01  1.263826794690e+00  4.758244113764e-01  9.176003015600e-01  1.635874699918e+00 -1.868950145070e+00 
 1.397298625595e-03 -3.372294376604e-01  6.014315636123e-01  1.275121713290e+00  3.390440783114e-01  7.931793939788e-01  1.512687703827e+00 -1.731064745349e+00 
 1.407298625595e-03 -3.606585096568e-01  5.500799024836e-01  1.281417382881e+00  2.008757446310e-01  6.655714046210e-01  1.383530820371e+00 -1.586323932550e+00 
 1.417298625595e-03 -3.826642270433e-01  4.965573272874e-01  1.282687754370e+00  6.186633540347e-02  5.352818048559e-01  1.248913772870e+00 -1.435299590985e+00 
 1.427298625595e-03 -4.031597437570e-01  4.410750671759e-01  1.278926655883e+00 -7.743395888247e-02  4.028265884845e-01  1.109367833240e+00 -1.278588386257e+00 
 1.437298625595e-03 -4.220641729771e-01  3.838520852822e-01  1.270147813251e+00 -2.164738514402e-01  2.687302367412e-01  9.654437256395e-01 -1.116809409778e+00 
 1.447298625595e-03 -4.393029077910e-01  3.251142145733e-01  1.256384796463e+00 -3.547031336348e-01  1.335236507875e-01  8.177094527055e-01 -9.506017370526e-01 
 1.457298625595e-03 -4.548079147935e-01  2.650932665900e-01  1.237690885086e+00 -4.915748443455e-01 -2.257942006509e-03  6.667480541510e-01 -7.806219057980e-01 
 1.467298625595e-03 -4.685180027154e-01  2.040261165931e-01  1.214138855925e+00 -6.265474273823e-01 -1.380770982942e-01  5.131553056126e-01 -6.075413247499e-01 
 1.477298625595e-03 -4.803790641017e-01  1.421537687246e-01  1.185820695013e+00 -7.590868667467e-01 -2.733962780912e-01  3.575373675267e-01 -4.320436246453e-01 
 1.487298625595e-03 -4.903442887589e-01  7.972040487492e-02  1.152847233694e+00 -8.886687929044e-01 -4.076799649047e-01  2.005083927943e-01 -2.548219607426e-01 
 1.497298625595e-03 -4.983743485645e-01  1.697242100794e-02  1.115347708343e+00 -1.014780551079e+00 -5.403967765160e-01  4.268810304711e-02 -7.657627695696e-02 
 1.507298625595e-03 -5.044375525322e-01 -4.584254525080e-02  1.073469250696e+00 -1.136923222337e+00 -6.710215617204e-01 -1.153006571476e-01  1.019894555990e-01 
 1.517298625595e-03 -5.085099717835e-01 -1.084765919269e-01  1.027376306010e+00 -1.254613592755e+00 -7.990374705987e-01 -2.728343783092e-01  2.801700156917e-01 
 1.527298625595e-03 -5.105755346594e-01 -1.706825310529e-01  9.772499816027e-01 -1.367386056110e+00 -9.239379932405e-01 -4.292913468380e-01  4.572617172505e-01 
 1.537298625595e-03 -5.106260891189e-01 -2.322148642063e-01  9.232873320580e-01 -1.474794454407e+00 -1.045228956500e+00 -5.840540985519e-01  6.325651833003e-01 
 1.547298625595e-03 -5.086614356260e-01 -2.928307513795e-01  8.657005800633e-01 -1.576413833303e+00 -1.162430474069e+00 -7.365118555608e-01  8.053881080792e-01 
 1.557298625595e-03 -5.046893278486e-01 -3.522909693587e-01  8.047162785660e-01 -1.671842120588e+00 -1.275078837760e+00 -8.860629367409e-01  9.750479868504e-01 
 1.567298625595e-03 -4.987254419830e-01 -4.103608558282e-01  7.405744144926e-01 -1.760701711988e+00 -1.382728347322e+00 -1.032117132330e+00  1.140874811313e+00 
 1.577298625595e-03 -4.907933144714e-01 -4.668112354759e-01  6.735274615930e-01 -1.842640957562e+00 -1.484953067498e+00 -1.174098033109e+00  1.302213711522e+00 
 1.587298625595e-03 -4.809242500924e-01 -5.214193244429e-01  6.038393827621e-01 -1.917335551931e+00 -1.581348508131e+00 -1.311445305357e+00  1.458427541751e+00 
 1.597298625595e-03 -4.691571972799e-01 -5.739696095501e-01  5.317845877726e-01 -1.984489810886e+00 -1.671533218585e+00 -1.443616902106e+00  1.608899392495e+00 
 1.607298625595e-03 -4.555385955609e-01 -6.242546988302e-01  4.576468489831e-01 -2.043837838108e+00 -1.755150293466e+00 -1.570091202506e+00  1.753035027903e+00 
 1.617298625595e-03 -4.401221909793e-01 -6.720761400089e-01  3.817181806662e-01 -2.095144572901e+00 -1.831868779380e+00 -1.690369070275e+00  1.890265228632e+00 
 1.627298625595e-03 -4.229688250925e-01 -7.172452037053e-01  3.042976862052e-01 -2.138206718024e+00 -1.901384978555e+00 -1.803975823452e+00  2.020048037250e+00 
 1.637298625595e-03 -4.041461946326e-01 -7.595836282609e-01  2.256903765374e-01 -2.172853541095e+00 -1.963423648849e+00 -1.910463108332e+00  2.141870899461e+00 
 1.647298625595e-03 -3.837285837508e-01 -7.989243232565e-01  1.462059656915e-01 -2.198947545607e+00 -2.017739087343e+00 -2.009410668048e+00  2.255252684392e+00 
 1.657298625595e-03 -3.617965715239e-01 -8.351120289420e-01  6.615764799062e-02 -2.216385013890e+00 -2.064116099849e+00 -2.100428001955e+00  2.359745584400e+00 
 1.667298625595e-03 -3.384367133258e-01 -8.680039289757e-01 -1.413913889519e-02 -2.225096417591e+00 -2.102370848414e+00 -2.183155906037e+00  2.454936880887e+00 
 1.677298625595e-03 -3.137412003707e-01 -8.974702140549e-01 -9.436795927468e-02 -2.225046688225e+00 -2.132351576816e+00 -2.257267891313e+00  2.540450574659e+00 
 1.687298625595e-03 -2.878074939363e-01 -9.233945942145e-01 -1.742126290628e-01 -2.216235355940e+00 -2.153939207550e+00 -2.322471471271e+00  2.615948866754e+00 
 1.697298625595e-03 -2.607379427936e-01 -9.456747577695e-01 -2.533584641060e-01 -2.198696551379e+00 -2.167047814000e+00 -2.378509317408e+00  2.681133496366e+00 
 1.707298625595e-03 -2.326393784024e-01 -9.642227750933e-01 -3.314935227390e-01 -2.172498869244e+00 -2.171624953393e+00 -2.425160274142e+00  2.735746911547e+00 
 1.717298625595e-03 -2.036226922646e-01 -9.789654456353e-01 -4.083098374540e-01 -2.137745097745e+00 -2.167651876807e+00 -2.462240230874e+00  2.779573288233e+00 
 1.727298625595e-03 -1.738024007063e-01 -9.898445868102e-01 -4.835046309163e-01 -2.094571811147e+00 -2.155143602751e+00 -2.489602850517e+00  2.812439384616e+00 
 1.737298625595e-03 -1.432961903629e-01 -9.968172636179e-01 -5.567815110553e-01 -2.043148830999e+00 -2.134148855228e+00 -2.507140145055e+00  2.834215219785e+00 
 1.747298625595e-03 -1.122244553553e-01 -9.998559580885e-01 -6.278516419698e-01 -1.983678555582e+00 -2.104749870952e+00 -2.514782902785e+00  2.844814589019e+00 
 1.757298625595e-03 -8.070982185018e-02 -9.989486778834e-01 -6.964348834008e-01 -1.916395159671e+00 -2.067062076181e+00 -2.512500961428e+00  2.844195404651e+00 
 1.767298625595e-03 -4.887666342984e-02 -9.940990036228e-01 -7.622608976671e-01 -1.841563670198e+00 -2.021233626641e+00 -2.500303326524e+00  2.832359858299e+00 
 1.777298625595e-03 -1.685061111857e-02 -9.853260747556e-01 -8.250702166697e-01 -1.759478919208e+00 -1.967444826616e+00 -2.478238136624e+00  2.809354416987e+00 
 1.787298625595e-03  1.524194288322e-02 -9.726645140241e-01 -8.846152661135e-01 -1.670464381343e+00 -1.905907413224e+00 -2.446392472950e+00  2.775269635376e+00 
 1.797298625595e-03  4.727434365486e-02 -9.561642908238e-01 -9.406613429310e-01 -1.574870894663e+00 -1.836863722652e+00 -2.404892016086e+00  2.730239800969e+00 
 1.807298625595e-03  7.912017442868e-02 -9.358905239975e-01 -9.929875429953e-01 -1.473075276474e+00 -1.760585731361e+00 -2.353900548886e+00  2.674442402158e+00 
 1.817298625595e-03  1.106537538872e-01 -9.119232248407e-01 -1.041387631674e+00 -1.365478836233e+00 -1.677373983664e+00 -2.293619311764e+00  2.608097429062e+00 
 1.827298625595e-03  1.417506334838e-01 -8.843569813336e-01 -1.085670859553e+00 -1.252505790442e+00 -1.587556403130e+00 -2.224286207114e+00  2.531466503333e+00 
 1.837298625595e-03  1.722880883317e-01 -8.533005848454e-01 -1.125662714476e+00 -1.134601588361e+00 -1.491487000138e+00 -2.146174860769e+00  2.444851846874e+00 
 1.847298625595e-03  2.021456006041e-01 -8.188766007848e-01 -1.161205611657e+00 -1.012231153087e+00 -1.389544473030e+00 -2.059593542945e+00  2.348595089703e+00 
 1.857298625595e-03  2.312053365749e-01 -7.812208848901e-01 -1.192159515107e+00 -8.858770475490e-01 -1.282130712643e+00 -1.964883950306e+00  2.243075918872e+00 
 1.867298625595e-03  2.593526107084e-01 -7.404820470685e-01 -1.218402491184e+00 -7.560375680914e-01 -1.169669217663e+00 -1.862419858342e+00  2.128710583296e+00 
 1.877298625595e-03  2.864763386315e-01 -6.968208649012e-01 -1.239831189392e+00 -6.232247783337e-01 -1.052603419870e+00 -1.752605646034e+00  2.005950246830e+00 
 1.887298625595e-03  3.124694753205e-01 -6.504096491274e-01 -1.256361251697e+00 -4.879624881432e-01 -9.313949361676e-01 -1.635874699918e+00  1.875279211427e+00 
 1.897298625595e-03  3.372294378350e-01 -6.014315636123e-01 -1.267927644541e+00 -3.507841852261e-01 -8.065217453986e-01 -1.512687703711e+00  1.737213003253e+00 
 1.907298625595e-03  3.606585095986e-01 -5.500799024836e-01 -1.274484916590e+00 -2.122309301340e-01 -6.784763019532e-01 -1.383530820371e+00  1.592296339759e+00 
 1.917298625595e-03  3.826642270433e-01 -4.965573272874e-01 -1.276007377775e+00 -7.284921972314e-02 -5.477635908173e-01 -1.248913772870e+00  1.441100977146e+00 
 1.927298625595e-03  4.031597436988e-01 -4.410750671759e-01 -1.272489202209e+00  6.681116910477e-02 -4.148991355323e-01 -1.109367833240e+00  1.284223457149e+00 
 1.937298625595e-03  4.220641729771e-01 -3.838520852822e-01 -1.263944448438e+00  2.061993498646e-01 -2.804069626727e-01 -9.654437256395e-01  1.122282749002e+00 
 1.947298625595e-03  4.393029077910e-01 -3.251142145733e-01 -1.250407008687e+00  3.447655009222e-01 -1.448175332043e-01 -8.177094527055e-01  9.559178104291e-01 
 1.957298625595e-03  4.548079147935e-01 -2.650932665900e-01 -1.231930471491e+00  4.819630357088e-01 -8.665649154864e-03 -6.667480541510e-01  7.857850627122e-01 
 1.967298625595e-03  4.685180027154e-01 -2.040261165931e-01 -1.208587911911e+00  6.172507599695e-01  1.275116576726e-01 -5.131553056126e-01  6.125558013001e-01 
 1.977298625595e-03  4.803790641017e-01 -1.421537687246e-01 -1.180471603759e+00  7.500950081740e-01  2.631772454479e-01 -3.575373675267e-01  4.369135465548e-01 
 1.987298625595e-03  4.903442887589e-01 -7.972040487491e-02 -1.147692654748e+00  8.799717492657e-01  3.977959823678e-01 -2.005083927943e-01  2.595513454154e-01 
 1.997298625595e-03  4.983743485645e-01 -1.697242100793e-02 -1.110380568309e+00  1.006368656526e+00  5.308368590195e-01 -4.268810304347e-02  8.116903604860e-02 
 2.007298625595e-03  5.044375524740e-01  4.584254525080e-02 -1.068682734389e+00  1.128787127789e+00  6.617750842124e-01  1.153006571549e-01 -9.752951217949e-02 
 2.017298625595e-03  5.085099717835e-01  1.084765919269e-01 -1.022763844696e+00  1.246744255070e+00  7.900941562839e-01  2.728343783238e-01 -2.758391800148e-01 
 2.027298625595e-03  5.105755346594e-01  1.706825310529e-01 -9.728052460123e-01  1.359774729703e+00  9.152879023459e-01  4.292913468671e-01 -4.530563787675e-01 
 2.037298625595e-03  5.106260890607e-01  2.322148642063e-01 -9.190042231930e-01  1.467432679608e+00  1.036862475215e+00  5.840540985519e-01 -6.284818271558e-01 
 2.047298625595e-03  5.086614356842e-01  2.928307513795e-01 -8.615732205799e-01  1.569293427980e+00  1.154338303721e+00  7.365118555608e-01 -8.014233131316e-01 
 2.057298625595e-03  5.046893279068e-01  3.522909693587e-01 -8.007390048588e-01  1.664955171291e+00  1.267251984216e+00  8.860629367409e-01 -9.711984224706e-01 
 2.067298625595e-03  4.987254419830e-01  4.103608558282e-01 -7.367417688947e-01  1.754040563945e+00  1.375158112030e+00  1.032117132330e+00 -1.137137236570e+00 
 2.077298625595e-03  4.907933145296e-01  4.668112354759e-01 -6.698341850424e-01  1.836198208155e+00  1.477631036425e+00  1.174098033167e+00 -1.298584971572e+00 
 2.087298625595e-03  4.809242500924e-01  5.214193244429e-01 -6.002804071177e-01  1.911104040220e+00  1.574266543612e+00  1.311445305415e+00 -1.454904566968e+00 
 2.097298625595e-03  4.691571973381e-01  5.739696095501e-01 -5.283550294116e-01  1.978462611092e+00  1.664683449781e+00  1.443616902106e+00 -1.605479195790e+00 
 2.107298625595e-03  4.555385955027e-01  6.242546988302e-01 -4.543420018745e-01  2.038008251460e+00  1.748525107279e+00  1.570091202506e+00 -1.749714702049e+00 
 2.117298625595e-03  4.401221909211e-01  6.720761400089e-01 -3.785335098510e-01  2.089506120421e+00  1.825460812310e+00  1.690369070275e+00 -1.887041945212e+00 
 2.127298625595e-03  4.229688252672e-01  7.172452037053e-01 -3.012288215687e-01  2.132753132842e+00  1.895187108777e+00  1.803975823568e+00 -2.016919044800e+00 
 2.137298625595e-03  4.041461946908e-01  7.595836282609e-01 -2.227331069880e-01  2.167578761466e+00  1.957428987836e+00  1.910463108332e+00 -2.138833520205e+00 
 2.147298625595e-03  3.837285836926e-01  7.989243232565e-01 -1.433562332240e-01  2.193845709786e+00  2.011940972647e+00  2.009410668048e+00 -2.252304313898e+00 
 2.157298625595e-03  3.617965714657e-01  8.351120289420e-01 -6.341154214169e-02  2.211450451985e+00  2.058508087648e+00  2.100428001955e+00 -2.356883689437e+00 
 2.167298625595e-03  3.384367135004e-01  8.680039289757e-01  1.678538634224e-02  2.220323644113e+00  2.096946705133e+00  2.183155906154e+00 -2.452158996339e+00 
 2.177298625595e-03  3.137412002543e-01  8.974702140549e-01  9.691797955020e-02  2.220430399291e+00  2.127105274703e+00  2.257267891313e+00 -2.537754303491e+00 
 2.187298625595e-03  2.878074938781e-01  9.233945942145e-01  1.766699213185e-01  2.211770420428e+00  2.148864916060e+00  2.322471471271e+00 -2.613331877929e+00 
 2.197298625595e-03  2.607379428810e-01  9.456747577695e-01  2.557264002971e-01  2.194378007203e+00  2.162139891181e+00  2.378509317525e+00 -2.678593519985e+00 
 2.207298625595e-03  2.326393782569e-01  9.642227750933e-01  3.337753521046e-01  2.168321916834e+00  2.166877946351e+00  2.425160274026e+00 -2.733281743585e+00 
 2.217298625595e-03  2.036226923810e-01  9.789654456353e-01  4.105086912750e-01  2.133705094457e+00  2.163060509134e+00  2.462240230991e+00 -2.777180784067e+00 
 2.227298625595e-03  1.738024006772e-01  9.898445868102e-01  4.856235263869e-01  2.090664267074e+00  2.150702772196e+00  2.489602850517e+00 -2.810117458791e+00 
 2.237298625595e-03  1.432961903338e-01  9.968172636179e-01  5.588233558228e-01  2.039369403152e+00  2.129853626247e+00  2.507140145055e+00 -2.831961844557e+00 
 2.247298625595e-03  1.122244554572e-01  9.998559580885e-01  6.298192377435e-01  1.980023043696e+00  2.100595469121e+00  2.514782902901e+00 -2.842627791810e+00 
 2.257298625595e-03  8.070982180652e-02  9.989486778834e-01  6.983309303178e-01  1.912859500386e+00  2.063043883536e+00  2.512500961428e+00 -2.842073267367e+00 
 2.267298625595e-03  4.887666329887e-02  9.940990036228e-01  7.640879973769e-01  1.838143933797e+00  2.017347177956e+00  2.500303326407e+00 -2.830300517430e+00 
 2.277298625595e-03  1.685061112221e-02  9.853260747556e-01  8.268308764091e-01  1.756171305664e+00  1.963685802650e+00  2.478238136624e+00 -2.807356060757e+00 
 2.287298625595e-03 -1.524194277590e-02  9.726645140241e-01  8.863119017333e-01  1.667265214026e+00  1.902271635830e+00  2.446392473066e+00 -2.773330501466e+00 
 2.297298625595e-03 -4.727434368397e-02  9.561642908238e-01  9.422962828539e-01  1.571776618017e+00  1.833347151289e+00  2.404892016086e+00 -2.728358177026e+00 
 2.307298625595e-03 -7.912017435592e-02  9.358905239975e-01  9.945630305447e-01  1.470082451589e+00  1.757184457500e+00  2.353900549002e+00 -2.672616623222e+00 
 2.317298625595e-03 -1.106537538290e-01  9.119232248407e-01  1.042905828799e+00  1.362584136659e+00  1.674084226601e+00  2.293619311880e+00 -2.606325876267e+00 
 2.327298625595e-03 -1.417506335711e-01  8.843569813336e-01  1.087133849273e+00  1.249705999158e+00  1.584374506958e+00  2.224286207114e+00 -2.529747603669e+00 
 2.337298625595e-03 -1.722880882444e-01  8.533005848454e-01  1.127072504489e+00  1.131893593352e+00  1.488409428392e+00  2.146174860885e+00 -2.443184071900e+00 
 2.347298625595e-03 -2.021456006332e-01  8.188766007848e-01  1.162564136786e+00  1.009611945017e+00  1.386567805195e+00  2.059593542945e+00 -2.346976953441e+00 
 2.357298625595e-03 -2.312053365167e-01  7.812208848901e-01  1.193468639627e+00  8.833437151043e-01  1.279251640895e+00  1.964883950423e+00 -2.241505977982e+00 
 2.367298625595e-03 -2.593526108831e-01  7.404820470685e-01  1.219664010918e+00  7.535872956505e-01  1.166884541512e+00  1.862419858226e+00 -2.127187432797e+00 
 2.377298625595e-03 -2.864763386315e-01  6.968208649012e-01  1.241046835668e+00  6.208548429422e-01  1.049910044530e+00  1.752605646150e+00 -2.004472523677e+00 
 2.387298625595e-03 -3.124694753787e-01  6.504096491274e-01  1.257532692980e+00  4.856702554389e-01  9.287898682524e-01  1.635874699918e+00 -1.873845590471e+00 
 2.397298625595e-03 -3.372294378350e-01  6.014315636123e-01  1.269056487828e+00  3.485671076342e-01  8.040020897752e-01  1.512687703711e+00 -1.735822196480e+00 
 2.407298625595e-03 -3.606585097150e-01  5.500799024836e-01  1.275572710903e+00  2.100865434913e-01  6.760392577853e-01  1.383530820254e+00 -1.590947095185e+00 
 2.417298625595e-03 -3.826642269851e-01  4.965573272874e-01  1.277055616258e+00  7.077514094999e-02  5.454064498190e-01  1.248913772870e+00 -1.439792079923e+00 
 2.427298625595e-03 -4.031597436988e-01  4.410750671759e-01  1.273499322124e+00 -6.881724523555e-02  4.126192778349e-01  1.109367833298e+00 -1.282953724445e+00 
 2.437298625595e-03 -4.220641729771e-01  3.838520852822e-01  1.264917837223e+00 -2.081396530557e-01  2.782018543221e-01  9.654437256395e-01 -1.121051034364e+00 
 2.447298625595e-03 -4.393029078492e-01  3.251142145733e-01  1.251345001627e+00 -3.466421876219e-01  1.426847235416e-01  8.177094527055e-01 -9.547229984272e-01 
 2.457298625595e-03 -4.548079146771e-01  2.650932665900e-01  1.232834355440e+00 -4.837781916140e-01  6.602767705772e-03  6.667480542092e-01 -7.846260699644e-01 
 2.467298625595e-03 -4.685180027736e-01  2.040261165931e-01  1.209458927391e+00 -6.190064026741e-01 -1.295069036714e-01  5.131553056126e-01 -6.114315752197e-01 
 2.477298625595e-03 -4.803790641017e-01  1.421537687246e-01  1.181310945889e+00 -7.517930886243e-01 -2.651070735301e-01  3.575373675267e-01 -4.358230649649e-01 
 2.487298625595e-03 -4.903442887589e-01  7.972040487490e-02  1.148501475342e+00 -8.816141552525e-01 -3.996625374421e-01  2.005083927943e-01 -2.584936151662e-01 
 2.497298625595e-03 -4.983743485645e-01  1.697242100792e-02  1.111159977270e+00 -1.007957212976e+00 -5.326422157232e-01  4.268810304711e-02 -8.014309241021e-02 
 2.507298625595e-03 -5.044375525322e-01 -4.584254525081e-02  1.069433801109e+00 -1.130323600490e+00 -6.635212487308e-01 -1.153006571403e-01  9.852460605562e-02 
 2.517298625595e-03 -5.085099717835e-01 -1.084765919269e-01  1.023487600032e+00 -1.248230351601e+00 -7.917830694932e-01 -2.728343783092e-01  2.768043340272e-01 
 2.527298625595e-03 -5.105755347176e-01 -1.706825310529e-01  9.735026829876e-01 -1.361212101765e+00 -9.169214413268e-01 -4.292913468671e-01  4.539924770870e-01 
 2.537298625595e-03 -5.106260890607e-01 -2.322148642063e-01  9.196762988577e-01 -1.468822924653e+00 -1.038442455581e+00 -5.840540985810e-01  6.293897282255e-01 
 2.547298625595e-03 -5.086614357424e-01 -2.928307513795e-01  8.622208570596e-01 -1.570638091303e+00 -1.155866481597e+00 -7.365118556190e-01  8.023038510640e-01 
 2.557298625595e-03 -5.046893279068e-01 -3.522909693587e-01  8.013630911009e-01 -1.666255747434e+00 -1.268730057869e+00 -8.860629367409e-01  9.720524064654e-01 
 2.567298625595e-03 -4.987254419830e-01 -4.103608558282e-01  7.373431610176e-01 -1.755298498087e+00 -1.376587724080e+00 -1.032117132330e+00  1.137965453184e+00 
 2.577298625595e-03 -4.907933145296e-01 -4.668112354759e-01  6.704137081979e-01 -1.837414898444e+00 -1.479013776174e+00 -1.174098033167e+00  1.299388184953e+00 
 2.587298625595e-03 -4.809242500924e-01 -5.214193244429e-01  6.008388568880e-01 -1.912280839169e+00 -1.575603947276e+00 -1.311445305415e+00  1.455683517747e+00 
 2.597298625595e-03 -4.691571972799e-01 -5.739696095501e-01  5.288931719260e-01 -1.979600826278e+00 -1.665977004450e+00 -1.443616902106e+00  1.606234604865e+00 
 2.607298625595e-03 -4.555385955027e-01 -6.242546988302e-01  4.548605753807e-01 -2.039109148085e+00 -1.749776250217e+00 -1.570091202506e+00  1.750447268550e+00 
 2.617298625595e-03 -4.401221909793e-01 -6.720761400089e-01  3.790332262288e-01 -2.090570922242e+00 -1.826670934213e+00 -1.690369070275e+00  1.887752347954e+00 
 2.627298625595e-03 -4.229688252672e-01 -7.172452037053e-01  3.017103664461e-01 -2.133783023804e+00 -1.896357554477e+00 -1.803975823568e+00  2.017607942866e+00 
 2.637298625595e-03 -4.041461948073e-01 -7.595836282609e-01  2.231971411384e-01 -2.168574885465e+00 -1.958561058622e+00 -1.910463108448e+00  2.139501554285e+00 
 2.647298625595e-03 -3.837285838090e-01 -7.989243232565e-01  1.438033933809e-01 -2.194809172768e+00 -2.013035926269e+00 -2.009410668164e+00  2.252952104889e+00 
 2.657298625595e-03 -3.617965714657e-01 -8.351120289420e-01  6.384244191577e-02 -2.212382325903e+00 -2.059567140648e+00 -2.100428001955e+00  2.357511840151e+00 
 2.667298625595e-03 -3.384367133258e-01 -8.680039289757e-01 -1.637015563938e-02 -2.221224965528e+00 -2.097971035168e+00 -2.183155906037e+00  2.452768093060e+00 
 2.677298625595e-03 -3.137412001961e-01 -8.974702140549e-01 -9.651784812741e-02 -2.221302168909e+00 -2.128096019849e+00 -2.257267891197e+00  2.538344914793e+00 
 2.687298625595e-03 -2.878074938781e-01 -9.233945942145e-01 -1.762843401229e-01 -2.212613607291e+00 -2.149823178072e+00 -2.322471471271e+00  2.613904556454e+00 
 2.697298625595e-03 -2.607379427936e-01 -9.456747577695e-01 -2.553548401920e-01 -2.195193548687e+00 -2.163066735491e+00 -2.378509317408e+00  2.679148801882e+00 
 2.707298625595e-03 -2.326393782860e-01 -9.642227750933e-01 -3.334173033363e-01 -2.169110719580e+00 -2.167774401139e+00 -2.425160274026e+00  2.733820147481e+00 
 2.717298625595e-03 -2.036226924392e-01 -9.789654456353e-01 -4.101636624546e-01 -2.134468034375e+00 -2.163927572779e+00 -2.462240230991e+00  2.777702816862e+00 
 2.727298625595e-03 -1.738024006772e-01 -9.898445868102e-01 -4.852910440532e-01 -2.091402192833e+00 -2.151541407220e+00 -2.489602850517e+00  2.810623609456e+00 
 2.737298625595e-03 -1.432961902465e-01 -9.968172636179e-01 -5.585029637441e-01 -2.040083134547e+00 -2.130664764438e+00 -2.507140144939e+00  2.832452588618e+00 
 2.747298625595e-03 -1.122244554717e-01 -9.998559580885e-01 -6.295104962774e-01 -1.980713373981e+00 -2.101380012929e+00 -2.514782902901e+00  2.843103592264e+00 
 2.757298625595e-03 -8.070982183563e-02 -9.989486778834e-01 -6.980334158288e-01 -1.913527197205e+00 -2.063802705146e+00 -2.512500961428e+00  2.842534572673e+00 
 2.767298625595e-03 -4.887666342984e-02 -9.940990036228e-01 -7.638013015967e-01 -1.838789739180e+00 -2.018081120448e+00 -2.500303326524e+00  2.830747762484e+00 
 2.777298625595e-03 -1.685061111129e-02 -9.853260747556e-01 -8.265546059702e-01 -1.756795936730e+00 -1.964395681163e+00 -2.478238136624e+00  2.807789667086e+00 
 2.787298625595e-03  1.524194278682e-02 -9.726645140241e-01 -8.860456774710e-01 -1.667869365541e+00 -1.902958239662e+00 -2.446392473066e+00  2.773750879342e+00 
 2.797298625595e-03  4.727434368397e-02 -9.561642908238e-01 -9.420397395734e-01 -1.572360961000e+00 -1.834011243423e+00 -2.404892016086e+00  2.728765724250e+00 
 2.807298625595e-03  7.912017435592e-02 -9.358905239975e-01 -9.943158159731e-01 -1.470647635870e+00 -1.757826776011e+00 -2.353900549002e+00  2.673011725581e+00 
 2.817298625595e-03  1.106537539308e-01 -9.119232248407e-01 -1.042667603819e+00 -1.363130790647e+00 -1.674705485348e+00 -2.293619311764e+00  2.606708908400e+00 
 2.827298625595e-03  1.417506335420e-01 -8.843569813336e-01 -1.086904287105e+00 -1.250234730076e+00 -1.584975396749e+00 -2.224286207114e+00  2.530118929836e+00 
 2.837298625595e-03  1.722880883317e-01 -8.533005848454e-01 -1.126851290232e+00 -1.132404988399e+00 -1.488990616985e+00 -2.146174860769e+00  2.443544044708e+00 
 2.847298625595e-03  2.021456006041e-01 -8.188766007848e-01 -1.162350966595e+00 -1.010106572998e+00 -1.387129938463e+00 -2.059593542945e+00  2.347325915150e+00 
 2.857298625595e-03  2.312053365749e-01 -7.812208848900e-01 -1.193263220834e+00 -8.838221259648e-01 -1.279795343289e+00 -1.964883950306e+00  2.241844260171e+00 
 2.867298625595e-03  2.593526107667e-01 -7.404820470685e-01 -1.219466062030e+00 -7.540500209434e-01 -1.167410417693e+00 -1.862419858342e+00  2.127515358894e+00 
 2.877298625595e-03  2.864763385733e-01 -6.968208649012e-01 -1.240856084973e+00 -6.213023968739e-01 -1.050418678904e+00 -1.752605646150e+00  2.004790406142e+00 
 2.887298625595e-03  3.124694753787e-01 -6.504096491274e-01 -1.257348878309e+00 -4.861031353939e-01 -9.292818261310e-01 -1.635874699918e+00  1.874153732446e+00 
 2.897298625595e-03  3.372294377768e-01 -6.014315636123e-01 -1.268879357493e+00 -3.489857948734e-01 -8.044779178454e-01 -1.512687703711e+00  1.736120893077e+00 
 2.907298625595e-03  3.606585095404e-01 -5.500799024836e-01 -1.275402021594e+00 -2.104915033851e-01 -6.764994850382e-01 -1.383530820371e+00  1.591236632146e+00 
 2.917298625595e-03  3.826642271015e-01 -4.965573272874e-01 -1.276891133981e+00 -7.116682337073e-02 -5.458515875507e-01 -1.248913772870e+00  1.440072734139e+00 
 2.927298625595e-03  4.031597436988e-01 -4.410750671759e-01 -1.273340821266e+00  6.843840486545e-02 -4.130498208688e-01 -1.109367833298e+00  1.283225765533e+00 
 2.937298625595e-03  4.220641730935e-01 -3.838520852822e-01 -1.264765099622e+00  2.077732336766e-01 -2.786182812415e-01 -9.654437256395e-01  1.121314722511e+00 
 2.947298625595e-03  4.393029079074e-01 -3.251142145733e-01 -1.251197818201e+00  3.462877819547e-01 -1.430874970683e-01 -8.177094527055e-01  9.549785874476e-01 
 2.957298625595e-03  4.548079148517e-01 -2.650932665900e-01 -1.232692524325e+00  4.834354059421e-01 -6.992335554060e-03 -6.667480541510e-01  7.848738055322e-01 
 2.967298625595e-03  4.685180027154e-01 -2.040261165931e-01 -1.209322253708e+00  6.186748557957e-01  1.291301085585e-01 -5.131553056126e-01  6.116716957471e-01 
 2.977298625595e-03  4.803790641599e-01 -1.421537687246e-01 -1.181179242209e+00  7.514724122593e-01  2.647426323965e-01 -3.575373674976e-01  4.360558014289e-01 
 2.987298625595e-03  4.903442887589e-01 -7.972040487490e-02 -1.148374560988e+00  8.813039927045e-01  3.993100451771e-01 -2.005083927943e-01  2.587191921748e-01 
 2.997298625595e-03  4.983743485645e-01 -1.697242100791e-02 -1.111037678085e+00  1.007657219656e+00  5.323012804147e-01 -4.268810304711e-02  8.036172765913e-02 
 3.007298625595e-03  5.044375525322e-01  4.584254525082e-02 -1.069315948989e+00  1.130033442983e+00  6.631914917380e-01  1.153006571476e-01 -9.831270203009e-02 
 3.017298625595e-03  5.085099718417e-01  1.084765919269e-01 -1.023374033277e+00  1.247949707555e+00  7.914641242241e-01  2.728343783092e-01 -2.765989563931e-01 
 3.027298625595e-03  5.105755346594e-01  1.706825310529e-01 -9.733932459494e-01  1.360940659186e+00  9.166129532969e-01  4.292913468380e-01 -4.537934268332e-01 
 3.037298625595e-03  5.106260891189e-01  2.322148642063e-01 -9.195708413608e-01  1.468560381792e+00  1.038144081831e+00  5.840540985519e-01 -6.291968128018e-01 
 3.047298625595e-03  5.086614356842e-01  2.928307513795e-01 -8.621192345163e-01  1.570384156192e+00  1.155577890109e+00  7.365118555608e-01 -8.021168828096e-01 
 3.057298625595e-03  5.046893278486e-01  3.522909693587e-01 -8.012651638128e-01  1.666010138113e+00  1.268450929085e+00  8.860629367409e-01 -9.718712056358e-01 
 3.067298625595e-03  4.987254419248e-01  4.103608558282e-01 -7.372487946413e-01  1.755060941679e+00  1.376317746937e+00  1.032117132330e+00 -1.137789843061e+00 
 3.077298625595e-03  4.907933144714e-01  4.668112354759e-01 -6.703227733960e-01  1.837185130687e+00  1.478752650553e+00  1.174098033109e+00 -1.299217994757e+00 
 3.087298625595e-03  4.809242500924e-01  5.214193244429e-01 -6.007512288634e-01  1.912058604881e+00  1.575351383304e+00  1.311445305357e+00 -1.455518582459e+00 
 3.097298625595e-03  4.691571973381e-01  5.739696095501e-01 -5.288087303052e-01  1.979385878425e+00  1.665732721100e+00  1.443616902106e+00 -1.606074763833e+00 
 3.107298625595e-03  4.555385955027e-01  6.242546988302e-01 -4.547792045050e-01  2.038901247783e+00  1.749539976474e+00  1.570091202506e+00 -1.750292366302e+00 
 3.117298625595e-03  4.401221909793e-01  6.720761400089e-01 -3.789548142231e-01  2.090369838290e+00  1.826442406978e+00  1.690369070275e+00 -1.887602233326e+00 
 3.127298625595e-03  4.229688252672e-01  7.172452037053e-01 -3.016348058009e-01  2.133588532917e+00  1.896136520198e+00  1.803975823568e+00 -2.017462469814e+00 
 3.137298625595e-03  4.041461948073e-01  7.595836282609e-01 -2.231243281276e-01  2.168386770878e+00  1.958347271197e+00  1.910463108448e+00 -2.139360580434e+00 
 3.147298625595e-03  3.837285837508e-01  7.989243232565e-01 -1.437332281203e-01  2.194627226330e+00  2.012829148211e+00  2.009410668048e+00 -2.252815492579e+00 
 3.157298625595e-03  3.617965714657e-01  8.351120289420e-01 -6.377482813696e-02  2.212206344586e+00  2.059367142152e+00  2.100428001955e+00 -2.357379455963e+00 
 3.167298625595e-03  3.384367133840e-01  8.680039289757e-01  1.643531074296e-02  2.221054753754e+00  2.097777593881e+00  2.183155906037e+00 -2.452639807449e+00 
 3.177298625595e-03  3.137412001961e-01  8.974702140549e-01  9.658063395182e-02  2.221137538087e+00  2.127908921335e+00  2.257267891197e+00 -2.538220602600e+00 
 3.187298625595e-03  2.878074938781e-01  9.233945942145e-01  1.763448428246e-01  2.212454374880e+00  2.149642213248e+00  2.322471471271e+00 -2.613784094814e+00 
 3.197298625595e-03  2.607379427936e-01  9.456747577695e-01  2.554131428187e-01  2.195039536804e+00  2.162891704589e+00  2.378509317408e+00 -2.679032074073e+00 
 3.207298625595e-03  2.326393783151e-01  9.642227750933e-01  3.334734858363e-01  2.168961756863e+00  2.167605109513e+00  2.425160274026e+00 -2.733707038836e+00 
 3.217298625595e-03  2.036226923228e-01  9.789654456353e-01  4.102178019821e-01  2.134323956445e+00  2.163763830904e+00  2.462240230874e+00 -2.777593214836e+00 
 3.227298625595e-03  1.738024007936e-01  9.898445868102e-01  4.853432148229e-01  2.091262838105e+00  2.151383033954e+00  2.489602850634e+00 -2.810517407501e+00 
 3.237298625595e-03  1.432961903338e-01  9.968172636179e-01  5.585532374680e-01  2.039948348887e+00  2.130511583760e+00  2.507140145055e+00 -2.832349682163e+00 
 3.247298625595e-03  1.122244554572e-01  9.998559580885e-01  6.295589418150e-01  1.980583007680e+00  2.101231854875e+00  2.514782902901e+00 -2.843003880131e+00 
 3.257298625595e-03  8.070982171921e-02  9.989486778834e-01  6.980800996535e-01  1.913401104743e+00  2.063659404404e+00  2.512500961311e+00 -2.842437956025e+00 
 3.267298625595e-03  4.887666343711e-02  9.940990036228e-01  7.638462880859e-01  1.838667781092e+00  2.017942517996e+00  2.500303326524e+00 -2.830654146902e+00 
 3.277298625595e-03  1.685061101671e-02  9.853260747556e-01  8.265979563585e-01  1.756677977508e+00  1.964261622867e+00  2.478238136508e+00 -2.807698959446e+00 
 3.287298625595e-03 -1.524194285594e-02  9.726645140241e-01  8.860874515958e-01  1.667755273404e+00  1.902828576742e+00  2.446392472950e+00 -2.773662990830e+00 
 3.297298625595e-03 -4.727434363303e-02  9.561642908238e-01  9.420799944783e-01  1.572250610217e+00  1.833885831758e+00  2.404892016086e+00 -2.728680567881e+00 
 3.307298625595e-03 -7.912017442868e-02  9.358905239975e-01  9.943546071881e-01  1.470540902810e+00  1.757705476135e+00  2.353900548886e+00 -2.672929217178e+00 
 3.317298625595e-03 -1.106537538872e-01  9.119232248407e-01  1.042704984429e+00  1.363027556799e+00  1.674588163150e+00  2.293619311764e+00 -2.606628967177e+00 
 3.327298625595e-03 -1.417506335129e-01  8.843569813336e-01  1.086940308334e+00  1.250134880887e+00  1.584861920681e+00  2.224286207114e+00 -2.530041475336e+00 
 3.337298625595e-03 -1.722880883317e-01  8.533005848454e-01  1.126886001788e+00  1.132308413507e+00  1.488880861551e+00  2.146174860769e+00 -2.443469001131e+00 
 3.347298625595e-03 -2.021456005750e-01  8.188766007848e-01  1.162384415744e+00  1.010013164487e+00  1.387023781659e+00  2.059593542945e+00 -2.347253207815e+00 
 3.357298625595e-03 -2.312053365749e-01  7.812208848900e-01  1.193295453442e+00  8.837317797588e-01  1.279692667304e+00  1.964883950306e+00 -2.241773817076e+00 
 3.367298625595e-03 -2.593526107084e-01  7.404820470685e-01  1.219497122802e+00  7.539626369253e-01  1.167311107740e+00  1.862419858342e+00 -2.127447110045e+00 
 3.377298625595e-03 -2.864763386315e-01  6.968208649012e-01  1.240886016283e+00  6.212178778369e-01  1.050322625088e+00  1.752605646034e+00 -2.004724283842e+00 
 3.387298625595e-03 -3.124694753787e-01  6.504096491274e-01  1.257377721136e+00  4.860213875654e-01  9.291889216984e-01  1.635874699918e+00 -1.874089671097e+00 
 3.397298625595e-03 -3.372294377768e-01  6.014315636123e-01  1.268907151418e+00  3.489067272749e-01  8.043880593032e-01  1.512687703711e+00 -1.736058828709e+00 
 3.407298625595e-03 -3.606585096568e-01  5.500799024836e-01  1.275428805267e+00  2.104150280647e-01  6.764125727350e-01  1.383530820254e+00 -1.591176503640e+00 
 3.417298625595e-03 -3.826642270433e-01  4.965573272874e-01  1.276916943258e+00  7.109285556362e-02  5.457675248617e-01  1.248913772870e+00 -1.440014481018e+00 
 3.427298625595e-03 -4.031597436406e-01  4.410750671758e-01  1.273365692236e+00 -6.850994750857e-02  4.129685143707e-01  1.109367833298e+00 -1.283169330288e+00 
 3.437298625595e-03 -4.220641730353e-01  3.838520852822e-01  1.264789066277e+00 -2.078424306528e-01  2.785396404797e-01  9.654437256395e-01 -1.121260048682e+00 
 3.447298625595e-03 -4.393029077910e-01  3.251142145733e-01  1.251220913138e+00 -3.463547102292e-01  1.430114347313e-01  8.177094527055e-01 -9.549256203761e-01 
 3.457298625595e-03 -4.548079147935e-01  2.650932665900e-01  1.232714779442e+00 -4.835001397878e-01  6.918767049683e-03  6.667480541510e-01 -7.848224924084e-01 
 3.467298625595e-03 -4.685180026572e-01  2.040261165931e-01  1.209343699506e+00 -6.187374673318e-01 -1.292012649646e-01  5.131553056126e-01 -6.116219853957e-01 
 3.477298625595e-03 -4.803790641017e-01  1.421537687246e-01  1.181199908024e+00 -7.515329709277e-01 -2.648114558542e-01  3.575373675267e-01 -4.360076440372e-01 
 3.487298625595e-03 -4.903442888171e-01  7.972040487489e-02  1.148394475225e+00 -8.813625659095e-01 -3.993766120984e-01  2.005083927797e-01 -2.586725396196e-01 
 3.497298625595e-03 -4.983743485645e-01  1.697242100791e-02  1.111056868453e+00 -1.007713872474e+00 -5.323656648397e-01  4.268810304711e-02 -8.031653378216e-02 
 3.507298625595e-03 -5.044375524740e-01 -4.584254525083e-02  1.069334441330e+00 -1.130088238278e+00 -6.632537652040e-01 -1.153006571476e-01  9.835648292175e-02 
 3.517298625595e-03 -5.085099717253e-01 -1.084765919269e-01  1.023391853436e+00 -1.248002706096e+00 -7.915243559983e-01 -2.728343783092e-01  2.766413677222e-01 
 3.527298625595e-03 -5.105755346594e-01 -1.706825310529e-01  9.734104181407e-01 -1.360991920112e+00 -9.166712102015e-01 -4.292913468089e-01  4.538345113821e-01 
 3.537298625595e-03 -5.106260891189e-01 -2.322148642063e-01  9.195873889839e-01 -1.468609962147e+00 -1.038200428709e+00 -5.840540985519e-01  6.292366118979e-01 
 3.547298625595e-03 -5.086614356842e-01 -2.928307513795e-01  8.621351805050e-01 -1.570432110922e+00 -1.155632389709e+00 -7.365118555608e-01  8.021554362668e-01 
 3.557298625595e-03 -5.046893279068e-01 -3.522909693587e-01  8.012805298204e-01 -1.666056520538e+00 -1.268503641477e+00 -8.860629367409e-01  9.719085519291e-01 
 3.567298625595e-03 -4.987254419248e-01 -4.103608558283e-01  7.372636019718e-01 -1.755105803255e+00 -1.376368731260e+00 -1.032117132330e+00  1.137826019909e+00 
 3.577298625595e-03 -4.907933145296e-01 -4.668112354759e-01  6.703370423056e-01 -1.837228521472e+00 -1.478801963152e+00 -1.174098033167e+00  1.299253038364e+00 
 3.587298625595e-03 -4.809242500924e-01 -5.214193244429e-01  6.007649787934e-01 -1.912100573070e+00 -1.575399079127e+00 -1.311445305415e+00  1.455552528216e+00 
 3.597298625595e-03 -4.691571973381e-01 -5.739696095501e-01  5.288219803479e-01 -1.979426470585e+00 -1.665778852999e+00 -1.443616902106e+00  1.606107645559e+00 
 3.607298625595e-03 -4.555385955027e-01 -6.242546988302e-01  4.547919726465e-01 -2.038940508850e+00 -1.749584595906e+00 -1.570091202506e+00  1.750324217465e+00 
 3.617298625595e-03 -4.401221909793e-01 -6.720761400089e-01  3.789671180421e-01 -2.090407812269e+00 -1.826485563302e+00 -1.690369070275e+00  1.887633085707e+00 
 3.627298625595e-03 -4.229688252672e-01 -7.172452037054e-01  3.016466622939e-01 -2.133625261020e+00 -1.896178261377e+00 -1.803975823568e+00  2.017492354381e+00 
 3.637298625595e-03 -4.041461946908e-01 -7.595836282609e-01  2.231357534183e-01 -2.168422295712e+00 -1.958387644030e+00 -1.910463108332e+00  2.139389527745e+00 
 3.647298625595e-03 -3.837285837508e-01 -7.989243232565e-01  1.437442379538e-01 -2.194661586080e+00 -2.012868197402e+00 -2.009410668048e+00  2.252843531825e+00 
 3.657298625595e-03 -3.617965714657e-01 -8.351120289420e-01  6.378543761093e-02 -2.212239578366e+00 -2.059404911008e+00 -2.100428001955e+00  2.357406615236e+00 
 3.667298625595e-03 -3.384367133840e-01 -8.680039289757e-01 -1.642508706209e-02 -2.221086897887e+00 -2.097814124543e+00 -2.183155906037e+00  2.452666114325e+00 
 3.677298625595e-03 -3.137412002543e-01 -8.974702140549e-01 -9.657078205782e-02 -2.221168628428e+00 -2.127944254316e+00 -2.257267891197e+00  2.538246083644e+00 
 3.687298625595e-03 -2.878074938781e-01 -9.233945942145e-01 -1.763353491842e-01 -2.212484445423e+00 -2.149676387664e+00 -2.322471471271e+00  2.613808775491e+00 
 3.697298625595e-03 -2.607379427936e-01 -9.456747577695e-01 -2.554039944080e-01 -2.195068621542e+00 -2.162924758159e+00 -2.378509317408e+00  2.679055979136e+00 
 3.707298625595e-03 -2.326393783151e-01 -9.642227750933e-01 -3.334646701114e-01 -2.168989887927e+00 -2.167637079954e+00 -2.425160274026e+00  2.733730193460e+00 
 3.717298625595e-03 -2.036226924101e-01 -9.789654456353e-01 -4.102093068068e-01 -2.134351165034e+00 -2.163794753142e+00 -2.462240230991e+00  2.777615641896e+00 
 3.727298625595e-03 -1.738024007063e-01 -9.898445868102e-01 -4.853350286139e-01 -2.091289154720e+00 -2.151412942912e+00 -2.489602850517e+00  2.810539130076e+00 
 3.737298625595e-03 -1.432961903629e-01 -9.968172636179e-01 -5.585453488166e-01 -2.039973802632e+00 -2.130540511571e+00 -2.507140145055e+00  2.832370721267e+00 
 3.747298625595e-03 -1.122244553553e-01 -9.998559580885e-01 -6.295513401274e-01 -1.980607626960e+00 -2.101259833667e+00 -2.514782902785e+00  2.843024257053e+00 
 3.757298625595e-03 -8.070982173376e-02 -9.989486778834e-01 -6.980727743357e-01 -1.913424916798e+00 -2.063686466310e+00 -2.512500961311e+00  2.842457692549e+00 
 3.767298625595e-03 -4.887666345167e-02 -9.940990036228e-01 -7.638392290100e-01 -1.838690812467e+00 -2.017968692817e+00 -2.500303326524e+00  2.830673262585e+00 
 3.777298625595e-03 -1.685061113312e-02 -9.853260747556e-01 -8.265911540948e-01 -1.756700253813e+00 -1.964286939474e+00 -2.478238136624e+00  2.807717473832e+00 
 3.787298625595e-03  1.524194286867e-02 -9.726645140241e-01 -8.860808965983e-01 -1.667776819319e+00 -1.902853063308e+00 -2.446392472950e+00  2.773680922314e+00 
 3.797298625595e-03  4.727434364759e-02 -9.561642908238e-01 -9.420736780157e-01 -1.572271449491e+00 -1.833909515291e+00 -2.404892016086e+00  2.728697934868e+00 
 3.807298625595e-03  7.912017442868e-02 -9.358905239975e-01 -9.943485202966e-01 -1.470561058959e+00 -1.757728383411e+00 -2.353900548886e+00  2.672946037495e+00 
 3.817298625595e-03  1.106537538872e-01 -9.119232248407e-01 -1.042699118843e+00 -1.363047052175e+00 -1.674610318849e+00 -2.293619311764e+00  2.606645257224e+00 
 3.827298625595e-03  1.417506335129e-01 -8.843569813336e-01 -1.086934656370e+00 -1.250153736910e+00 -1.584883350413e+00 -2.224286207114e+00  2.530057253042e+00 
 3.837298625595e-03  1.722880883317e-01 -8.533005848454e-01 -1.126880555181e+00 -1.132326651132e+00 -1.488901588600e+00 -2.146174860769e+00  2.443484281512e+00 
 3.847298625595e-03  2.021456005750e-01 -8.188766007848e-01 -1.162379167276e+00 -1.010030804318e+00 -1.387043828843e+00 -2.059593542945e+00  2.347268006472e+00 
 3.857298625595e-03  2.312053365458e-01 -7.812208848900e-01 -1.193290395662e+00 -8.837488413556e-01 -1.279712057207e+00 -1.964883950306e+00  2.241788149171e+00 
 3.867298625595e-03  2.593526107084e-01 -7.404820470685e-01 -1.219492248958e+00 -7.539791391464e-01 -1.167329862015e+00 -1.862419858342e+00  2.127460990421e+00 
 3.877298625595e-03  2.864763386315e-01 -6.968208649012e-01 -1.240881319623e+00 -6.212338388432e-01 -1.050340764457e+00 -1.752605646034e+00  2.004737726498e+00 
 3.887298625595e-03  3.124694753787e-01 -6.504096491273e-01 -1.257373195374e+00 -4.860368253430e-01 -9.292064663023e-01 -1.635874699918e+00  1.874102689887e+00 
 3.897298625595e-03  3.372294377186e-01 -6.014315636123e-01 -1.268902790500e+00 -3.489216591115e-01 -8.044050286990e-01 -1.512687703827e+00  1.736071437194e+00 
 3.907298625595e-03  3.606585096568e-01 -5.500799024836e-01 -1.275424602441e+00 -2.104294702585e-01 -6.764289857820e-01 -1.383530820371e+00  1.591188713812e+00 
 3.917298625595e-03  3.826642271015e-01 -4.965573272874e-01 -1.276912893634e+00 -7.110682404891e-02 -5.457833997207e-01 -1.248913772812e+00  1.440026306148e+00 
 3.927298625595e-03  4.031597436988e-01 -4.410750671758e-01 -1.273361789528e+00  6.849643700116e-02 -4.129838688532e-01 -1.109367833240e+00  1.283180781960e+00 
 3.937298625595e-03  4.220641730353e-01 -3.838520852822e-01 -1.264785305597e+00  2.078293630620e-01 -2.785544915241e-01 -9.654437256395e-01  1.121271139001e+00 
 3.947298625595e-03  4.393029078492e-01 -3.251142145733e-01 -1.251217289362e+00  3.463420710759e-01 -1.430257988104e-01 -8.177094527055e-01  9.549363605779e-01 
 3.957298625595e-03  4.548079147353e-01 -2.650932665900e-01 -1.232711287448e+00  4.834879150148e-01 -6.932660195162e-03 -6.667480541510e-01  7.848328935765e-01 
 3.967298625595e-03  4.685180027154e-01 -2.040261165931e-01 -1.209340334637e+00  6.187256432604e-01  1.291878273187e-01 -5.131553055835e-01  6.116320580748e-01 
 3.977298625595e-03  4.803790641017e-01 -1.421537687246e-01 -1.181196665391e+00  7.515215346357e-01  2.647984587238e-01 -3.575373675267e-01  4.360173984962e-01 
 3.987298625595e-03  4.903442888171e-01 -7.972040487490e-02 -1.148391350405e+00  8.813515044749e-01  3.993640411063e-01 -2.005083927797e-01  2.586819857539e-01 
 3.997298625595e-03  4.983743485645e-01 -1.697242100793e-02 -1.111053857021e+00  1.007703173789e+00  5.323535060743e-01 -4.268810304347e-02  8.032568107948e-02 
 4.007298625595e-03  5.044375524740e-01  4.584254525081e-02 -1.069331539795e+00  1.130077890353e+00  6.632420051610e-01  1.153006571549e-01 -9.834762444968e-02 
 4.017298625595e-03  5.085099717253e-01  1.084765919269e-01 -1.023389057256e+00  1.247992697638e+00  7.915129814064e-01  2.728343783092e-01 -2.766327893443e-01 
 4.027298625595e-03  5.105755346012e-01  1.706825310529e-01 -9.734077237081e-01  1.360982239712e+00  9.166602087207e-01  4.292913468089e-01 -4.538262043090e-01 
 4.037298625595e-03  5.106260892353e-01  2.322148642063e-01 -9.195847923402e-01  1.468600598862e+00  1.038189788116e+00  5.840540985810e-01 -6.292285680970e-01 
 4.047298625595e-03  5.086614358006e-01  2.928307513795e-01 -8.621326783905e-01  1.570423054975e+00  1.155622097896e+00  7.365118556190e-01 -8.021476467159e-01 
 4.057298625595e-03  5.046893279068e-01  3.522909693587e-01 -8.012781186262e-01  1.666047761682e+00  1.268493687036e+00  8.860629367409e-01 -9.719010087121e-01 
 4.067298625595e-03  4.987254419830e-01  4.103608558282e-01 -7.372612785548e-01  1.755097331479e+00  1.376359103015e+00  1.032117132330e+00 -1.137818715168e+00 
 4.077298625595e-03  4.907933145296e-01  4.668112354759e-01 -6.703348034061e-01  1.837220327230e+00  1.478792650858e+00  1.174098033167e+00 -1.299245964998e+00 
 4.087298625595e-03  4.809242500924e-01  5.214193244428e-01 -6.007628212683e-01  1.912092647515e+00  1.575390071841e+00  1.311445305415e+00 -1.455545678482e+00 
 4.097298625595e-03  4.691571973381e-01  5.739696095501e-01 -5.288199011702e-01  1.979418804869e+00  1.665770141175e+00  1.443616902106e+00 -1.606101012939e+00 
 4.107298625595e-03  4.555385955027e-01  6.242546988302e-01 -4.547899691970e-01  2.038933094358e+00  1.749576169765e+00  1.570091202506e+00 -1.750317794799e+00 
 4.117298625595e-03  4.401221909211e-01  6.720761400089e-01 -3.789651874104e-01  2.090400641086e+00  1.826477413531e+00  1.690369070275e+00 -1.887626866535e+00 
 4.127298625595e-03  4.229688251507e-01  7.172452037053e-01 -3.016448018025e-01  2.133618324995e+00  1.896170378895e+00  1.803975823452e+00 -2.017486332298e+00 
 4.137298625595e-03  4.041461946908e-01  7.595836282609e-01 -2.231339606515e-01  2.168415587395e+00  1.958380019758e+00  1.910463108332e+00 -2.139383696262e+00 
 4.147298625595e-03  3.837285838672e-01  7.989243232565e-01 -1.437425103795e-01  2.194655097555e+00  2.012860823190e+00  2.009410668164e+00 -2.252837885326e+00 
 4.157298625595e-03  3.617965714657e-01  8.351120289420e-01 -6.378377285000e-02  2.212233302183e+00  2.059397778474e+00  2.100428001955e+00 -2.357401147485e+00 
 4.167298625595e-03  3.384367133840e-01  8.680039289756e-01  1.642669129433e-02  2.221080827992e+00  2.097807226237e+00  2.183155906037e+00 -2.452660820272e+00 
 4.177298625595e-03  3.137412002543e-01  8.974702140549e-01  9.657232795143e-02  2.221162756439e+00  2.127937581856e+00  2.257267891313e+00 -2.538240957098e+00 
 4.187298625595e-03  2.878074939363e-01  9.233945942144e-01  1.763368388347e-01  2.212478766218e+00  2.149669934064e+00  2.322471471271e+00 -2.613803811620e+00 
 4.197298625595e-03  2.607379429101e-01  9.456747577695e-01  2.554054298962e-01  2.195063129067e+00  2.162918515969e+00  2.378509317525e+00 -2.679051172571e+00 
 4.207298625595e-03  2.326393782569e-01  9.642227750933e-01  3.334660534747e-01  2.168984575663e+00  2.167631041724e+00  2.425160274026e+00 -2.733725538554e+00 
 4.217298625595e-03  2.036226922937e-01  9.789654456353e-01  4.102106398204e-01  2.134346026927e+00  2.163788913749e+00  2.462240230874e+00 -2.777611135419e+00 
 4.227298625595e-03  1.738024007063e-01  9.898445868102e-01  4.853363131406e-01  2.091284184717e+00  2.151407293975e+00  2.489602850517e+00 -2.810534765683e+00 
 4.237298625595e-03  1.432961903338e-01  9.968172636178e-01  5.585465866607e-01  2.039968995610e+00  2.130535048433e+00  2.507140145055e+00 -2.832366495961e+00 
 4.247298625595e-03  1.122244553699e-01  9.998559580885e-01  6.295525329188e-01  1.980602977565e+00  2.101254549809e+00  2.514782902785e+00 -2.843020166017e+00 
 4.257298625595e-03  8.070982185018e-02  9.989486778834e-01  6.980739239370e-01  1.913420420140e+00  2.063681355445e+00  2.512500961428e+00 -2.842453731417e+00 
 4.267298625595e-03  4.887666332797e-02  9.940990036228e-01  7.638403365854e-01  1.838686462725e+00  2.017963749124e+00  2.500303326407e+00 -2.830669426359e+00 
 4.277298625595e-03  1.685061104217e-02  9.853260747557e-01  8.265922215069e-01  1.756696046563e+00  1.964282158297e+00  2.478238136508e+00 -2.807713759991e+00 
 4.287298625595e-03 -1.524194283593e-02  9.726645140241e-01  8.860819251277e-01  1.667772750603e+00  1.902848439058e+00  2.446392472950e+00 -2.773677326641e+00 
 4.297298625595e-03 -4.727434352390e-02  9.561642908238e-01  9.420746691758e-01  1.572267514188e+00  1.833905042615e+00  2.404892016202e+00 -2.728694453489e+00 
 4.307298625595e-03 -7.912017434137e-02  9.358905239975e-01  9.943494753679e-01  1.470557252644e+00  1.757724057417e+00  2.353900549002e+00 -2.672942666673e+00 
 4.317298625595e-03 -1.106537538290e-01  9.119232248408e-01  1.042700039223e+00  1.363043370657e+00  1.674606134882e+00  2.293619311880e+00 -2.606641993708e+00 
 4.327298625595e-03 -1.417506335711e-01  8.843569813336e-01  1.086935543222e+00  1.250150175998e+00  1.584879303351e+00  2.224286207114e+00 -2.530054092786e+00 
 4.337298625595e-03 -1.722880882444e-01  8.533005848455e-01  1.126881409669e+00  1.132323207101e+00  1.488897674251e+00  2.146174860885e+00 -2.443481221751e+00 
 4.347298625595e-03 -2.021456006623e-01  8.188766007849e-01  1.162379990797e+00  1.010027473094e+00  1.387040043017e+00  2.059593542945e+00 -2.347265044092e+00 
 4.357298625595e-03 -2.312053366040e-01  7.812208848901e-01  1.193291189382e+00  8.837456193287e-01  1.279708395479e+00  1.964883950306e+00 -2.241785281116e+00 
 4.367298625595e-03 -2.593526107667e-01  7.404820470686e-01  1.219493013807e+00  7.539760227082e-01  1.167326320428e+00  1.862419858342e+00 -2.127458213636e+00 
 4.377298625595e-03 -2.864763387479e-01  6.968208649013e-01  1.240882056765e+00  6.212308246177e-01  1.050337338820e+00  1.752605646034e+00 -2.004735037897e+00 
 4.387298625595e-03 -3.124694753787e-01  6.504096491274e-01  1.257373905741e+00  4.860339100123e-01  9.292031531222e-01  1.635874699918e+00 -1.874100087084e+00 
 4.397298625595e-03 -3.372294378350e-01  6.014315636124e-01  1.268903474556e+00  3.489188391832e-01  8.044018241344e-01  1.512687703711e+00 -1.736068916580e+00 
 4.407298625595e-03 -3.606585095986e-01  5.500799024837e-01  1.275425261818e+00  2.104267429386e-01  6.764258863404e-01  1.383530820371e+00 -1.591186273815e+00 
 4.417298625595e-03 -3.826642270433e-01  4.965573272875e-01  1.276913528796e+00  7.110418619413e-02  5.457804019097e-01  1.248913772870e+00 -1.440023943567e+00 
 4.427298625595e-03 -4.031597436988e-01  4.410750671760e-01  1.273362401873e+00 -6.849898837390e-02  4.129809692386e-01  1.109367833298e+00 -1.283178494699e+00 
 4.437298625595e-03 -4.220641730353e-01  3.838520852823e-01  1.264785895590e+00 -2.078318308340e-01  2.785516869044e-01  9.654437256395e-01 -1.121268924383e+00 
 4.447298625595e-03 -4.393029079074e-01  3.251142145734e-01  1.251217857935e+00 -3.463444579393e-01  1.430230862461e-01  8.177094527055e-01 -9.549342165364e-01 
 4.457298625595e-03 -4.548079147353e-01  2.650932665901e-01  1.232711835066e+00 -4.834902236471e-01  6.930036524864e-03  6.667480541510e-01 -7.848308175322e-01 
 4.467298625595e-03 -4.685180027736e-01  2.040261165932e-01  1.209340862697e+00 -6.187278762227e-01 -1.291903649835e-01  5.131553056126e-01 -6.116300484196e-01 
 4.477298625595e-03 -4.803790640435e-01  1.421537687248e-01  1.181197174359e+00 -7.515236942563e-01 -2.648009132245e-01  3.575373675267e-01 -4.360154530293e-01 
 4.487298625595e-03 -4.903442887589e-01  7.972040487503e-02  1.148391840747e+00 -8.813535934314e-01 -3.993664151058e-01  2.005083927943e-01 -2.586801021615e-01 
 4.497298625595e-03 -4.983743485645e-01  1.697242100805e-02  1.111054329667e+00 -1.007705194294e+00 -5.323558021337e-01  4.268810304347e-02 -8.032385767359e-02 
 4.507298625595e-03 -5.044375525322e-01 -4.584254525068e-02  1.069331995212e+00 -1.130079844734e+00 -6.632442260161e-01 -1.153006571549e-01  9.834938993918e-02 
 4.517298625595e-03 -5.085099717835e-01 -1.084765919268e-01  1.023389496026e+00 -1.247994587757e+00 -7.915151295019e-01 -2.728343783092e-01  2.766344987218e-01 
 4.527298625595e-03 -5.105755346012e-01 -1.706825310528e-01  9.734081464121e-01 -1.360984067898e+00 -9.166622862685e-01 -4.292913468380e-01  4.538278591462e-01 
 4.537298625595e-03 -5.106260890607e-01 -2.322148642061e-01  9.195851999102e-01 -1.468602366978e+00 -1.038191797445e+00 -5.840540985519e-01  6.292301696744e-01 
 4.547298625595e-03 -5.086614356260e-01 -2.928307513794e-01  8.621330709429e-01 -1.570424765116e+00 -1.155624041334e+00 -7.365118555608e-01  8.021491974200e-01 
 4.557298625595e-03 -5.046893279068e-01 -3.522909693586e-01  8.012784969760e-01 -1.666049415711e+00 -1.268495566910e+00 -8.860629367409e-01  9.719025102309e-01 
 4.567298625595e-03 -4.987254418666e-01 -4.103608558281e-01  7.372616431676e-01 -1.755098931259e+00 -1.376360921189e+00 -1.032117132272e+00  1.137820168607e+00 
 4.577298625595e-03 -4.907933144714e-01 -4.668112354757e-01  6.703351545148e-01 -1.837221874855e+00 -1.478794409428e+00 -1.174098033109e+00  1.299247372395e+00 
 4.587298625595e-03 -4.809242500924e-01 -5.214193244427e-01  6.007631598040e-01 -1.912094143918e+00 -1.575391772902e+00 -1.311445305357e+00  1.455547041002e+00 
 4.597298625595e-03 -4.691571973381e-01 -5.739696095500e-01  5.288202274824e-01 -1.979420252610e+00 -1.665771786356e+00 -1.443616902106e+00  1.606102331803e+00 
 4.607298625595e-03 -4.555385955027e-01 -6.242546988301e-01  4.547902835766e-01 -2.038934494602e+00 -1.749577760929e+00 -1.570091202506e+00  1.750319071579e+00 
 4.617298625595e-03 -4.401221910375e-01 -6.720761400088e-01  3.789654903812e-01 -2.090401994996e+00 -1.826478952542e+00 -1.690369070275e+00  1.887628102686e+00 
 4.627298625595e-03 -4.229688251507e-01 -7.172452037052e-01  3.016450937139e-01 -2.133619634435e+00 -1.896171867382e+00 -1.803975823452e+00  2.017487528869e+00 
 4.637298625595e-03 -4.041461946908e-01 -7.595836282608e-01  2.231342419691e-01 -2.168416853994e+00 -1.958381459350e+00 -1.910463108332e+00  2.139384854532e+00 
 4.647298625595e-03 -3.837285838090e-01 -7.989243232564e-01  1.437427814817e-01 -2.194656323176e+00 -2.012862215517e+00 -2.009410668164e+00  2.252839006488e+00 
 4.657298625595e-03 -3.617965715239e-01 -8.351120289419e-01  6.378403408598e-02 -2.212234487291e+00 -2.059399125399e+00 -2.100428001955e+00  2.357402233228e+00 
 4.667298625595e-03 -3.384367133840e-01 -8.680039289756e-01 -1.642643955711e-02 -2.221081973519e+00 -2.097808528692e+00 -2.183155906037e+00  2.452661870985e+00 
 4.677298625595e-03 -3.137412003125e-01 -8.974702140549e-01 -9.657208537101e-02 -2.221163865644e+00 -2.127938841470e+00 -2.257267891313e+00  2.538241974185e+00 
 4.687298625595e-03 -2.878074938781e-01 -9.233945942144e-01 -1.763366050727e-01 -2.212479838636e+00 -2.149671152700e+00 -2.322471471271e+00  2.613804796431e+00 
 4.697298625595e-03 -2.607379429101e-01 -9.456747577694e-01 -2.554052046326e-01 -2.195064166561e+00 -2.162919695023e+00 -2.378509317525e+00  2.679052126358e+00 
 4.707298625595e-03 -2.326393782569e-01 -9.642227750933e-01 -3.334658363601e-01 -2.168985578697e+00 -2.167632182129e+00 -2.425160274026e+00  2.733726461840e+00 
 4.717298625595e-03 -2.036226922937e-01 -9.789654456353e-01 -4.102104306221e-01 -2.134346996900e+00 -2.163790016435e+00 -2.462240230874e+00  2.777612028903e+00 
 4.727298625595e-03 -1.738024007063e-01 -9.898445868101e-01 -4.853361115674e-01 -2.091285123257e+00 -2.151408360805e+00 -2.489602850517e+00  2.810535630937e+00 
 4.737298625595e-03 -1.432961903338e-01 -9.968172636178e-01 -5.585463924799e-01 -2.039969903650e+00 -2.130536079872e+00 -2.507140145055e+00  2.832367333217e+00 
 4.747298625595e-03 -1.122244553553e-01 -9.998559580885e-01 -6.295523458393e-01 -1.980603855336e+00 -2.101255547721e+00 -2.514782902785e+00  2.843020976832e+00 
 4.757298625595e-03 -8.070982186473e-02 -9.989486778834e-01 -6.980737433769e-01 -1.913421269506e+00 -2.063682320528e+00 -2.512500961428e+00  2.842454515951e+00 
 4.767298625595e-03 -4.887666342984e-02 -9.940990036229e-01 -7.638401630102e-01 -1.838687284617e+00 -2.017964682775e+00 -2.500303326524e+00  2.830670186534e+00 
 4.777298625595e-03 -1.685061111857e-02 -9.853260747557e-01 -8.265920539852e-01 -1.756696841214e+00 -1.964283061214e+00 -2.478238136624e+00  2.807714495460e+00 
 4.787298625595e-03  1.524194278136e-02 -9.726645140241e-01 -8.860817638924e-01 -1.667773519177e+00 -1.902849312639e+00 -2.446392473066e+00  2.773678039038e+00 
 4.797298625595e-03  4.727434368397e-02 -9.561642908238e-01 -9.420745136449e-01 -1.572268257150e+00 -1.833905887324e+00 -2.404892016086e+00  2.728695142505e+00 
 4.807298625595e-03  7.912017435592e-02 -9.358905239976e-01 -9.943493255414e-01 -1.470557971625e+00 -1.757724874653e+00 -2.353900549002e+00  2.672943334065e+00 
 4.817298625595e-03  1.106537539454e-01 -9.119232248408e-01 -1.042699894868e+00 -1.363044065656e+00 -1.674606925109e+00 -2.293619311764e+00  2.606642639461e+00 
 4.827298625595e-03  1.417506335129e-01 -8.843569813337e-01 -1.086935403757e+00 -1.250150848646e+00 -1.584880067734e+00 -2.224286207114e+00  2.530054717759e+00 
 4.837298625595e-03  1.722880883608e-01 -8.533005848455e-01 -1.126881275792e+00 -1.132323857630e+00 -1.488898413489e+00 -2.146174860769e+00  2.443481826992e+00 
 4.847298625595e-03  2.021456006332e-01 -8.188766007849e-01 -1.162379861344e+00 -1.010028102086e+00 -1.387040758040e+00 -2.059593542945e+00  2.347265629688e+00 
 4.857298625595e-03  2.312053365749e-01 -7.812208848902e-01 -1.193291064817e+00 -8.837462277152e-01 -1.279709086753e+00 -1.964883950306e+00  2.241785847853e+00 
 4.867298625595e-03  2.593526107667e-01 -7.404820470686e-01 -1.219492893666e+00 -7.539766113041e-01 -1.167326989351e+00 -1.862419858342e+00  2.127458762415e+00 
 4.877298625595e-03  2.864763386315e-01 -6.968208649014e-01 -1.240881941048e+00 -6.212313938886e-01 -1.050337986089e+00 -1.752605646034e+00  2.004735569564e+00 
 4.887298625595e-03  3.124694753205e-01 -6.504096491275e-01 -1.257373794215e+00 -4.860344605404e-01 -9.292037788546e-01 -1.635874699918e+00  1.874100601346e+00 
 4.897298625595e-03  3.372294377186e-01 -6.014315636125e-01 -1.268903367221e+00 -3.489193717833e-01 -8.044024294941e-01 -1.512687703827e+00  1.736069414719e+00 
 4.907298625595e-03  3.606585095986e-01 -5.500799024838e-01 -1.275425158208e+00 -2.104272579600e-01 -6.764264716767e-01 -1.383530820371e+00  1.591186755539e+00 
 4.917298625595e-03  3.826642271015e-01 -4.965573272876e-01 -1.276913429378e+00 -7.110468436440e-02 -5.457809680374e-01 -1.248913772870e+00  1.440024410216e+00 
 4.927298625595e-03  4.031597436988e-01 -4.410750671761e-01 -1.273362305714e+00  6.849850653089e-02 -4.129815168562e-01 -1.109367833298e+00  1.283178946155e+00 
 4.937298625595e-03  4.220641730353e-01 -3.838520852824e-01 -1.264785803389e+00  2.078313648235e-01 -2.785522166523e-01 -9.654437256395e-01  1.121269361928e+00 
 4.947298625595e-03  4.393029079074e-01 -3.251142145735e-01 -1.251217768760e+00  3.463440071791e-01 -1.430235984735e-01 -8.177094527055e-01  9.549346395880e-01 
 4.957298625595e-03  4.548079148517e-01 -2.650932665902e-01 -1.232711749151e+00  4.834897876717e-01 -6.930532003025e-03 -6.667480541510e-01  7.848312269778e-01 
 4.967298625595e-03  4.685180027154e-01 -2.040261165933e-01 -1.209340779809e+00  6.187274544500e-01  1.291898857307e-01 -5.131553056126e-01  6.116304448413e-01 
 4.977298625595e-03  4.803790641599e-01 -1.421537687249e-01 -1.181197094265e+00  7.515232863370e-01  2.648004496004e-01 -3.575373674976e-01  4.360158364416e-01 
 4.987298625595e-03  4.903442887589e-01 -7.972040487516e-02 -1.148391763913e+00  8.813531987835e-01  3.993659667321e-01 -2.005083927943e-01  2.586804736995e-01 
 4.997298625595e-03  4.983743485645e-01 -1.697242100818e-02 -1.111054255394e+00  1.007704812568e+00  5.323553683702e-01 -4.268810304347e-02  8.032421716267e-02 
 5.007298625595e-03  5.044375525322e-01  4.584254525055e-02 -1.069331923733e+00  1.130079475464e+00  6.632438063389e-01  1.153006571476e-01 -9.834904174235e-02 
 5.017298625595e-03  5.085099717835e-01  1.084765919267e-01 -1.023389427224e+00  1.247994230594e+00  7.915147237945e-01  2.728343782946e-01 -2.766341618172e-01 
 5.027298625595e-03  5.105755346012e-01  1.706825310527e-01 -9.734080799390e-01  1.360983722610e+00  9.166618938325e-01  4.292913468089e-01 -4.538275331846e-01 
 5.037298625595e-03  5.106260891189e-01  2.322148642060e-01 -9.195851359982e-01  1.468602033099e+00  1.038191417698e+00  5.840540985519e-01 -6.292298538991e-01 
 5.047298625595e-03  5.086614356842e-01  2.928307513793e-01 -8.621330093592e-01  1.570424442180e+00  1.155623674393e+00  7.365118555608e-01 -8.021488921221e-01 
 5.057298625595e-03  5.046893279068e-01  3.522909693584e-01 -8.012784376042e-01  1.666049103020e+00  1.268495211611e+00  8.860629367409e-01 -9.719022143043e-01 
 5.067298625595e-03  4.987254419830e-01  4.103608558280e-01 -7.372615858912e-01  1.755098629510e+00  1.376360577764e+00  1.032117132330e+00 -1.137819882576e+00 
 5.077298625595e-03  4.907933145878e-01  4.668112354756e-01 -6.703350995667e-01  1.837221582653e+00  1.478794077178e+00  1.174098033167e+00 -1.299247095211e+00 
 5.087298625595e-03  4.809242500924e-01  5.214193244426e-01 -6.007631067187e-01  1.912093861494e+00  1.575391451828e+00  1.311445305415e+00 -1.455546773015e+00 
 5.097298625595e-03  4.691571974545e-01  5.739696095499e-01 -5.288201763760e-01  1.979419979267e+00  1.665771475993e+00  1.443616902223e+00 -1.606102072663e+00 
 5.107298625595e-03  4.555385954445e-01  6.242546988300e-01 -4.547902342165e-01  2.038934230339e+00  1.749577460578e+00  1.570091202506e+00 -1.750318820530e+00 
 5.117298625595e-03  4.401221909793e-01  6.720761400087e-01 -3.789654428256e-01  2.090401739348e+00  1.826478661969e+00  1.690369070275e+00 -1.887627859612e+00 
 5.127298625595e-03  4.229688252672e-01  7.172452037051e-01 -3.016450479627e-01  2.133619387634e+00  1.896171586355e+00  1.803975823568e+00 -2.017487293711e+00 
 5.137298625595e-03  4.041461946908e-01  7.595836282607e-01 -2.231341978186e-01  2.168416614644e+00  1.958381187636e+00  1.910463108332e+00 -2.139384626970e+00 
 5.147298625595e-03  3.837285837508e-01  7.989243232563e-01 -1.437427389319e-01  2.194656091742e+00  2.012861952651e+00  2.009410668048e+00 -2.252838786115e+00 
 5.157298625595e-03  3.617965714657e-01  8.351120289418e-01 -6.378399308596e-02  2.212234263774e+00  2.059398871381e+00  2.100428001955e+00 -2.357402020152e+00 
 5.167298625595e-03  3.384367133258e-01  8.680039289755e-01  1.642647906192e-02  2.221081757452e+00  2.097808283288e+00  2.183155906037e+00 -2.452661665029e+00 
 5.177298625595e-03  3.137412003125e-01  8.974702140548e-01  9.657212343882e-02  2.221163656097e+00  2.127938603517e+00  2.257267891313e+00 -2.538241774301e+00 
 5.187298625595e-03  2.878074938781e-01  9.233945942143e-01  1.763366417727e-01  2.212479636073e+00  2.149670922663e+00  2.322471471271e+00 -2.613804603095e+00 
 5.197298625595e-03  2.607379427936e-01  9.456747577694e-01  2.554052399937e-01  2.195063970517e+00  2.162919471972e+00  2.378509317408e+00 -2.679051938551e+00 
 5.207298625595e-03  2.326393782860e-01  9.642227750932e-01  3.334658704116e-01  2.168985389639e+00  2.167631966528e+00  2.425160274026e+00 -2.733726280320e+00 
 5.217298625595e-03  2.036226923228e-01  9.789654456352e-01  4.102104633930e-01  2.134346813429e+00  2.163789808284e+00  2.462240230874e+00 -2.777611853553e+00 
 5.227298625595e-03  1.738024007063e-01  9.898445868101e-01  4.853361432324e-01  2.091284946306e+00  2.151408159174e+00  2.489602850517e+00 -2.810535460971e+00 
 5.237298625595e-03  1.432961903629e-01  9.968172636178e-01  5.585464228643e-01  2.039969732519e+00  2.130535885226e+00  2.507140145055e+00 -2.832367168985e+00 
 5.247298625595e-03  1.122244553553e-01  9.998559580885e-01  6.295523750596e-01  1.980603689793e+00  2.101255359594e+00  2.514782902785e+00 -2.843020817925e+00 
 5.257298625595e-03  8.070982185018e-02  9.989486778834e-01  6.980737717822e-01  1.913421109086e+00  2.063682138687e+00  2.512500961428e+00 -2.842454362502e+00 
 5.267298625595e-03  4.887666342984e-02  9.940990036229e-01  7.638401900185e-01  1.838687129319e+00  2.017964506755e+00  2.500303326524e+00 -2.830670037523e+00 
 5.277298625595e-03  1.685061112221e-02  9.853260747557e-01  8.265920804115e-01  1.756696691271e+00  1.964282890782e+00  2.478238136624e+00 -2.807714351458e+00 
 5.287298625595e-03 -1.524194277954e-02  9.726645140241e-01  8.860817891546e-01  1.667773373891e+00  1.902849147562e+00  2.446392473066e+00 -2.773677899225e+00 
 5.297298625595e-03 -4.727434368397e-02  9.561642908239e-01  9.420745380921e-01  1.572268116986e+00  1.833905728068e+00  2.404892016086e+00 -2.728695007696e+00 
 5.307298625595e-03 -7.912017447234e-02  9.358905239976e-01  9.943493490573e-01  1.470557835652e+00  1.757724720286e+00  2.353900548886e+00 -2.672943203098e+00 
 5.317298625595e-03 -1.106537539017e-01  9.119232248409e-01  1.042699917569e+00  1.363043934805e+00  1.674606776098e+00  2.293619311764e+00 -2.606642513195e+00 
 5.327298625595e-03 -1.417506334838e-01  8.843569813338e-01  1.086935425876e+00  1.250150721520e+00  1.584879923379e+00  2.224286207114e+00 -2.530054595553e+00 
 5.337298625595e-03 -1.722880883317e-01  8.533005848456e-01  1.126881296514e+00  1.132323734695e+00  1.488898274023e+00  2.146174860769e+00 -2.443481708278e+00 
 5.347298625595e-03 -2.021456005750e-01  8.188766007850e-01  1.162379881600e+00  1.010027983226e+00  1.387040622998e+00  2.059593542945e+00 -2.347265514961e+00 
 5.357298625595e-03 -2.312053364585e-01  7.812208848903e-01  1.193291084375e+00  8.837461130461e-01  1.279708956368e+00  1.964883950423e+00 -2.241785737142e+00 
 5.367298625595e-03 -2.593526107958e-01  7.404820470687e-01  1.219492912292e+00  7.539765000110e-01  1.167326862924e+00  1.862419858342e+00 -2.127458654586e+00 
 5.377298625595e-03 -2.864763387479e-01  6.968208649015e-01  1.240881958976e+00  6.212312864373e-01  1.050337863853e+00  1.752605646034e+00 -2.004735465140e+00 
 5.387298625595e-03 -3.124694753787e-01  6.504096491276e-01  1.257373811677e+00  4.860343566397e-01  9.292036606930e-01  1.635874699918e+00 -1.874100500589e+00 
 5.397298625595e-03 -3.372294377186e-01  6.014315636126e-01  1.268903384218e+00  3.489192712004e-01  8.044023150578e-01  1.512687703827e+00 -1.736069317280e+00 
 5.407298625595e-03 -3.606585095986e-01  5.500799024839e-01  1.275425174739e+00  2.104271606950e-01  6.764263611985e-01  1.383530820371e+00 -1.591186661593e+00 
 5.417298625595e-03 -3.826642270433e-01  4.965573272877e-01  1.276913444744e+00  7.110459028627e-02  5.457808611682e-01  1.248913772870e+00 -1.440024318772e+00 
 5.427298625595e-03 -4.031597437570e-01  4.410750671762e-01  1.273362320848e+00 -6.849859758222e-02  4.129814133630e-01  1.109367833240e+00 -1.283178857738e+00 
 5.437298625595e-03 -4.220641729771e-01  3.838520852826e-01  1.264785817591e+00 -2.078314528044e-01  2.785521165933e-01  9.654437256395e-01 -1.121269276131e+00 
 5.447298625595e-03 -4.393029078492e-01  3.251142145736e-01  1.251217782730e+00 -3.463440923369e-01  1.430235017615e-01  8.177094527055e-01 -9.549345569043e-01 
 5.457298625595e-03 -4.548079147353e-01  2.650932665904e-01  1.232711762656e+00 -4.834898699773e-01  6.930438430572e-03  6.667480541510e-01 -7.848311470262e-01 
 5.467298625595e-03 -4.685180027154e-01  2.040261165935e-01  1.209340792615e+00 -6.187275341945e-01 -1.291899762437e-01  5.131553056126e-01 -6.116303671344e-01 
 5.477298625595e-03 -4.803790641599e-01  1.421537687250e-01  1.181197107071e+00 -7.515233634040e-01 -2.648005371448e-01  3.575373674976e-01 -4.360157617033e-01 
 5.487298625595e-03 -4.903442887589e-01  7.972040487529e-02  1.148391776020e+00 -8.813532734057e-01 -3.993660514825e-01  2.005083927943e-01 -2.586804010567e-01 
 5.497298625595e-03 -4.983743485645e-01  1.697242100831e-02  1.111054267269e+00 -1.007704884629e+00 -5.323554504430e-01  4.268810304347e-02 -8.032414696451e-02 
 5.507298625595e-03 -5.044375525322e-01 -4.584254525043e-02  1.069331934676e+00 -1.130079545081e+00 -6.632438857341e-01 -1.153006571549e-01  9.834911019428e-02 
 5.517298625595e-03 -5.085099717835e-01 -1.084765919265e-01  1.023389437934e+00 -1.247994298348e+00 -7.915148005122e-01 -2.728343783092e-01  2.766342278244e-01 
 5.527298625595e-03 -5.105755346594e-01 -1.706825310525e-01  9.734080904163e-01 -1.360983787803e+00 -9.166619679891e-01 -4.292913468380e-01  4.538275969218e-01 
 5.537298625595e-03 -5.106260891189e-01 -2.322148642059e-01  9.195851460099e-01 -1.468602096196e+00 -1.038191489410e+00 -5.840540985519e-01  6.292299155990e-01 
 5.547298625595e-03 -5.086614356260e-01 -2.928307513791e-01  8.621330190217e-01 -1.570424503181e+00 -1.155623743543e+00 -7.365118555608e-01  8.021489515519e-01 
 5.557298625595e-03 -5.046893278486e-01 -3.522909693583e-01  8.012784470338e-01 -1.666049162159e+00 -1.268495278666e+00 -8.860629367409e-01  9.719022718715e-01 
 5.567298625595e-03 -4.987254419830e-01 -4.103608558279e-01  7.372615948552e-01 -1.755098686321e+00 -1.376360642491e+00 -1.032117132330e+00  1.137819938339e+00 
 5.577298625595e-03 -4.907933144714e-01 -4.668112354755e-01  6.703351081815e-01 -1.837221637834e+00 -1.478794140043e+00 -1.174098033109e+00  1.299247149344e+00 
 5.587298625595e-03 -4.809242500924e-01 -5.214193244425e-01  6.007631149841e-01 -1.912093914812e+00 -1.575391512364e+00 -1.311445305357e+00  1.455546825285e+00 
 5.597298625595e-03 -4.691571973963e-01 -5.739696095498e-01  5.288201844087e-01 -1.979420030955e+00 -1.665771534434e+00 -1.443616902223e+00  1.606102123013e+00 
 5.607298625595e-03 -4.555385955609e-01 -6.242546988299e-01  4.547902419581e-01 -2.038934279932e+00 -1.749577517156e+00 -1.570091202506e+00  1.750318869483e+00 
 5.617298625595e-03 -4.401221909793e-01 -6.720761400086e-01  3.789654502762e-01 -2.090401787311e+00 -1.826478716685e+00 -1.690369070275e+00  1.887627906876e+00 
 5.627298625595e-03 -4.229688251507e-01 -7.172452037050e-01  3.016450550640e-01 -2.133619434666e+00 -1.896171639441e+00 -1.803975823452e+00  2.017487339578e+00 
 5.637298625595e-03 -4.041461947490e-01 -7.595836282606e-01  2.231342047453e-01 -2.168416659813e+00 -1.958381239092e+00 -1.910463108448e+00  2.139384671557e+00 
 5.647298625595e-03 -3.837285837508e-01 -7.989243232563e-01  1.437427455967e-01 -2.194656135514e+00 -2.012862002710e+00 -2.009410668048e+00  2.252838829509e+00 
 5.657298625595e-03 -3.617965714657e-01 -8.351120289418e-01  6.378399952519e-02 -2.212234305684e+00 -2.059398919344e+00 -2.100428001955e+00  2.357402061676e+00 
 5.667298625595e-03 -3.384367135004e-01 -8.680039289755e-01 -1.642647286644e-02 -2.221081798431e+00 -2.097808329388e+00 -2.183155906154e+00  2.452661705109e+00 
 5.677298625595e-03 -3.137412003125e-01 -8.974702140547e-01 -9.657211747253e-02 -2.221163695212e+00 -2.127938648220e+00 -2.257267891313e+00  2.538241813038e+00 
 5.687298625595e-03 -2.878074938781e-01 -9.233945942143e-01 -1.763366360392e-01 -2.212479674257e+00 -2.149670965504e+00 -2.322471471271e+00  2.613804640203e+00 
 5.697298625595e-03 -2.607379428810e-01 -9.456747577694e-01 -2.554052344640e-01 -2.195064007305e+00 -2.162919513881e+00 -2.378509317525e+00  2.679051975018e+00 
 5.707298625595e-03 -2.326393782569e-01 -9.642227750932e-01 -3.334658651147e-01 -2.168985425029e+00 -2.167632007040e+00 -2.425160274026e+00  2.733726315506e+00 
 5.717298625595e-03 -2.036226922937e-01 -9.789654456352e-01 -4.102104583289e-01 -2.134346848354e+00 -2.163789847400e+00 -2.462240230874e+00  2.777611887575e+00 
 5.727298625595e-03 -1.738024007645e-01 -9.898445868101e-01 -4.853361382266e-01 -2.091284979833e+00 -2.151408197358e+00 -2.489602850634e+00  2.810535494207e+00 
 5.737298625595e-03 -1.432961903338e-01 -9.968172636178e-01 -5.585464182077e-01 -2.039969764650e+00 -2.130535922479e+00 -2.507140145055e+00  2.832367201552e+00 
 5.747298625595e-03 -1.122244553408e-01 -9.998559580885e-01 -6.295523705194e-01 -1.980603720993e+00 -2.101255394984e+00 -2.514782902785e+00  2.843020848761e+00 
 5.757298625595e-03 -8.070982171921e-02 -9.989486778834e-01 -6.980737673584e-01 -1.913421139354e+00 -2.063682172680e+00 -2.512500961311e+00  2.842454391940e+00 
 5.767298625595e-03 -4.887666344439e-02 -9.940990036229e-01 -7.638401858276e-01 -1.838687158655e+00 -2.017964540049e+00 -2.500303326524e+00  2.830670066641e+00 
 5.777298625595e-03 -1.685061112585e-02 -9.853260747557e-01 -8.265920761041e-01 -1.756696719676e+00 -1.964282922912e+00 -2.478238136624e+00  2.807714379285e+00 
 5.787298625595e-03  1.524194277408e-02 -9.726645140242e-01 -8.860817851964e-01 -1.667773401598e+00 -1.902849178761e+00 -2.446392473066e+00  2.773677926472e+00 
 5.797298625595e-03  4.727434367669e-02 -9.561642908239e-01 -9.420745341340e-01 -1.572268143529e+00 -1.833905758103e+00 -2.404892016086e+00  2.728695033781e+00 
 5.807298625595e-03  7.912017435592e-02 -9.358905239977e-01 -9.943493454484e-01 -1.470557861496e+00 -1.757724749390e+00 -2.353900549002e+00  2.672943228710e+00 
 5.817298625595e-03  1.106537538290e-01 -9.119232248409e-01 -1.042699913960e+00 -1.363043959485e+00 -1.674606804270e+00 -2.293619311880e+00  2.606642537831e+00 
 5.827298625595e-03  1.417506335711e-01 -8.843569813338e-01 -1.086935422383e+00 -1.250150745502e+00 -1.584879950853e+00 -2.224286207114e+00  2.530054619447e+00 
 5.837298625595e-03  1.722880882444e-01 -8.533005848457e-01 -1.126881293254e+00 -1.132323757745e+00 -1.488898300333e+00 -2.146174860885e+00  2.443481731416e+00 
 5.847298625595e-03  2.021456006332e-01 -8.188766007851e-01 -1.162379878573e+00 -1.010028005694e+00 -1.387040648377e+00 -2.059593542945e+00  2.347265537254e+00 
 5.857298625595e-03  2.312053366040e-01 -7.812208848904e-01 -1.193291081581e+00 -8.837461345829e-01 -1.279708981048e+00 -1.964883950306e+00  2.241785758883e+00 
 5.867298625595e-03  2.593526107958e-01 -7.404820470688e-01 -1.219492909499e+00 -7.539765210822e-01 -1.167326886905e+00 -1.862419858342e+00  2.127458675773e+00 
 5.877298625595e-03  2.864763387479e-01 -6.968208649016e-01 -1.240881956182e+00 -6.212313068099e-01 -1.050337886903e+00 -1.752605646034e+00  2.004735485396e+00 
 5.887298625595e-03  3.124694753787e-01 -6.504096491277e-01 -1.257373808883e+00 -4.860343761393e-01 -9.292036830448e-01 -1.635874699918e+00  1.874100520147e+00 
 5.897298625595e-03  3.372294378350e-01 -6.014315636127e-01 -1.268903381424e+00 -3.489192901179e-01 -8.044023367111e-01 -1.512687703711e+00  1.736069336023e+00 
 5.907298625595e-03  3.606585095404e-01 -5.500799024840e-01 -1.275425172178e+00 -2.104271790595e-01 -6.764263819205e-01 -1.383530820371e+00  1.591186679811e+00 
 5.917298625595e-03  3.826642270433e-01 -4.965573272878e-01 -1.276913442183e+00 -7.110460803960e-02 -5.457808811916e-01 -1.248913772870e+00  1.440024336234e+00 
 5.927298625595e-03  4.031597436988e-01 -4.410750671763e-01 -1.273362318520e+00  6.849858033820e-02 -4.129814329208e-01 -1.109367833298e+00  1.283178875026e+00 
 5.937298625595e-03  4.220641729771e-01 -3.838520852827e-01 -1.264785815496e+00  2.078314361570e-01 -2.785521355108e-01 -9.654437256395e-01  1.121269292953e+00 
 5.947298625595e-03  4.393029079074e-01 -3.251142145738e-01 -1.251217780402e+00  3.463440762716e-01 -1.430235200096e-01 -8.177094527055e-01  9.549345727658e-01 
 5.957298625595e-03  4.548079147935e-01 -2.650932665905e-01 -1.232711760793e+00  4.834898544359e-01 -6.930456100235e-03 -6.667480541510e-01  7.848311627750e-01 
 5.967298625595e-03  4.685180027154e-01 -2.040261165936e-01 -1.209340790752e+00  6.187275191769e-01  1.291899591743e-01 -5.131553056126e-01  6.116303823411e-01 
 5.977298625595e-03  4.803790641017e-01 -1.421537687251e-01 -1.181197104976e+00  7.515233489685e-01  2.648005207302e-01 -3.575373675267e-01  4.360157760805e-01 
 5.987298625595e-03  4.903442887589e-01 -7.972040487541e-02 -1.148391773924e+00  8.813532592030e-01  3.993660354754e-01 -2.005083927943e-01  2.586804149682e-01 
 5.997298625595e-03  4.983743485645e-01 -1.697242100844e-02 -1.111054265173e+00  1.007704871125e+00  5.323554349598e-01 -4.268810304711e-02  8.032416035222e-02 
 6.007298625595e-03  5.044375525322e-01  4.584254525030e-02 -1.069331933046e+00  1.130079532042e+00  6.632438707165e-01  1.153006571403e-01 -9.834909680658e-02 
 6.017298625595e-03  5.085099717835e-01  1.084765919264e-01 -1.023389436305e+00  1.247994285543e+00  7.915147860767e-01  2.728343783092e-01 -2.766342150188e-01 
 6.027298625595e-03  5.105755346594e-01  1.706825310524e-01 -9.734080887865e-01  1.360983775463e+00  9.166619540192e-01  4.292913468089e-01 -4.538275845818e-01 
 6.037298625595e-03  5.106260891189e-01  2.322148642058e-01 -9.195851443801e-01  1.468602084322e+00  1.038191475905e+00  5.840540985519e-01 -6.292299037246e-01 
 6.047298625595e-03  5.086614356260e-01  2.928307513790e-01 -8.621330175083e-01  1.570424491772e+00  1.155623730505e+00  7.365118555608e-01 -8.021489400268e-01 
 6.057298625595e-03  5.046893279068e-01  3.522909693582e-01 -8.012784455204e-01  1.666049150983e+00  1.268495266093e+00  8.860629367409e-01 -9.719022608703e-01 
 6.067298625595e-03  4.987254419248e-01  4.103608558278e-01 -7.372615934582e-01  1.755098675610e+00  1.376360630384e+00  1.032117132272e+00 -1.137819927571e+00 
 6.077298625595e-03  4.907933144714e-01  4.668112354754e-01 -6.703351069009e-01  1.837221627356e+00  1.478794128168e+00  1.174098033109e+00 -1.299247138750e+00 
 6.087298625595e-03  4.809242500924e-01  5.214193244424e-01 -6.007631137036e-01  1.912093904801e+00  1.575391501188e+00  1.311445305357e+00 -1.455546815390e+00 
 6.097298625595e-03  4.691571973963e-01  5.739696095497e-01 -5.288201831281e-01  1.979420020944e+00  1.665771523258e+00  1.443616902106e+00 -1.606102113117e+00 
 6.107298625595e-03  4.555385955609e-01  6.242546988298e-01 -4.547902407357e-01  2.038934270618e+00  1.749577506445e+00  1.570091202506e+00 -1.750318859995e+00 
 6.117298625595e-03  4.401221910375e-01  6.720761400085e-01 -3.789654491702e-01  2.090401778463e+00  1.826478706440e+00  1.690369070275e+00 -1.887627897796e+00 
 6.127298625595e-03  4.229688251507e-01  7.172452037050e-01 -3.016450539581e-01  2.133619425818e+00  1.896171629429e+00  1.803975823452e+00 -2.017487330672e+00 
 6.137298625595e-03  4.041461946908e-01  7.595836282606e-01 -2.231342036685e-01  2.168416650966e+00  1.958381229313e+00  1.910463108332e+00 -2.139384662797e+00 
 6.147298625595e-03  3.837285838090e-01  7.989243232562e-01 -1.437427445489e-01  2.194656127132e+00  2.012861993397e+00  2.009410668048e+00 -2.252838821301e+00 
 6.157298625595e-03  3.617965715239e-01  8.351120289417e-01 -6.378399852838e-02  2.212234298233e+00  2.059398910031e+00  2.100428001955e+00 -2.357402053418e+00 
 6.167298625595e-03  3.384367133840e-01  8.680039289754e-01  1.642647382323e-02  2.221081790514e+00  2.097808320541e+00  2.183155906037e+00 -2.452661697101e+00 
 6.177298625595e-03  3.137412003125e-01  8.974702140547e-01  9.657211838930e-02  2.221163688228e+00  2.127938639838e+00  2.257267891313e+00 -2.538241805573e+00 
 6.187298625595e-03  2.878074939363e-01  9.233945942143e-01  1.763366369414e-01  2.212479667272e+00  2.149670957588e+00  2.322471471271e+00 -2.613804633247e+00 
 6.197298625595e-03  2.607379428810e-01  9.456747577693e-01  2.554052352789e-01  2.195064000320e+00  2.162919505965e+00  2.378509317525e+00 -2.679051967917e+00 
 6.207298625595e-03  2.326393782569e-01  9.642227750932e-01  3.334658659296e-01  2.168985418510e+00  2.167631999590e+00  2.425160274026e+00 -2.733726308871e+00 
 6.217298625595e-03  2.036226923810e-01  9.789654456352e-01  4.102104590856e-01  2.134346841834e+00  2.163789839949e+00  2.462240230991e+00 -2.777611880969e+00 
 6.227298625595e-03  1.738024006772e-01  9.898445868101e-01  4.853361389833e-01  2.091284973081e+00  2.151408190373e+00  2.489602850517e+00 -2.810535487892e+00 
 6.237298625595e-03  1.432961903338e-01  9.968172636178e-01  5.585464189062e-01  2.039969758596e+00  2.130535915028e+00  2.507140145055e+00 -2.832367194799e+00 
 6.247298625595e-03  1.122244554572e-01  9.998559580885e-01  6.295523712179e-01  1.980603715405e+00  2.101255388465e+00  2.514782902901e+00 -2.843020843056e+00 
 6.257298625595e-03  8.070982182107e-02  9.989486778834e-01  6.980737679405e-01  1.913421133533e+00  2.063682166394e+00  2.512500961428e+00 -2.842454386338e+00 
 6.267298625595e-03  4.887666329887e-02  9.940990036229e-01  7.638401865261e-01  1.838687152835e+00  2.017964533530e+00  2.500303326407e+00 -2.830670060675e+00 
 6.277298625595e-03  1.685061112585e-02  9.853260747557e-01  8.265920768026e-01  1.756696714321e+00  1.964282916859e+00  2.478238136624e+00 -2.807714373930e+00 
 6.287298625595e-03 -1.524194277772e-02  9.726645140242e-01  8.860817857785e-01  1.667773396010e+00  1.902849172940e+00  2.446392473066e+00 -2.773677921230e+00 
 6.297298625595e-03 -4.727434368397e-02  9.561642908239e-01  9.420745347161e-01  1.572268138407e+00  1.833905752515e+00  2.404892016086e+00 -2.728695028767e+00 
 6.307298625595e-03 -7.912017447234e-02  9.358905239977e-01  9.943493459141e-01  1.470557856373e+00  1.757724743569e+00  2.353900548886e+00 -2.672943223238e+00 
 6.317298625595e-03 -1.106537539017e-01  9.119232248410e-01  1.042699914542e+00  1.363043954596e+00  1.674606798450e+00  2.293619311764e+00 -2.606642532520e+00 
 6.327298625595e-03 -1.417506335129e-01  8.843569813339e-01  1.086935423082e+00  1.250150741311e+00  1.584879945498e+00  2.224286207114e+00 -2.530054614848e+00 
 6.337298625595e-03 -1.722880882153e-01  8.533005848457e-01  1.126881293952e+00  1.132323753554e+00  1.488898295211e+00  2.146174860885e+00 -2.443481727021e+00 
 6.347298625595e-03 -2.021456006041e-01  8.188766007852e-01  1.162379879039e+00  1.010028001503e+00  1.387040643720e+00  2.059593542945e+00 -2.347265533092e+00 
 6.357298625595e-03 -2.312053366040e-01  7.812208848904e-01  1.193291082047e+00  8.837461305084e-01  1.279708976392e+00  1.964883950306e+00 -2.241785754692e+00 
 6.367298625595e-03 -2.593526107958e-01  7.404820470689e-01  1.219492910197e+00  7.539765171241e-01  1.167326882249e+00  1.862419858342e+00 -2.127458671815e+00 
 6.377298625595e-03 -2.864763388061e-01  6.968208649017e-01  1.240881956648e+00  6.212313028518e-01  1.050337882480e+00  1.752605646034e+00 -2.004735481380e+00 
 6.387298625595e-03 -3.124694753205e-01  6.504096491278e-01  1.257373809349e+00  4.860343725304e-01  9.292036787374e-01  1.635874699918e+00 -1.874100516364e+00 
 6.397298625595e-03 -3.372294378350e-01  6.014315636128e-01  1.268903381890e+00  3.489192864508e-01  8.044023326365e-01  1.512687703711e+00 -1.736069332414e+00 
 6.407298625595e-03 -3.606585095404e-01  5.500799024841e-01  1.275425172411e+00  2.104271755961e-01  6.764263780788e-01  1.383530820371e+00 -1.591186676203e+00 
 6.417298625595e-03 -3.826642271597e-01  4.965573272879e-01  1.276913442882e+00  7.110460463446e-02  5.457808774663e-01  1.248913772812e+00 -1.440024333091e+00 
 6.427298625595e-03 -4.031597436988e-01  4.410750671764e-01  1.273362318985e+00 -6.849858364149e-02  4.129814291373e-01  1.109367833240e+00 -1.283178871708e+00 
 6.437298625595e-03 -4.220641730935e-01  3.838520852828e-01  1.264785815962e+00 -2.078314393875e-01  2.785521319020e-01  9.654437255813e-01 -1.121269289693e+00 
 6.447298625595e-03 -4.393029078492e-01  3.251142145739e-01  1.251217780868e+00 -3.463440792984e-01  1.430235165462e-01  8.177094527055e-01 -9.549345698264e-01 
 6.457298625595e-03 -4.548079147935e-01  2.650932665906e-01  1.232711760793e+00 -4.834898573463e-01  6.930452739653e-03  6.667480541510e-01 -7.848311594144e-01 
 6.467298625595e-03 -4.685180026572e-01  2.040261165937e-01  1.209340790752e+00 -6.187275219709e-01 -1.291899624048e-01  5.131553056126e-01 -6.116303791688e-01 
 6.477298625595e-03 -4.803790641017e-01  1.421537687253e-01  1.181197105208e+00 -7.515233515296e-01 -2.648005238152e-01  3.575373675267e-01 -4.360157732284e-01 
 6.487298625595e-03 -4.903442888171e-01  7.972040487554e-02  1.148391774390e+00 -8.813532618806e-01 -3.993660384440e-01  2.005083927943e-01 -2.586804124071e-01 
 6.497298625595e-03 -4.983743485645e-01  1.697242100857e-02  1.111054265639e+00 -1.007704873569e+00 -5.323554378701e-01  4.268810304711e-02 -8.032415790751e-02 
 6.507298625595e-03 -5.044375524740e-01 -4.584254525017e-02  1.069331933511e+00 -1.130079534603e+00 -6.632438736269e-01 -1.153006571403e-01  9.834909919308e-02 
 6.517298625595e-03 -5.085099717253e-01 -1.084765919263e-01  1.023389436537e+00 -1.247994287871e+00 -7.915147887543e-01 -2.728343783238e-01  2.766342174053e-01 
 6.527298625595e-03 -5.105755346012e-01 -1.706825310523e-01  9.734080891358e-01 -1.360983777791e+00 -9.166619564639e-01 -4.292913468671e-01  4.538275866191e-01 
 6.537298625595e-03 -5.106260891189e-01 -2.322148642056e-01  9.195851446129e-01 -1.468602086650e+00 -1.038191478467e+00 -5.840540985810e-01  6.292299060529e-01 
 6.547298625595e-03 -5.086614356842e-01 -2.928307513789e-01  8.621330177411e-01 -1.570424493868e+00 -1.155623732833e+00 -7.365118555608e-01  8.021489421805e-01 
 6.557298625595e-03 -5.046893279068e-01 -3.522909693581e-01  8.012784457533e-01 -1.666049153078e+00 -1.268495268654e+00 -8.860629367409e-01  9.719022631986e-01 
 6.567298625595e-03 -4.987254419248e-01 -4.103608558276e-01  7.372615936911e-01 -1.755098677473e+00 -1.376360632712e+00 -1.032117132272e+00  1.137819929666e+00 
 6.577298625595e-03 -4.907933145296e-01 -4.668112354753e-01  6.703351070173e-01 -1.837221629452e+00 -1.478794130264e+00 -1.174098033109e+00  1.299247140788e+00 
 6.587298625595e-03 -4.809242500924e-01 -5.214193244423e-01  6.007631139364e-01 -1.912093906663e+00 -1.575391503284e+00 -1.311445305357e+00  1.455546817252e+00 
 6.597298625595e-03 -4.691571973381e-01 -5.739696095496e-01  5.288201833609e-01 -1.979420022573e+00 -1.665771525353e+00 -1.443616902106e+00  1.606102114922e+00 
 6.607298625595e-03 -4.555385955027e-01 -6.242546988297e-01  4.547902409104e-01 -2.038934272481e+00 -1.749577508541e+00 -1.570091202506e+00  1.750318861858e+00 
 6.617298625595e-03 -4.401221910375e-01 -6.720761400084e-01  3.789654492866e-01 -2.090401780326e+00 -1.826478708303e+00 -1.690369070275e+00  1.887627899542e+00 
 6.627298625595e-03 -4.229688250925e-01 -7.172452037049e-01  3.016450541909e-01 -2.133619426750e+00 -1.896171631292e+00 -1.803975823452e+00  2.017487332244e+00 
 6.637298625595e-03 -4.041461946908e-01 -7.595836282605e-01  2.231342038140e-01 -2.168416652828e+00 -1.958381230943e+00 -1.910463108332e+00  2.139384664281e+00 
 6.647298625595e-03 -3.837285838090e-01 -7.989243232561e-01  1.437427447236e-01 -2.194656128529e+00 -2.012861995026e+00 -2.009410668048e+00  2.252838822757e+00 
 6.657298625595e-03 -3.617965715821e-01 -8.351120289416e-01  6.378399868117e-02 -2.212234299164e+00 -2.059398912126e+00 -2.100428001955e+00  2.357402055419e+00 
 6.667298625595e-03 -3.384367135004e-01 -8.680039289753e-01 -1.642647368135e-02 -2.221081792377e+00 -2.097808322404e+00 -2.183155906154e+00  2.452661698939e+00 
 6.677298625595e-03 -3.137412002543e-01 -8.974702140546e-01 -9.657211824378e-02 -2.221163690090e+00 -2.127938641701e+00 -2.257267891313e+00  2.538241807232e+00 
 6.687298625595e-03 -2.878074938781e-01 -9.233945942142e-01 -1.763366367959e-01 -2.212479669135e+00 -2.149670959450e+00 -2.322471471271e+00  2.613804634906e+00 
 6.697298625595e-03 -2.607379429101e-01 -9.456747577693e-01 -2.554052351916e-01 -2.195064001717e+00 -2.162919507828e+00 -2.378509317525e+00  2.679051969721e+00 
 6.707298625595e-03 -2.326393782569e-01 -9.642227750931e-01 -3.334658658132e-01 -2.168985419907e+00 -2.167632001452e+00 -2.425160274026e+00  2.733726310617e+00 
 6.717298625595e-03 -2.036226922937e-01 -9.789654456352e-01 -4.102104590274e-01 -2.134346842766e+00 -2.163789841812e+00 -2.462240230874e+00  2.777611882686e+00 
 6.727298625595e-03 -1.738024006772e-01 -9.898445868101e-01 -4.853361388668e-01 -2.091284974478e+00 -2.151408191305e+00 -2.489602850517e+00  2.810535488707e+00 
 6.737298625595e-03 -1.432961903629e-01 -9.968172636178e-01 -5.585464187898e-01 -2.039969759760e+00 -2.130535916425e+00 -2.507140145055e+00  2.832367196109e+00 
 6.747298625595e-03 -1.122244554572e-01 -9.998559580885e-01 -6.295523711015e-01 -1.980603716336e+00 -2.101255389396e+00 -2.514782902901e+00  2.843020843871e+00 
 6.757298625595e-03 -8.070982170466e-02 -9.989486778834e-01 -6.980737679405e-01 -1.913421134464e+00 -2.063682168024e+00 -2.512500961311e+00  2.842454387851e+00 
 6.767298625595e-03 -4.887666344439e-02 -9.940990036229e-01 -7.638401864097e-01 -1.838687154232e+00 -2.017964535160e+00 -2.500303326524e+00  2.830670062334e+00 
 6.777298625595e-03 -1.685061112221e-02 -9.853260747558e-01 -8.265920766862e-01 -1.756696715252e+00 -1.964282918023e+00 -2.478238136624e+00  2.807714374974e+00 
 6.787298625595e-03  1.524194277954e-02 -9.726645140242e-01 -8.860817857785e-01 -1.667773397174e+00 -1.902849174105e+00 -2.446392473066e+00  2.773677922392e+00 
 6.797298625595e-03  4.727434367669e-02 -9.561642908240e-01 -9.420745347161e-01 -1.572268139105e+00 -1.833905753680e+00 -2.404892016086e+00  2.728695029939e+00 
 6.807298625595e-03  7.912017447234e-02 -9.358905239978e-01 -9.943493457977e-01 -1.470557857305e+00 -1.757724744733e+00 -2.353900548886e+00  2.672943224286e+00 
 6.817298625595e-03  1.106537537999e-01 -9.119232248410e-01 -1.042699914309e+00 -1.363043955760e+00 -1.674606799847e+00 -2.293619311880e+00  2.606642533786e+00 
 6.827298625595e-03  1.417506335420e-01 -8.843569813339e-01 -1.086935422849e+00 -1.250150742009e+00 -1.584879946429e+00 -2.224286207114e+00  2.530054615518e+00 
 6.837298625595e-03  1.722880883899e-01 -8.533005848458e-01 -1.126881293487e+00 -1.132323754253e+00 -1.488898296142e+00 -2.146174860769e+00  2.443481727312e+00 
 6.847298625595e-03  2.021456006041e-01 -8.188766007852e-01 -1.162379879039e+00 -1.010028002318e+00 -1.387040644651e+00 -2.059593542945e+00  2.347265534024e+00 
 6.857298625595e-03  2.312053364876e-01 -7.812208848905e-01 -1.193291081581e+00 -8.837461313233e-01 -1.279708977323e+00 -1.964883950423e+00  2.241785755274e+00 
 6.867298625595e-03  2.593526108831e-01 -7.404820470690e-01 -1.219492909964e+00 -7.539765178226e-01 -1.167326883180e+00 -1.862419858226e+00  2.127458672426e+00 
 6.877298625595e-03  2.864763386315e-01 -6.968208649018e-01 -1.240881956881e+00 -6.212313035503e-01 -1.050337883411e+00 -1.752605646034e+00  2.004735482718e+00 
 6.887298625595e-03  3.124694753205e-01 -6.504096491279e-01 -1.257373809349e+00 -4.860343732289e-01 -9.292036795523e-01 -1.635874699918e+00  1.874100517178e+00 
 6.897298625595e-03  3.372294377186e-01 -6.014315636129e-01 -1.268903381890e+00 -3.489192873240e-01 -8.044023333350e-01 -1.512687703827e+00  1.736069333229e+00 
 6.907298625595e-03  3.606585095986e-01 -5.500799024842e-01 -1.275425172644e+00 -2.104271762364e-01 -6.764263787773e-01 -1.383530820371e+00  1.591186677076e+00 
 6.917298625595e-03  3.826642271597e-01 -4.965573272881e-01 -1.276913442649e+00 -7.110460526019e-02 -5.457808782812e-01 -1.248913772812e+00  1.440024333673e+00 
 6.927298625595e-03  4.031597436988e-01 -4.410750671765e-01 -1.273362318985e+00  6.849858304486e-02 -4.129814298940e-01 -1.109367833240e+00  1.283178872465e+00 
 6.937298625595e-03  4.220641729771e-01 -3.838520852829e-01 -1.264785815496e+00  2.078314387472e-01 -2.785521326005e-01 -9.654437256395e-01  1.121269290042e+00 
 6.947298625595e-03  4.393029078492e-01 -3.251142145740e-01 -1.251217780868e+00  3.463440787164e-01 -1.430235172156e-01 -8.177094527055e-01  9.549345704957e-01 
 6.957298625595e-03  4.548079147353e-01 -2.650932665907e-01 -1.232711760793e+00  4.834898568224e-01 -6.930453380846e-03 -6.667480541510e-01  7.848311601138e-01 
 6.967298625595e-03  4.685180027154e-01 -2.040261165938e-01 -1.209340790752e+00  6.187275215052e-01  1.291899617790e-01 -5.131553056126e-01  6.116303797363e-01 
 6.977298625595e-03  4.803790641017e-01 -1.421537687254e-01 -1.181197105208e+00  7.515233511804e-01  2.648005232331e-01 -3.575373675267e-01  4.360157738105e-01 
 6.987298625595e-03  4.903442888171e-01 -7.972040487567e-02 -1.148391774390e+00  8.813532614149e-01  3.993660379783e-01 -2.005083927943e-01  2.586804128728e-01 
 6.997298625595e-03  4.983743485645e-01 -1.697242100869e-02 -1.111054265639e+00  1.007704872987e+00  5.323554372881e-01 -4.268810305075e-02  8.032415848958e-02 
 7.007298625595e-03  5.044375524740e-01  4.584254525004e-02 -1.069331933511e+00  1.130079534138e+00  6.632438730448e-01  1.153006571403e-01 -9.834909861101e-02 
 7.017298625595e-03  5.085099717253e-01  1.084765919261e-01 -1.023389436537e+00  1.247994287638e+00  7.915147881722e-01  2.728343783092e-01 -2.766342168232e-01 
 7.027298625595e-03  5.105755346012e-01  1.706825310522e-01 -9.734080890194e-01  1.360983777558e+00  9.166619561147e-01  4.292913468380e-01 -4.538275863862e-01 
 7.037298625595e-03  5.106260891189e-01  2.322148642055e-01 -9.195851446129e-01  1.468602086185e+00  1.038191478117e+00  5.840540985519e-01 -6.292299057037e-01 
 7.047298625595e-03  5.086614356842e-01  2.928307513788e-01 -8.621330177411e-01  1.570424493635e+00  1.155623732368e+00  7.365118555608e-01 -8.021489417148e-01 
 7.057298625595e-03  5.046893279068e-01  3.522909693580e-01 -8.012784456369e-01  1.666049152846e+00  1.268495268188e+00  8.860629367409e-01 -9.719022628493e-01 
 7.067298625595e-03  4.987254419830e-01  4.103608558275e-01 -7.372615935747e-01  1.755098677473e+00  1.376360632479e+00  1.032117132330e+00 -1.137819929608e+00 
 7.077298625595e-03  4.907933144714e-01  4.668112354752e-01 -6.703351069009e-01  1.837221628986e+00  1.478794130031e+00  1.174098033109e+00 -1.299247140613e+00 
 7.087298625595e-03  4.809242500924e-01  5.214193244422e-01 -6.007631139364e-01  1.912093906431e+00  1.575391502818e+00  1.311445305357e+00 -1.455546816787e+00 
 7.097298625595e-03  4.691571973963e-01  5.739696095495e-01 -5.288201831281e-01  1.979420022573e+00  1.665771525120e+00  1.443616902223e+00 -1.606102114980e+00 
 7.107298625595e-03  4.555385955027e-01  6.242546988296e-01 -4.547902409686e-01  2.038934272015e+00  1.749577508308e+00  1.570091202506e+00 -1.750318861567e+00 
 7.117298625595e-03  4.401221909793e-01  6.720761400083e-01 -3.789654492866e-01  2.090401780093e+00  1.826478708070e+00  1.690369070275e+00 -1.887627899251e+00 
 7.127298625595e-03  4.229688252090e-01  7.172452037048e-01 -3.016450541327e-01  2.133619426750e+00  1.896171631059e+00  1.803975823568e+00 -2.017487332186e+00 
 7.137298625595e-03  4.041461946908e-01  7.595836282604e-01 -2.231342038140e-01  2.168416652363e+00  1.958381230710e+00  1.910463108332e+00 -2.139384664048e+00 
 7.147298625595e-03  3.837285837508e-01  7.989243232560e-01 -1.437427446945e-01  2.194656128064e+00  2.012861994561e+00  2.009410668048e+00 -2.252838822262e+00 
 7.157298625595e-03  3.617965714657e-01  8.351120289416e-01 -6.378399865207e-02  2.212234299164e+00  2.059398911661e+00  2.100428001955e+00 -2.357402054866e+00 
 7.167298625595e-03  3.384367133840e-01  8.680039289753e-01  1.642647370318e-02  2.221081791446e+00  2.097808321938e+00  2.183155906037e+00 -2.452661698378e+00 
 7.177298625595e-03  3.137412002543e-01  8.974702140546e-01  9.657211827289e-02  2.221163689159e+00  2.127938641701e+00  2.257267891313e+00 -2.538241807261e+00 
 7.187298625595e-03  2.878074938781e-01  9.233945942141e-01  1.763366368250e-01  2.212479668669e+00  2.149670958985e+00  2.322471471271e+00 -2.613804634469e+00 
 7.197298625595e-03  2.607379429101e-01  9.456747577692e-01  2.554052351916e-01  2.195064001251e+00  2.162919507828e+00  2.378509317525e+00 -2.679051969721e+00 
 7.207298625595e-03  2.326393782569e-01  9.642227750931e-01  3.334658658132e-01  2.168985419441e+00  2.167632000986e+00  2.425160274026e+00 -2.733726310151e+00 
 7.217298625595e-03  2.036226924101e-01  9.789654456351e-01  4.102104589692e-01  2.134346842766e+00  2.163789840881e+00  2.462240230991e+00 -2.777611881813e+00 
 7.227298625595e-03  1.738024006772e-01  9.898445868100e-01  4.853361389250e-01  2.091284974478e+00  2.151408190839e+00  2.489602850517e+00 -2.810535488299e+00 
 7.237298625595e-03  1.432961903338e-01  9.968172636178e-01  5.585464187898e-01  2.039969759295e+00  2.130535915960e+00  2.507140145055e+00 -2.832367195614e+00 
 7.247298625595e-03  1.122244553553e-01  9.998559580885e-01  6.295523711015e-01  1.980603716103e+00  2.101255389396e+00  2.514782902785e+00 -2.843020843769e+00 
 7.257298625595e-03  8.070982183563e-02  9.989486778834e-01  6.980737678241e-01  1.913421134464e+00  2.063682167325e+00  2.512500961428e+00 -2.842454387167e+00 
 7.267298625595e-03  4.887666342256e-02  9.940990036229e-01  7.638401864097e-01  1.838687153766e+00  2.017964534694e+00  2.500303326524e+00 -2.830670061846e+00 
 7.277298625595e-03  1.685061101307e-02  9.853260747558e-01  8.265920768026e-01  1.756696715020e+00  1.964282917790e+00  2.478238136508e+00 -2.807714374748e+00 
 7.287298625595e-03 -1.524194275953e-02  9.726645140243e-01  8.860817857785e-01  1.667773396941e+00  1.902849173872e+00  2.446392473066e+00 -2.773677922179e+00 
 7.297298625595e-03 -4.727434366214e-02  9.561642908240e-01  9.420745347161e-01  1.572268139105e+00  1.833905753214e+00  2.404892016086e+00 -2.728695029488e+00 
 7.307298625595e-03 -7.912017434137e-02  9.358905239978e-01  9.943493459141e-01  1.470557857305e+00  1.757724744733e+00  2.353900549002e+00 -2.672943224533e+00 
 7.317298625595e-03 -1.106537539308e-01  9.119232248411e-01  1.042699914309e+00  1.363043955294e+00  1.674606799381e+00  2.293619311764e+00 -2.606642533189e+00 
 7.327298625595e-03 -1.417506335420e-01  8.843569813340e-01  1.086935422616e+00  1.250150741776e+00  1.584879946196e+00  2.224286207114e+00 -2.530054615052e+00 
 7.337298625595e-03 -1.722880882735e-01  8.533005848459e-01  1.126881293952e+00  1.132323754253e+00  1.488898295909e+00  2.146174860885e+00 -2.443481727661e+00 
 7.347298625595e-03 -2.021456006332e-01  8.188766007853e-01  1.162379879039e+00  1.010028002085e+00  1.387040644186e+00  2.059593542945e+00 -2.347265533529e+00 
 7.357298625595e-03 -2.312053365749e-01  7.812208848906e-01  1.193291081581e+00  8.837461310904e-01  1.279708977090e+00  1.964883950306e+00 -2.241785754954e+00 
 7.367298625595e-03 -2.593526108540e-01  7.404820470691e-01  1.219492910197e+00  7.539765175898e-01  1.167326882947e+00  1.862419858226e+00 -2.127458672456e+00 
 7.377298625595e-03 -2.864763386315e-01  6.968208649018e-01  1.240881956648e+00  6.212313034339e-01  1.050337883178e+00  1.752605646034e+00 -2.004735482253e+00 
 7.387298625595e-03 -3.124694753787e-01  6.504096491280e-01  1.257373809349e+00  4.860343730543e-01  9.292036794359e-01  1.635874699918e+00 -1.874100517004e+00 
 7.397298625595e-03 -3.372294378350e-01  6.014315636130e-01  1.268903381890e+00  3.489192870329e-01  8.044023332186e-01  1.512687703711e+00 -1.736069332996e+00 
 7.407298625595e-03 -3.606585095404e-01  5.500799024843e-01  1.275425172644e+00  2.104271761200e-01  6.764263785444e-01  1.383530820371e+00 -1.591186676901e+00 
 7.417298625595e-03 -3.826642271015e-01  4.965573272882e-01  1.276913442649e+00  7.110460521653e-02  5.457808780484e-01  1.248913772870e+00 -1.440024333499e+00 
 7.427298625595e-03 -4.031597436988e-01  4.410750671767e-01  1.273362318985e+00 -6.849858314672e-02  4.129814297776e-01  1.109367833240e+00 -1.283178872348e+00 
 7.437298625595e-03 -4.220641730353e-01  3.838520852830e-01  1.264785815496e+00 -2.078314388345e-01  2.785521324258e-01  9.654437256395e-01 -1.121269289809e+00 
 7.447298625595e-03 -4.393029077910e-01  3.251142145741e-01  1.251217780868e+00 -3.463440788328e-01  1.430235170992e-01  8.177094527055e-01 -9.549345704375e-01 
 7.457298625595e-03 -4.548079147353e-01  2.650932665909e-01  1.232711761026e+00 -4.834898569388e-01  6.930453257155e-03  6.667480541510e-01 -7.848311602229e-01 
 7.467298625595e-03 -4.685180027154e-01  2.040261165940e-01  1.209340790752e+00 -6.187275213888e-01 -1.291899618955e-01  5.131553056126e-01 -6.116303796199e-01 
 7.477298625595e-03 -4.803790641017e-01  1.421537687255e-01  1.181197105208e+00 -7.515233511804e-01 -2.648005232913e-01  3.575373675267e-01 -4.360157737522e-01 
 7.487298625595e-03 -4.903442888171e-01  7.972040487579e-02  1.148391774390e+00 -8.813532615313e-01 -3.993660379783e-01  2.005083927797e-01 -2.586804128728e-01 
 7.497298625595e-03 -4.983743485645e-01  1.697242100883e-02  1.111054265639e+00 -1.007704873220e+00 -5.323554374045e-01  4.268810305075e-02 -8.032415837316e-02 
 7.507298625595e-03 -5.044375525322e-01 -4.584254524992e-02  1.069331933511e+00 -1.130079534138e+00 -6.632438731613e-01 -1.153006571403e-01  9.834909878563e-02 
 7.517298625595e-03 -5.085099717835e-01 -1.084765919260e-01  1.023389436537e+00 -1.247994287638e+00 -7.915147882886e-01 -2.728343783092e-01  2.766342169979e-01 
 7.527298625595e-03 -5.105755346012e-01 -1.706825310520e-01  9.734080890194e-01 -1.360983777558e+00 -9.166619562311e-01 -4.292913468380e-01  4.538275865026e-01 
 7.537298625595e-03 -5.106260890607e-01 -2.322148642054e-01  9.195851446129e-01 -1.468602086185e+00 -1.038191478117e+00 -5.840540985519e-01  6.292299056455e-01 
 7.547298625595e-03 -5.086614356260e-01 -2.928307513786e-01  8.621330177411e-01 -1.570424493402e+00 -1.155623732833e+00 -7.365118555608e-01  8.021489421223e-01 
 7.557298625595e-03 -5.046893279068e-01 -3.522909693578e-01  8.012784457533e-01 -1.666049152846e+00 -1.268495268188e+00 -8.860629367409e-01  9.719022627329e-01 
 7.567298625595e-03 -4.987254418666e-01 -4.103608558274e-01  7.372615936911e-01 -1.755098677240e+00 -1.376360632479e+00 -1.032117132272e+00  1.137819929375e+00 
 7.577298625595e-03 -4.907933144714e-01 -4.668112354751e-01  6.703351069009e-01 -1.837221628986e+00 -1.478794130031e+00 -1.174098033109e+00  1.299247140613e+00 
 7.587298625595e-03 -4.809242500341e-01 -5.214193244421e-01  6.007631139364e-01 -1.912093906198e+00 -1.575391502818e+00 -1.311445305299e+00  1.455546816729e+00 
 7.597298625595e-03 -4.691571974545e-01 -5.739696095493e-01  5.288201832445e-01 -1.979420022806e+00 -1.665771525353e+00 -1.443616902223e+00  1.606102115155e+00 
 7.607298625595e-03 -4.555385955027e-01 -6.242546988295e-01  4.547902409104e-01 -2.038934272481e+00 -1.749577508075e+00 -1.570091202506e+00  1.750318861392e+00 
 7.617298625595e-03 -4.401221909793e-01 -6.720761400082e-01  3.789654492866e-01 -2.090401780093e+00 -1.826478708070e+00 -1.690369070275e+00  1.887627899251e+00 
 7.627298625595e-03 -4.229688252672e-01 -7.172452037047e-01  3.016450541909e-01 -2.133619427215e+00 -1.896171631059e+00 -1.803975823568e+00  2.017487332186e+00 
 7.637298625595e-03 -4.041461948073e-01 -7.595836282603e-01  2.231342038140e-01 -2.168416653294e+00 -1.958381230943e+00 -1.910463108448e+00  2.139384664398e+00 
 7.647298625595e-03 -3.837285837508e-01 -7.989243232559e-01  1.437427446945e-01 -2.194656128529e+00 -2.012861995026e+00 -2.009410668048e+00  2.252838822727e+00 
 7.657298625595e-03 -3.617965715821e-01 -8.351120289415e-01  6.378399864479e-02 -2.212234299164e+00 -2.059398911893e+00 -2.100428002072e+00  2.357402055222e+00 
 7.667298625595e-03 -3.384367133258e-01 -8.680039289752e-01 -1.642647371045e-02 -2.221081791911e+00 -2.097808322404e+00 -2.183155906037e+00  2.452661698793e+00 
 7.677298625595e-03 -3.137412002543e-01 -8.974702140545e-01 -9.657211827289e-02 -2.221163689625e+00 -2.127938641701e+00 -2.257267891313e+00  2.538241807261e+00 
 7.687298625595e-03 -2.878074938781e-01 -9.233945942141e-01 -1.763366368250e-01 -2.212479668669e+00 -2.149670959450e+00 -2.322471471271e+00  2.613804634935e+00 
 7.697298625595e-03 -2.607379429101e-01 -9.456747577692e-01 -2.554052351916e-01 -2.195064001717e+00 -2.162919507828e+00 -2.378509317525e+00  2.679051969721e+00 
 7.707298625595e-03 -2.326393782569e-01 -9.642227750931e-01 -3.334658658132e-01 -2.168985419441e+00 -2.167632000986e+00 -2.425160274026e+00  2.733726310151e+00 
 7.717298625595e-03 -2.036226922937e-01 -9.789654456351e-01 -4.102104590274e-01 -2.134346842766e+00 -2.163789841812e+00 -2.462240230874e+00  2.777611882686e+00 
 7.727298625595e-03 -1.738024007063e-01 -9.898445868100e-01 -4.853361388668e-01 -2.091284974711e+00 -2.151408191770e+00 -2.489602850517e+00  2.810535489202e+00 
 7.737298625595e-03 -1.432961903629e-01 -9.968172636178e-01 -5.585464187898e-01 -2.039969759528e+00 -2.130535916425e+00 -2.507140145055e+00  2.832367196109e+00 
 7.747298625595e-03 -1.122244553553e-01 -9.998559580885e-01 -6.295523711015e-01 -1.980603715871e+00 -2.101255389862e+00 -2.514782902785e+00  2.843020844235e+00 
 7.757298625595e-03 -8.070982183563e-02 -9.989486778834e-01 -6.980737679405e-01 -1.913421134464e+00 -2.063682167325e+00 -2.512500961428e+00  2.842454387284e+00 
 7.767298625595e-03 -4.887666342984e-02 -9.940990036229e-01 -7.638401865261e-01 -1.838687153766e+00 -2.017964534461e+00 -2.500303326524e+00  2.830670061737e+00 
 7.777298625595e-03 -1.685061111857e-02 -9.853260747558e-01 -8.265920768026e-01 -1.756696715020e+00 -1.964282917790e+00 -2.478238136624e+00  2.807714374854e+00 
 7.787298625595e-03  1.524194278136e-02 -9.726645140243e-01 -8.860817857785e-01 -1.667773396941e+00 -1.902849173872e+00 -2.446392473066e+00  2.773677922157e+00 
 7.797298625595e-03  4.727434368397e-02 -9.561642908240e-01 -9.420745347161e-01 -1.572268139105e+00 -1.833905753214e+00 -2.404892016086e+00  2.728695029466e+00 
 7.807298625595e-03  7.912017447234e-02 -9.358905239978e-01 -9.943493457977e-01 -1.470557857305e+00 -1.757724744501e+00 -2.353900548886e+00  2.672943224053e+00 
 7.817298625595e-03  1.106537539017e-01 -9.119232248411e-01 -1.042699914309e+00 -1.363043955294e+00 -1.674606799614e+00 -2.293619311764e+00  2.606642533451e+00 
 7.827298625595e-03  1.417506335129e-01 -8.843569813341e-01 -1.086935422616e+00 -1.250150742009e+00 -1.584879946429e+00 -2.224286207114e+00  2.530054615314e+00 
 7.837298625595e-03  1.722880882153e-01 -8.533005848459e-01 -1.126881293952e+00 -1.132323754253e+00 -1.488898295909e+00 -2.146174860885e+00  2.443481727719e+00 
 7.847298625595e-03  2.021456007205e-01 -8.188766007854e-01 -1.162379879039e+00 -1.010028002085e+00 -1.387040644418e+00 -2.059593542828e+00  2.347265533675e+00 
 7.857298625595e-03  2.312053365749e-01 -7.812208848907e-01 -1.193291081581e+00 -8.837461312069e-01 -1.279708976857e+00 -1.964883950306e+00  2.241785754721e+00 
 7.867298625595e-03  2.593526107084e-01 -7.404820470692e-01 -1.219492909964e+00 -7.539765177062e-01 -1.167326882947e+00 -1.862419858342e+00  2.127458672368e+00 
 7.877298625595e-03  2.864763385733e-01 -6.968208649019e-01 -1.240881956648e+00 -6.212313036667e-01 -1.050337883178e+00 -1.752605646150e+00  2.004735482311e+00 
 7.887298625595e-03  3.124694754370e-01 -6.504096491281e-01 -1.257373809349e+00 -4.860343730543e-01 -9.292036794359e-01 -1.635874699918e+00  1.874100516946e+00 
 7.897298625595e-03  3.372294377186e-01 -6.014315636131e-01 -1.268903381890e+00 -3.489192871493e-01 -8.044023333350e-01 -1.512687703827e+00  1.736069333229e+00 
 7.907298625595e-03  3.606585095986e-01 -5.500799024844e-01 -1.275425172411e+00 -2.104271761491e-01 -6.764263786608e-01 -1.383530820371e+00  1.591186676726e+00 
 7.917298625595e-03  3.826642270433e-01 -4.965573272883e-01 -1.276913442882e+00 -7.110460521653e-02 -5.457808781648e-01 -1.248913772870e+00  1.440024333906e+00 
 7.927298625595e-03  4.031597437570e-01 -4.410750671768e-01 -1.273362318985e+00  6.849858314672e-02 -4.129814298358e-01 -1.109367833240e+00  1.283178872348e+00 
 7.937298625595e-03  4.220641729771e-01 -3.838520852831e-01 -1.264785815729e+00  2.078314388345e-01 -2.785521324840e-01 -9.654437256395e-01  1.121269290159e+00 
 7.947298625595e-03  4.393029079074e-01 -3.251142145742e-01 -1.251217780868e+00  3.463440788328e-01 -1.430235170992e-01 -8.177094527055e-01  9.549345703211e-01 
 7.957298625595e-03  4.548079147935e-01 -2.650932665910e-01 -1.232711760793e+00  4.834898568806e-01 -6.930453285349e-03 -6.667480542092e-01  7.848311599601e-01 
 7.967298625595e-03  4.685180027154e-01 -2.040261165941e-01 -1.209340790985e+00  6.187275215052e-01  1.291899618809e-01 -5.131553056126e-01  6.116303798673e-01 
 7.977298625595e-03  4.803790641017e-01 -1.421537687256e-01 -1.181197105208e+00  7.515233512968e-01  2.648005232913e-01 -3.575373675267e-01  4.360157737522e-01 
 7.987298625595e-03  4.903442888171e-01 -7.972040487592e-02 -1.148391774390e+00  8.813532614149e-01  3.993660380365e-01 -2.005083927943e-01  2.586804128146e-01 
 7.997298625595e-03  4.983743485645e-01 -1.697242100895e-02 -1.111054265639e+00  1.007704873220e+00  5.323554372881e-01 -4.268810304711e-02  8.032415848958e-02 
 8.007298625595e-03  5.044375525322e-01  4.584254524979e-02 -1.069331933511e+00  1.130079534138e+00  6.632438731613e-01  1.153006571476e-01 -9.834909878563e-02 
 8.017298625595e-03  5.085099718417e-01  1.084765919259e-01 -1.023389436537e+00  1.247994287405e+00  7.915147882886e-01  2.728343783092e-01 -2.766342170561e-01 
 8.027298625595e-03  5.105755346594e-01  1.706825310519e-01 -9.734080890194e-01  1.360983777326e+00  9.166619561147e-01  4.292913468380e-01 -4.538275864444e-01 
 8.037298625595e-03  5.106260891189e-01  2.322148642053e-01 -9.195851446129e-01  1.468602086185e+00  1.038191478117e+00  5.840540985519e-01 -6.292299057037e-01 
 8.047298625595e-03  5.086614356842e-01  2.928307513785e-01 -8.621330177411e-01  1.570424493635e+00  1.155623732368e+00  7.365118555608e-01 -8.021489417148e-01 
 8.057298625595e-03  5.046893279068e-01  3.522909693577e-01 -8.012784456369e-01  1.666049152846e+00  1.268495267956e+00  8.860629367409e-01 -9.719022626165e-01 
 8.067298625595e-03  4.987254418666e-01  4.103608558273e-01 -7.372615935747e-01  1.755098677240e+00  1.376360632246e+00  1.032117132272e+00 -1.137819929259e+00 
 8.077298625595e-03  4.907933145296e-01  4.668112354750e-01 -6.703351069009e-01  1.837221628986e+00  1.478794130031e+00  1.174098033167e+00 -1.299247140671e+00 
 8.087298625595e-03  4.809242500924e-01  5.214193244420e-01 -6.007631139364e-01  1.912093906198e+00  1.575391502818e+00  1.311445305415e+00 -1.455546816787e+00 
 8.097298625595e-03  4.691571973381e-01  5.739696095492e-01 -5.288201831281e-01  1.979420022573e+00  1.665771524888e+00  1.443616902106e+00 -1.606102114689e+00 
 8.107298625595e-03  4.555385955027e-01  6.242546988294e-01 -4.547902409104e-01  2.038934272481e+00  1.749577508075e+00  1.570091202506e+00 -1.750318861392e+00 
 8.117298625595e-03  4.401221909793e-01  6.720761400081e-01 -3.789654492866e-01  2.090401780093e+00  1.826478708070e+00  1.690369070275e+00 -1.887627899251e+00 
 8.127298625595e-03  4.229688251507e-01  7.172452037046e-01 -3.016450541909e-01  2.133619427215e+00  1.896171631059e+00  1.803975823452e+00 -2.017487332069e+00 
 8.137298625595e-03  4.041461946908e-01  7.595836282602e-01 -2.231342037849e-01  2.168416652363e+00  1.958381230943e+00  1.910463108332e+00 -2.139384664310e+00 
 8.147298625595e-03  3.837285837508e-01  7.989243232559e-01 -1.437427447236e-01  2.194656128529e+00  2.012861994328e+00  2.009410668048e+00 -2.252838822000e+00 
 8.157298625595e-03  3.617965715239e-01  8.351120289414e-01 -6.378399865207e-02  2.212234299630e+00  2.059398911661e+00  2.100428001955e+00 -2.357402054924e+00 
 8.167298625595e-03  3.384367133840e-01  8.680039289751e-01  1.642647369590e-02  2.221081791911e+00  2.097808322404e+00  2.183155906037e+00 -2.452661698837e+00 
 8.177298625595e-03  3.137412003707e-01  8.974702140545e-01  9.657211825834e-02  2.221163689625e+00  2.127938641701e+00  2.257267891313e+00 -2.538241807363e+00 
 8.187298625595e-03  2.878074938781e-01  9.233945942141e-01  1.763366367959e-01  2.212479668669e+00  2.149670959450e+00  2.322471471271e+00 -2.613804634906e+00 
 8.197298625595e-03  2.607379429101e-01  9.456747577691e-01  2.554052351916e-01  2.195064001717e+00  2.162919508293e+00  2.378509317525e+00 -2.679051970187e+00 
 8.207298625595e-03  2.326393782569e-01  9.642227750930e-01  3.334658658132e-01  2.168985418975e+00  2.167632000986e+00  2.425160274026e+00 -2.733726310151e+00 
 8.217298625595e-03  2.036226924101e-01  9.789654456351e-01  4.102104590274e-01  2.134346842766e+00  2.163789841346e+00  2.462240230991e+00 -2.777611882336e+00 
 8.227298625595e-03  1.738024006772e-01  9.898445868100e-01  4.853361388668e-01  2.091284974478e+00  2.151408191305e+00  2.489602850517e+00 -2.810535488707e+00 
 8.237298625595e-03  1.432961902174e-01  9.968172636178e-01  5.585464187898e-01  2.039969759528e+00  2.130535916891e+00  2.507140144939e+00 -2.832367196429e+00 
 8.247298625595e-03  1.122244553844e-01  9.998559580885e-01  6.295523711015e-01  1.980603715871e+00  2.101255388930e+00  2.514782902785e+00 -2.843020843333e+00 
 8.257298625595e-03  8.070982185018e-02  9.989486778834e-01  6.980737678241e-01  1.913421134464e+00  2.063682167325e+00  2.512500961428e+00 -2.842454387182e+00 
 8.267298625595e-03  4.887666343711e-02  9.940990036230e-01  7.638401864097e-01  1.838687153766e+00  2.017964534694e+00  2.500303326524e+00 -2.830670061861e+00 
 8.277298625595e-03  1.685061112221e-02  9.853260747558e-01  8.265920765698e-01  1.756696715020e+00  1.964282917790e+00  2.478238136624e+00 -2.807714374625e+00 
 8.287298625595e-03 -1.524194277772e-02  9.726645140243e-01  8.860817857785e-01  1.667773396941e+00  1.902849173872e+00  2.446392473066e+00 -2.773677922161e+00 
 8.297298625595e-03 -4.727434368397e-02  9.561642908241e-01  9.420745347161e-01  1.572268139105e+00  1.833905753214e+00  2.404892016086e+00 -2.728695029466e+00 
 8.307298625595e-03 -7.912017447234e-02  9.358905239979e-01  9.943493459141e-01  1.470557857305e+00  1.757724744733e+00  2.353900548886e+00 -2.672943224402e+00 
 8.317298625595e-03 -1.106537537999e-01  9.119232248412e-01  1.042699914426e+00  1.363043955527e+00  1.674606799381e+00  2.293619311880e+00 -2.606642533436e+00 
 8.327298625595e-03 -1.417506335420e-01  8.843569813341e-01  1.086935422616e+00  1.250150741776e+00  1.584879946196e+00  2.224286207114e+00 -2.530054615052e+00 
 8.337298625595e-03 -1.722880882735e-01  8.533005848460e-01  1.126881293720e+00  1.132323754253e+00  1.488898296142e+00  2.146174860885e+00 -2.443481727661e+00 
 8.347298625595e-03 -2.021456006623e-01  8.188766007855e-01  1.162379879039e+00  1.010028002085e+00  1.387040644186e+00  2.059593542945e+00 -2.347265533500e+00 
 8.357298625595e-03 -2.312053364876e-01  7.812208848907e-01  1.193291081814e+00  8.837461313233e-01  1.279708977090e+00  1.964883950423e+00 -2.241785755274e+00 
 8.367298625595e-03 -2.593526107667e-01  7.404820470692e-01  1.219492909964e+00  7.539765177062e-01  1.167326883180e+00  1.862419858342e+00 -2.127458672543e+00 
 8.377298625595e-03 -2.864763386897e-01  6.968208649020e-01  1.240881956648e+00  6.212313034339e-01  1.050337883178e+00  1.752605646034e+00 -2.004735482195e+00 
 8.387298625595e-03 -3.124694754370e-01  6.504096491282e-01  1.257373809116e+00  4.860343731125e-01  9.292036794359e-01  1.635874699918e+00 -1.874100516713e+00 
 8.397298625595e-03 -3.372294377768e-01  6.014315636132e-01  1.268903381890e+00  3.489192870911e-01  8.044023333350e-01  1.512687703711e+00 -1.736069333171e+00 
 8.407298625595e-03 -3.606585095986e-01  5.500799024845e-01  1.275425172644e+00  2.104271761491e-01  6.764263785444e-01  1.383530820371e+00 -1.591186676843e+00 
 8.417298625595e-03 -3.826642271015e-01  4.965573272884e-01  1.276913442649e+00  7.110460521653e-02  5.457808780484e-01  1.248913772870e+00 -1.440024333499e+00 
 8.427298625595e-03 -4.031597436988e-01  4.410750671769e-01  1.273362318752e+00 -6.849858307396e-02  4.129814297194e-01  1.109367833298e+00 -1.283178872057e+00 
 8.437298625595e-03 -4.220641730353e-01  3.838520852833e-01  1.264785815729e+00 -2.078314388928e-01  2.785521324840e-01  9.654437255813e-01 -1.121269290100e+00 
 8.447298625595e-03 -4.393029077910e-01  3.251142145744e-01  1.251217780635e+00 -3.463440788328e-01  1.430235170992e-01  8.177094527055e-01 -9.549345702047e-01 
 8.457298625595e-03 -4.548079147935e-01  2.650932665911e-01  1.232711761026e+00 -4.834898569388e-01  6.930453271707e-03  6.667480541510e-01 -7.848311601793e-01 
 8.467298625595e-03 -4.685180027736e-01  2.040261165942e-01  1.209340790752e+00 -6.187275215052e-01 -1.291899618955e-01  5.131553055835e-01 -6.116303795617e-01 
 8.477298625595e-03 -4.803790641017e-01  1.421537687258e-01  1.181197105208e+00 -7.515233511804e-01 -2.648005232913e-01  3.575373674976e-01 -4.360157737522e-01 
 8.487298625595e-03 -4.903442887589e-01  7.972040487605e-02  1.148391774390e+00 -8.813532615313e-01 -3.993660380365e-01  2.005083927943e-01 -2.586804128728e-01 
 8.497298625595e-03 -4.983743485645e-01  1.697242100907e-02  1.111054265639e+00 -1.007704873336e+00 -5.323554374045e-01  4.268810304711e-02 -8.032415837316e-02 
 8.507298625595e-03 -5.044375524740e-01 -4.584254524967e-02  1.069331933511e+00 -1.130079534138e+00 -6.632438731613e-01 -1.153006571403e-01  9.834909872742e-02 
 8.517298625595e-03 -5.085099717253e-01 -1.084765919258e-01  1.023389436537e+00 -1.247994287405e+00 -7.915147881722e-01 -2.728343783092e-01  2.766342168232e-01 
 8.527298625595e-03 -5.105755346594e-01 -1.706825310518e-01  9.734080890194e-01 -1.360983777558e+00 -9.166619562311e-01 -4.292913468380e-01  4.538275865608e-01 
 8.537298625595e-03 -5.106260891189e-01 -2.322148642052e-01  9.195851446129e-01 -1.468602086185e+00 -1.038191478117e+00 -5.840540985519e-01  6.292299057037e-01 
 8.547298625595e-03 -5.086614356260e-01 -2.928307513784e-01  8.621330177411e-01 -1.570424493635e+00 -1.155623732600e+00 -7.365118555608e-01  8.021489418894e-01 
 8.557298625595e-03 -5.046893279068e-01 -3.522909693576e-01  8.012784457533e-01 -1.666049152846e+00 -1.268495268188e+00 -8.860629367409e-01  9.719022627329e-01 
 8.567298625595e-03 -4.987254419830e-01 -4.103608558272e-01  7.372615935747e-01 -1.755098677240e+00 -1.376360632479e+00 -1.032117132330e+00  1.137819929608e+00 
 8.577298625595e-03 -4.907933145296e-01 -4.668112354748e-01  6.703351070173e-01 -1.837221628986e+00 -1.478794130031e+00 -1.174098033167e+00  1.299247140555e+00 
 8.587298625595e-03 -4.809242500924e-01 -5.214193244419e-01  6.007631138200e-01 -1.912093906431e+00 -1.575391502818e+00 -1.311445305415e+00  1.455546816903e+00 
 8.597298625595e-03 -4.691571973381e-01 -5.739696095491e-01  5.288201832445e-01 -1.979420022573e+00 -1.665771525120e+00 -1.443616902106e+00  1.606102114805e+00 
 8.607298625595e-03 -4.555385955027e-01 -6.242546988293e-01  4.547902409104e-01 -2.038934272481e+00 -1.749577508075e+00 -1.570091202506e+00  1.750318861392e+00 
 8.617298625595e-03 -4.401221909793e-01 -6.720761400080e-01  3.789654492866e-01 -2.090401780326e+00 -1.826478708303e+00 -1.690369070275e+00  1.887627899484e+00 
 8.627298625595e-03 -4.229688251507e-01 -7.172452037045e-01  3.016450541327e-01 -2.133619426750e+00 -1.896171631059e+00 -1.803975823452e+00  2.017487332127e+00 
 8.637298625595e-03 -4.041461946908e-01 -7.595836282602e-01  2.231342037849e-01 -2.168416652363e+00 -1.958381230943e+00 -1.910463108332e+00  2.139384664310e+00 
 8.647298625595e-03 -3.837285837508e-01 -7.989243232558e-01  1.437427446945e-01 -2.194656128529e+00 -2.012861994328e+00 -2.009410668048e+00  2.252838822029e+00 
 8.657298625595e-03 -3.617965715239e-01 -8.351120289414e-01  6.378399865207e-02 -2.212234299164e+00 -2.059398911893e+00 -2.100428001955e+00  2.357402055157e+00 
 8.667298625595e-03 -3.384367133840e-01 -8.680039289751e-01 -1.642647370318e-02 -2.221081791911e+00 -2.097808321938e+00 -2.183155906037e+00  2.452661698378e+00 
 8.677298625595e-03 -3.137412003707e-01 -8.974702140544e-01 -9.657211827289e-02 -2.221163689625e+00 -2.127938641235e+00 -2.257267891313e+00  2.538241806912e+00 
 8.687298625595e-03 -2.878074939363e-01 -9.233945942140e-01 -1.763366367959e-01 -2.212479668669e+00 -2.149670958985e+00 -2.322471471271e+00  2.613804634498e+00 
 8.697298625595e-03 -2.607379427936e-01 -9.456747577691e-01 -2.554052351625e-01 -2.195064001251e+00 -2.162919507362e+00 -2.378509317408e+00  2.679051969110e+00 
 8.707298625595e-03 -2.326393784024e-01 -9.642227750930e-01 -3.334658657550e-01 -2.168985419907e+00 -2.167632000986e+00 -2.425160274142e+00  2.733726310239e+00 
 8.717298625595e-03 -2.036226922937e-01 -9.789654456351e-01 -4.102104589692e-01 -2.134346842766e+00 -2.163789840881e+00 -2.462240230874e+00  2.777611881696e+00 
 8.727298625595e-03 -1.738024006772e-01 -9.898445868100e-01 -4.853361388668e-01 -2.091284974711e+00 -2.151408191770e+00 -2.489602850517e+00  2.810535489172e+00 
 8.737298625595e-03 -1.432961903629e-01 -9.968172636178e-01 -5.585464187898e-01 -2.039969759760e+00 -2.130535916425e+00 -2.507140145055e+00  2.832367196109e+00 
 8.747298625595e-03 -1.122244553553e-01 -9.998559580885e-01 -6.295523711015e-01 -1.980603715871e+00 -2.101255389862e+00 -2.514782902785e+00  2.843020844235e+00 
 8.757298625595e-03 -8.070982185018e-02 -9.989486778834e-01 -6.980737679405e-01 -1.913421134464e+00 -2.063682167325e+00 -2.512500961428e+00  2.842454387298e+00 
 8.767298625595e-03 -4.887666343711e-02 -9.940990036230e-01 -7.638401864097e-01 -1.838687153999e+00 -2.017964534461e+00 -2.500303326524e+00  2.830670061628e+00 
 8.777298625595e-03 -1.685061111493e-02 -9.853260747559e-01 -8.265920765698e-01 -1.756696715020e+00 -1.964282918023e+00 -2.478238136624e+00  2.807714374850e+00 
 8.787298625595e-03  1.524194278318e-02 -9.726645140243e-01 -8.860817856621e-01 -1.667773396941e+00 -1.902849173639e+00 -2.446392473066e+00  2.773677921806e+00 
 8.797298625595e-03  4.727434368397e-02 -9.561642908241e-01 -9.420745347161e-01 -1.572268139105e+00 -1.833905753214e+00 -2.404892016086e+00  2.728695029466e+00 
 8.807298625595e-03  7.912017435592e-02 -9.358905239979e-01 -9.943493457977e-01 -1.470557857072e+00 -1.757724744733e+00 -2.353900549002e+00  2.672943224402e+00 
 8.817298625595e-03  1.106537539454e-01 -9.119232248412e-01 -1.042699914309e+00 -1.363043955294e+00 -1.674606799614e+00 -2.293619311764e+00  2.606642533407e+00 
 8.827298625595e-03  1.417506335129e-01 -8.843569813342e-01 -1.086935422616e+00 -1.250150741776e+00 -1.584879945964e+00 -2.224286207114e+00  2.530054614848e+00 
 8.837298625595e-03  1.722880883317e-01 -8.533005848461e-01 -1.126881293720e+00 -1.132323754253e+00 -1.488898295909e+00 -2.146174860769e+00  2.443481727370e+00 
 8.847298625595e-03  2.021456006332e-01 -8.188766007855e-01 -1.162379879039e+00 -1.010028002202e+00 -1.387040644186e+00 -2.059593542945e+00  2.347265533529e+00 
 8.857298625595e-03  2.312053365749e-01 -7.812208848908e-01 -1.193291081581e+00 -8.837461310904e-01 -1.279708977090e+00 -1.964883950306e+00  2.241785754954e+00 
 8.867298625595e-03  2.593526107667e-01 -7.404820470693e-01 -1.219492909964e+00 -7.539765178226e-01 -1.167326883180e+00 -1.862419858342e+00  2.127458672543e+00 
 8.877298625595e-03  2.864763386897e-01 -6.968208649021e-01 -1.240881956881e+00 -6.212313035503e-01 -1.050337883178e+00 -1.752605646034e+00  2.004735482427e+00 
 8.887298625595e-03  3.124694753787e-01 -6.504096491283e-01 -1.257373809116e+00 -4.860343730543e-01 -9.292036794359e-01 -1.635874699918e+00  1.874100516771e+00 
 8.897298625595e-03  3.372294378350e-01 -6.014315636133e-01 -1.268903381890e+00 -3.489192870911e-01 -8.044023332186e-01 -1.512687703711e+00  1.736069332996e+00 
 8.907298625595e-03  3.606585095986e-01 -5.500799024846e-01 -1.275425172644e+00 -2.104271761491e-01 -6.764263785444e-01 -1.383530820371e+00  1.591186676843e+00 
 8.917298625595e-03  3.826642271015e-01 -4.965573272885e-01 -1.276913442649e+00 -7.110460517288e-02 -5.457808780484e-01 -1.248913772812e+00  1.440024333499e+00 
 8.927298625595e-03  4.031597436406e-01 -4.410750671770e-01 -1.273362318985e+00  6.849858307396e-02 -4.129814297776e-01 -1.109367833298e+00  1.283178872407e+00 
 8.937298625595e-03  4.220641730353e-01 -3.838520852834e-01 -1.264785815729e+00  2.078314388345e-01 -2.785521324840e-01 -9.654437256395e-01  1.121269290100e+00 
 8.947298625595e-03  4.393029078492e-01 -3.251142145745e-01 -1.251217780635e+00  3.463440787746e-01 -1.430235171283e-01 -8.177094527055e-01  9.549345701756e-01 
 8.957298625595e-03  4.548079147353e-01 -2.650932665912e-01 -1.232711760793e+00  4.834898568806e-01 -6.930453298082e-03 -6.667480542092e-01  7.848311600310e-01 
 8.967298625595e-03  4.685180027736e-01 -2.040261165943e-01 -1.209340790985e+00  6.187275213888e-01  1.291899618518e-01 -5.131553056126e-01  6.116303798382e-01 
 8.977298625595e-03  4.803790641017e-01 -1.421537687259e-01 -1.181197105208e+00  7.515233511804e-01  2.648005232331e-01 -3.575373675267e-01  4.360157738105e-01 
 8.987298625595e-03  4.903442888171e-01 -7.972040487618e-02 -1.148391774390e+00  8.813532614149e-01  3.993660379783e-01 -2.005083928088e-01  2.586804128728e-01 
 8.997298625595e-03  4.983743485645e-01 -1.697242100921e-02 -1.111054265639e+00  1.007704872987e+00  5.323554372881e-01 -4.268810305075e-02  8.032415848958e-02 
 9.007298625595e-03  5.044375524740e-01  4.584254524954e-02 -1.069331933511e+00  1.130079534138e+00  6.632438730448e-01  1.153006571403e-01 -9.834909861101e-02 
 9.017298625595e-03  5.085099717835e-01  1.084765919256e-01 -1.023389436537e+00  1.247994287638e+00  7.915147882886e-01  2.728343783092e-01 -2.766342169979e-01 
 9.027298625595e-03  5.105755346594e-01  1.706825310516e-01 -9.734080890194e-01  1.360983777558e+00  9.166619562311e-01  4.292913468380e-01 -4.538275865608e-01 
 9.037298625595e-03  5.106260890607e-01  2.322148642050e-01 -9.195851446129e-01  1.468602086185e+00  1.038191478117e+00  5.840540985519e-01 -6.292299056455e-01 
 9.047298625595e-03  5.086614356260e-01  2.928307513783e-01 -8.621330177411e-01  1.570424493402e+00  1.155623732368e+00  7.365118555608e-01 -8.021489416566e-01 
 9.057298625595e-03  5.046893279068e-01  3.522909693575e-01 -8.012784456369e-01  1.666049152846e+00  1.268495268188e+00  8.860629367409e-01 -9.719022628493e-01 
 9.067298625595e-03  4.987254419248e-01  4.103608558271e-01 -7.372615936911e-01  1.755098677473e+00  1.376360632246e+00  1.032117132272e+00 -1.137819929200e+00 
 9.077298625595e-03  4.907933145296e-01  4.668112354747e-01 -6.703351069009e-01  1.837221628986e+00  1.478794130031e+00  1.174098033167e+00 -1.299247140671e+00 
 9.087298625595e-03  4.809242500924e-01  5.214193244418e-01 -6.007631138200e-01  1.912093906431e+00  1.575391502818e+00  1.311445305357e+00 -1.455546816903e+00 
 9.097298625595e-03  4.691571973381e-01  5.739696095490e-01 -5.288201831281e-01  1.979420022573e+00  1.665771525120e+00  1.443616902106e+00 -1.606102114922e+00 
 9.107298625595e-03  4.555385955027e-01  6.242546988292e-01 -4.547902409104e-01  2.038934272714e+00  1.749577508308e+00  1.570091202506e+00 -1.750318861625e+00 
 9.117298625595e-03  4.401221909211e-01  6.720761400079e-01 -3.789654493448e-01  2.090401780326e+00  1.826478708303e+00  1.690369070275e+00 -1.887627899367e+00 
 9.127298625595e-03  4.229688251507e-01  7.172452037044e-01 -3.016450541909e-01  2.133619426750e+00  1.896171631292e+00  1.803975823452e+00 -2.017487332302e+00 
 9.137298625595e-03  4.041461946908e-01  7.595836282601e-01 -2.231342038140e-01  2.168416652363e+00  1.958381230943e+00  1.910463108332e+00 -2.139384664281e+00 
 9.147298625595e-03  3.837285837508e-01  7.989243232557e-01 -1.437427447236e-01  2.194656128529e+00  2.012861994328e+00  2.009410668048e+00 -2.252838822000e+00 
 9.157298625595e-03  3.617965715821e-01  8.351120289413e-01 -6.378399865207e-02  2.212234299164e+00  2.059398911893e+00  2.100428002072e+00 -2.357402055215e+00 
 9.167298625595e-03  3.384367133840e-01  8.680039289750e-01  1.642647370318e-02  2.221081791911e+00  2.097808322404e+00  2.183155906037e+00 -2.452661698844e+00 
 9.177298625595e-03  3.137412003125e-01  8.974702140543e-01  9.657211828744e-02  2.221163689159e+00  2.127938641235e+00  2.257267891313e+00 -2.538241806868e+00 
 9.187298625595e-03  2.878074938781e-01  9.233945942140e-01  1.763366367959e-01  2.212479668669e+00  2.149670958985e+00  2.322471471271e+00 -2.613804634440e+00 
 9.197298625595e-03  2.607379429101e-01  9.456747577691e-01  2.554052351916e-01  2.195064001717e+00  2.162919507828e+00  2.378509317525e+00 -2.679051969721e+00 
 9.207298625595e-03  2.326393782569e-01  9.642227750930e-01  3.334658658132e-01  2.168985418975e+00  2.167632000986e+00  2.425160274026e+00 -2.733726310151e+00 
 9.217298625595e-03  2.036226924101e-01  9.789654456350e-01  4.102104589692e-01  2.134346842766e+00  2.163789841346e+00  2.462240230991e+00 -2.777611882278e+00 
 9.227298625595e-03  1.738024007354e-01  9.898445868100e-01  4.853361389250e-01  2.091284974478e+00  2.151408191305e+00  2.489602850634e+00 -2.810535488823e+00 
 9.237298625595e-03  1.432961903047e-01  9.968172636177e-01  5.585464187898e-01  2.039969759295e+00  2.130535915960e+00  2.507140145055e+00 -2.832367195585e+00 
 9.247298625595e-03  1.122244553262e-01  9.998559580885e-01  6.295523711015e-01  1.980603715871e+00  2.101255388930e+00  2.514782902785e+00 -2.843020843275e+00 
 9.257298625595e-03  8.070982182107e-02  9.989486778834e-01  6.980737678241e-01  1.913421134464e+00  2.063682167558e+00  2.512500961428e+00 -2.842454387386e+00 
 9.267298625595e-03  4.887666330615e-02  9.940990036230e-01  7.638401865261e-01  1.838687153999e+00  2.017964534927e+00  2.500303326407e+00 -2.830670062079e+00 
 9.277298625595e-03  1.685061102762e-02  9.853260747559e-01  8.265920766862e-01  1.756696714787e+00  1.964282917790e+00  2.478238136508e+00 -2.807714374646e+00 
 9.287298625595e-03 -1.524194284684e-02  9.726645140244e-01  8.860817857785e-01  1.667773396941e+00  1.902849173639e+00  2.446392472950e+00 -2.773677921859e+00 
 9.297298625595e-03 -4.727434363303e-02  9.561642908242e-01  9.420745347161e-01  1.572268139105e+00  1.833905753214e+00  2.404892016086e+00 -2.728695029517e+00 
 9.307298625595e-03 -7.912017432682e-02  9.358905239980e-01  9.943493457977e-01  1.470557857305e+00  1.757724744501e+00  2.353900549002e+00 -2.672943224199e+00 
 9.317298625595e-03 -1.106537537999e-01  9.119232248413e-01  1.042699914309e+00  1.363043955294e+00  1.674606799381e+00  2.293619311880e+00 -2.606642533320e+00 
 9.327298625595e-03 -1.417506335420e-01  8.843569813342e-01  1.086935422616e+00  1.250150741776e+00  1.584879946196e+00  2.224286207114e+00 -2.530054615052e+00 
 9.337298625595e-03 -1.722880883899e-01  8.533005848461e-01  1.126881293720e+00  1.132323754020e+00  1.488898295909e+00  2.146174860769e+00 -2.443481727312e+00 
 9.347298625595e-03 -2.021456006332e-01  8.188766007856e-01  1.162379879039e+00  1.010028002085e+00  1.387040644418e+00  2.059593542945e+00 -2.347265533762e+00 
 9.357298625595e-03 -2.312053365749e-01  7.812208848909e-01  1.193291081814e+00  8.837461312069e-01  1.279708976857e+00  1.964883950306e+00 -2.241785754954e+00 
 9.367298625595e-03 -2.593526107667e-01  7.404820470694e-01  1.219492909964e+00  7.539765177062e-01  1.167326882947e+00  1.862419858342e+00 -2.127458672310e+00 
 9.377298625595e-03 -2.864763385733e-01  6.968208649022e-01  1.240881956881e+00  6.212313036667e-01  1.050337882945e+00  1.752605646150e+00 -2.004735482311e+00 
 9.387298625595e-03 -3.124694753787e-01  6.504096491284e-01  1.257373809349e+00  4.860343730543e-01  9.292036794359e-01  1.635874699918e+00 -1.874100517004e+00 
 9.397298625595e-03 -3.372294377186e-01  6.014315636134e-01  1.268903381890e+00  3.489192872075e-01  8.044023333350e-01  1.512687703827e+00 -1.736069333229e+00 
 9.407298625595e-03 -3.606585095986e-01  5.500799024847e-01  1.275425172644e+00  2.104271761491e-01  6.764263787773e-01  1.383530820371e+00 -1.591186677076e+00 
 9.417298625595e-03 -3.826642271597e-01  4.965573272886e-01  1.276913442649e+00  7.110460515833e-02  5.457808781648e-01  1.248913772812e+00 -1.440024333557e+00 
 9.427298625595e-03 -4.031597436988e-01  4.410750671771e-01  1.273362318752e+00 -6.849858308851e-02  4.129814297776e-01  1.109367833298e+00 -1.283178872116e+00 
 9.437298625595e-03 -4.220641730935e-01  3.838520852835e-01  1.264785815729e+00 -2.078314388345e-01  2.785521324840e-01  9.654437256395e-01 -1.121269290042e+00 
 9.447298625595e-03 -4.393029078492e-01  3.251142145746e-01  1.251217780635e+00 -3.463440787746e-01  1.430235170992e-01  8.177094527055e-01 -9.549345701465e-01 
 9.457298625595e-03 -4.548079148517e-01  2.650932665914e-01  1.232711761026e+00 -4.834898569388e-01  6.930453292625e-03  6.667480541510e-01 -7.848311601420e-01 
 9.467298625595e-03 -4.685180027736e-01  2.040261165945e-01  1.209340790752e+00 -6.187275213888e-01 -1.291899618664e-01  5.131553056126e-01 -6.116303795908e-01 
 9.477298625595e-03 -4.803790641599e-01  1.421537687260e-01  1.181197105208e+00 -7.515233512968e-01 -2.648005232913e-01  3.575373674976e-01 -4.360157736940e-01 
 9.487298625595e-03 -4.903442888171e-01  7.972040487630e-02  1.148391774390e+00 -8.813532615313e-01 -3.993660379783e-01  2.005083927943e-01 -2.586804128728e-01 
 9.497298625595e-03 -4.983743485645e-01  1.697242100932e-02  1.111054265639e+00 -1.007704873336e+00 -5.323554374045e-01  4.268810305075e-02 -8.032415837316e-02 
 9.507298625595e-03 -5.044375525322e-01 -4.584254524941e-02  1.069331933511e+00 -1.130079534370e+00 -6.632438731613e-01 -1.153006571403e-01  9.834909878563e-02 
 9.517298625595e-03 -5.085099717835e-01 -1.084765919255e-01  1.023389436537e+00 -1.247994287638e+00 -7.915147884050e-01 -2.728343783092e-01  2.766342171143e-01 
 9.527298625595e-03 -5.105755346594e-01 -1.706825310515e-01  9.734080890194e-01 -1.360983777558e+00 -9.166619562311e-01 -4.292913468089e-01  4.538275865608e-01 
 9.537298625595e-03 -5.106260892353e-01 -2.322148642049e-01  9.195851446129e-01 -1.468602086185e+00 -1.038191478117e+00 -5.840540985810e-01  6.292299058201e-01 
 9.547298625595e-03 -5.086614357424e-01 -2.928307513782e-01  8.621330177411e-01 -1.570424493635e+00 -1.155623732600e+00 -7.365118556190e-01  8.021489420058e-01 
 9.557298625595e-03 -5.046893279068e-01 -3.522909693574e-01  8.012784456369e-01 -1.666049152846e+00 -1.268495268188e+00 -8.860629367409e-01  9.719022628493e-01 
 9.567298625595e-03 -4.987254419248e-01 -4.103608558269e-01  7.372615936911e-01 -1.755098677240e+00 -1.376360632479e+00 -1.032117132330e+00  1.137819929433e+00 
 9.577298625595e-03 -4.907933145878e-01 -4.668112354746e-01  6.703351070173e-01 -1.837221629219e+00 -1.478794130031e+00 -1.174098033167e+00  1.299247140613e+00 
 9.587298625595e-03 -4.809242500924e-01 -5.214193244416e-01  6.007631139364e-01 -1.912093906198e+00 -1.575391502818e+00 -1.311445305415e+00  1.455546816787e+00 
 9.597298625595e-03 -4.691571974545e-01 -5.739696095489e-01  5.288201832445e-01 -1.979420022806e+00 -1.665771525120e+00 -1.443616902223e+00  1.606102114922e+00 
 9.607298625595e-03 -4.555385954445e-01 -6.242546988291e-01  4.547902409104e-01 -2.038934272481e+00 -1.749577508308e+00 -1.570091202506e+00  1.750318861567e+00 
 9.617298625595e-03 -4.401221909793e-01 -6.720761400078e-01  3.789654492866e-01 -2.090401780093e+00 -1.826478708303e+00 -1.690369070275e+00  1.887627899484e+00 
 9.627298625595e-03 -4.229688252090e-01 -7.172452037043e-01  3.016450541327e-01 -2.133619427215e+00 -1.896171631059e+00 -1.803975823568e+00  2.017487332186e+00 
 9.637298625595e-03 -4.041461947490e-01 -7.595836282600e-01  2.231342038140e-01 -2.168416652828e+00 -1.958381230943e+00 -1.910463108448e+00  2.139384664339e+00 
 9.647298625595e-03 -3.837285836926e-01 -7.989243232556e-01  1.437427446654e-01 -2.194656128529e+00 -2.012861995026e+00 -2.009410668048e+00  2.252838822698e+00 
 9.657298625595e-03 -3.617965714657e-01 -8.351120289412e-01  6.378399863752e-02 -2.212234299164e+00 -2.059398912126e+00 -2.100428001955e+00  2.357402055346e+00 
 9.667298625595e-03 -3.384367133840e-01 -8.680039289749e-01 -1.642647371409e-02 -2.221081791911e+00 -2.097808321938e+00 -2.183155906037e+00  2.452661698389e+00 
 9.677298625595e-03 -3.137412003125e-01 -8.974702140543e-01 -9.657211827289e-02 -2.221163689159e+00 -2.127938641235e+00 -2.257267891313e+00  2.538241806853e+00 
 9.687298625595e-03 -2.878074938781e-01 -9.233945942139e-01 -1.763366368250e-01 -2.212479669135e+00 -2.149670958985e+00 -2.322471471271e+00  2.613804634469e+00 
 9.697298625595e-03 -2.607379429101e-01 -9.456747577690e-01 -2.554052351625e-01 -2.195064001717e+00 -2.162919508293e+00 -2.378509317525e+00  2.679051970158e+00 
 9.707298625595e-03 -2.326393783733e-01 -9.642227750929e-01 -3.334658657550e-01 -2.168985419907e+00 -2.167632001452e+00 -2.425160274142e+00  2.733726310675e+00 
 9.717298625595e-03 -2.036226923810e-01 -9.789654456350e-01 -4.102104589692e-01 -2.134346842766e+00 -2.163789841346e+00 -2.462240230991e+00  2.777611882249e+00 
 9.727298625595e-03 -1.738024006481e-01 -9.898445868100e-01 -4.853361389250e-01 -2.091284974478e+00 -2.151408191305e+00 -2.489602850517e+00  2.810535488736e+00 
 9.737298625595e-03 -1.432961903047e-01 -9.968172636177e-01 -5.585464187898e-01 -2.039969759295e+00 -2.130535916891e+00 -2.507140145055e+00  2.832367196517e+00 
 9.747298625595e-03 -1.122244553262e-01 -9.998559580885e-01 -6.295523711015e-01 -1.980603716103e+00 -2.101255389862e+00 -2.514782902785e+00  2.843020844206e+00 
 9.757298625595e-03 -8.070982183563e-02 -9.989486778834e-01 -6.980737679405e-01 -1.913421134464e+00 -2.063682167325e+00 -2.512500961428e+00  2.842454387284e+00 
 9.767298625595e-03 -4.887666341529e-02 -9.940990036230e-01 -7.638401864097e-01 -1.838687153766e+00 -2.017964534461e+00 -2.500303326524e+00  2.830670061606e+00 
 9.777298625595e-03 -1.685061110766e-02 -9.853260747559e-01 -8.265920768026e-01 -1.756696715020e+00 -1.964282917790e+00 -2.478238136624e+00  2.807714374843e+00 
 9.787298625595e-03  1.524194278863e-02 -9.726645140244e-01 -8.860817856621e-01 -1.667773396941e+00 -1.902849173872e+00 -2.446392473066e+00  2.773677922034e+00 
 9.797298625595e-03  4.727434369124e-02 -9.561642908242e-01 -9.420745347161e-01 -1.572268139105e+00 -1.833905753447e+00 -2.404892016086e+00  2.728695029691e+00 
 9.807298625595e-03  7.912017447234e-02 -9.358905239980e-01 -9.943493457977e-01 -1.470557857305e+00 -1.757724744501e+00 -2.353900548886e+00  2.672943224053e+00 
 9.817298625595e-03  1.106537539017e-01 -9.119232248413e-01 -1.042699914309e+00 -1.363043955294e+00 -1.674606799614e+00 -2.293619311764e+00  2.606642533451e+00 
 9.827298625595e-03  1.417506335129e-01 -8.843569813343e-01 -1.086935422616e+00 -1.250150741776e+00 -1.584879946196e+00 -2.224286207114e+00  2.530054615081e+00 
 9.837298625595e-03  1.722880883317e-01 -8.533005848462e-01 -1.126881293952e+00 -1.132323754020e+00 -1.488898296142e+00 -2.146174860769e+00  2.443481727836e+00 
 9.847298625595e-03  2.021456005750e-01 -8.188766007857e-01 -1.162379879039e+00 -1.010028002085e+00 -1.387040644186e+00 -2.059593542945e+00  2.347265533587e+00 
 9.857298625595e-03  2.312053365458e-01 -7.812208848910e-01 -1.193291081814e+00 -8.837461310904e-01 -1.279708977090e+00 -1.964883950306e+00  2.241785755215e+00 
 9.867298625595e-03  2.593526107084e-01 -7.404820470695e-01 -1.219492910197e+00 -7.539765177062e-01 -1.167326882947e+00 -1.862419858342e+00  2.127458672601e+00 
 9.877298625595e-03  2.864763386315e-01 -6.968208649023e-01 -1.240881956648e+00 -6.212313034339e-01 -1.050337883178e+00 -1.752605646034e+00  2.004735482253e+00 
 9.887298625595e-03  3.124694753787e-01 -6.504096491285e-01 -1.257373809116e+00 -4.860343731125e-01 -9.292036793195e-01 -1.635874699918e+00  1.874100516655e+00 
 9.897298625595e-03  3.372294377186e-01 -6.014315636135e-01 -1.268903381890e+00 -3.489192871493e-01 -8.044023331022e-01 -1.512687703827e+00  1.736069332996e+00 
 9.907298625595e-03  3.606585097150e-01 -5.500799024849e-01 -1.275425172644e+00 -2.104271760036e-01 -6.764263785444e-01 -1.383530820254e+00  1.591186676726e+00 
 9.917298625595e-03  3.826642271015e-01 -4.965573272887e-01 -1.276913442882e+00 -7.110460521653e-02 -5.457808780484e-01 -1.248913772870e+00  1.440024333731e+00 
 9.927298625595e-03  4.031597436406e-01 -4.410750671772e-01 -1.273362318985e+00  6.849858307396e-02 -4.129814297194e-01 -1.109367833298e+00  1.283178872348e+00 
 9.937298625595e-03  4.220641729771e-01 -3.838520852836e-01 -1.264785815496e+00  2.078314388054e-01 -2.785521324840e-01 -9.654437256395e-01  1.121269289926e+00 
 9.947298625595e-03  4.393029078492e-01 -3.251142145747e-01 -1.251217780868e+00  3.463440788328e-01 -1.430235171283e-01 -8.177094527055e-01  9.549345704084e-01 
 9.957298625595e-03  4.548079147353e-01 -2.650932665915e-01 -1.232711761026e+00  4.834898568806e-01 -6.930453278983e-03 -6.667480542092e-01  7.848311602448e-01 
 9.967298625595e-03  4.685180027154e-01 -2.040261165946e-01 -1.209340790985e+00  6.187275213888e-01  1.291899618664e-01 -5.131553056126e-01  6.116303798818e-01 
 9.977298625595e-03  4.803790641017e-01 -1.421537687261e-01 -1.181197105208e+00  7.515233511804e-01  2.648005232913e-01 -3.575373675267e-01  4.360157737522e-01 
 9.987298625595e-03  4.903442887589e-01 -7.972040487643e-02 -1.148391774390e+00  8.813532615313e-01  3.993660379783e-01 -2.005083928088e-01  2.586804129310e-01 
 9.993649312798e-03  4.956533460645e-01 -3.989195647164e-02 -1.125191641739e+00  9.620262974640e-01  4.840543617611e-01 -1.003340624084e-01  1.454833519796e-01 
 1.000000000000e-02  5.001761086169e-01 -2.449293598295e-15 -1.100199951557e+00  1.041167530580e+00  5.679688926321e-01 -6.160329010819e-15  3.205482208923e-02 
