 frequency           v(agudos)           v(agudos)           v(entrada)          v(entrada)          v(graves)           v(graves)           v(medio_alto)       v(medio_alto)       v(medios)           v(medios)           v(pre)              v(pre)              v(salida)           v(salida)          
 1.000000000000e+01  1.081413538984e-05  5.215524553023e-03  1.000000000000e+00  0.000000000000e+00  2.514670471661e+00 -4.266037951311e-02  8.934166037307e-04  4.739722290833e-02  1.000720537832e-03  4.739965165209e-02  2.515145189129e+00  0.000000000000e+00 -2.515671943646e+00 -9.954756872972e-03 
 1.023292992281e+01  1.132378759472e-05  5.337008644346e-03  1.000000000000e+00  0.000000000000e+00  2.514636374079e+00 -4.365347547719e-02  9.355063715475e-04  4.850043420447e-02  1.047865250939e-03  4.850281031395e-02  2.515145189129e+00  0.000000000000e+00 -2.515685500375e+00 -1.018630273590e-02 
 1.047128548051e+01  1.185745874466e-05  5.461322387418e-03  1.000000000000e+00  0.000000000000e+00  2.514600670896e+00 -4.466966130713e-02  9.795782586934e-04  4.962928454916e-02  1.097230109735e-03  4.963159899489e-02  2.515145189129e+00  0.000000000000e+00 -2.515699695666e+00 -1.042321838231e-02 
 1.071519305238e+01  1.241628080351e-05  5.588531686044e-03  1.000000000000e+00  0.000000000000e+00  2.514563286211e+00 -4.570947180764e-02  1.025725534191e-03  5.078436702752e-02  1.148919581283e-03  5.078661001608e-02  2.515145189129e+00  0.000000000000e+00 -2.515714559215e+00 -1.066562723197e-02 
 1.096478196143e+01  1.300143906313e-05  5.718703981074e-03  1.000000000000e+00  0.000000000000e+00  2.514524140395e+00 -4.677345402160e-02  1.074045848327e-03  5.196628820704e-02  1.203043040050e-03  5.196844910824e-02  2.515145189129e+00  0.000000000000e+00 -2.515730121954e+00 -1.091365541309e-02 
 1.122018454302e+01  1.361417469425e-05  5.851908282239e-03  1.000000000000e+00  0.000000000000e+00  2.514483151026e+00 -4.786216750654e-02  1.124641438082e-03  5.317566848680e-02  1.259714996650e-03  5.317773577553e-02  2.515145189129e+00  0.000000000000e+00 -2.515746417212e+00 -1.116743188151e-02 
 1.148153621497e+01  1.425578734349e-05  5.988215209982e-03  1.000000000000e+00  0.000000000000e+00  2.514440231491e+00 -4.897618461837e-02  1.177619342116e-03  5.441314235941e-02  1.319055340673e-03  5.441510358651e-02  2.515145189129e+00  0.000000000000e+00 -2.515763479565e+00 -1.142708846977e-02 
 1.174897554940e+01  1.492763791688e-05  6.127697023658e-03  1.000000000000e+00  0.000000000000e+00  2.514395290520e+00 -5.011609077337e-02  1.233091624954e-03  5.567935876024e-02  1.381189590347e-03  5.568120042153e-02  2.515145189129e+00  0.000000000000e+00 -2.515781344623e+00 -1.169275990078e-02 
 1.202264434617e+01  1.563115144343e-05  6.270427669733e-03  1.000000000000e+00  0.000000000000e+00  2.514348233584e+00 -5.128248471010e-02  1.291175612550e-03  5.697498132213e-02  1.446249155606e-03  5.697668882931e-02  2.515145189129e+00  0.000000000000e+00 -2.515800050691e+00 -1.196458393061e-02 
 1.230268770812e+01  1.636782011971e-05  6.416482813620e-03  1.000000000000e+00  0.000000000000e+00  2.514298961032e+00 -5.247597886046e-02  1.351994137622e-03  5.830068874639e-02  1.514371615713e-03  5.830224631063e-02  2.515145189129e+00  0.000000000000e+00 -2.515819637189e+00 -1.224270129299e-02 
 1.258925411794e+01  1.713920646296e-05  6.565939885149e-03  1.000000000000e+00  0.000000000000e+00  2.514247368090e+00 -5.369719955343e-02  1.415675797716e-03  5.965717506479e-02  1.585701005069e-03  5.965856563125e-02  2.515145189129e+00  0.000000000000e+00 -2.515840144941e+00 -1.252725585395e-02 
 1.288249551693e+01  1.794694661328e-05  6.718878114953e-03  1.000000000000e+00  0.000000000000e+00  2.514193346258e+00 -5.494678737159e-02  1.482355224653e-03  6.104515000334e-02  1.660388116306e-03  6.104635517113e-02  2.515145189129e+00  0.000000000000e+00 -2.515861617875e+00 -1.281839464091e-02 
 1.318256738556e+01  1.879275383132e-05  6.875378579025e-03  1.000000000000e+00  0.000000000000e+00  2.514136780053e+00 -5.622539744945e-02  1.552173364644e-03  6.246533933154e-02  1.738590814739e-03  6.246633921546e-02  2.515145189129e+00  0.000000000000e+00 -2.515884100086e+00 -1.311626787996e-02 
 1.348962882592e+01  1.967842210604e-05  7.035524241473e-03  1.000000000000e+00  0.000000000000e+00  2.514077551663e+00 -5.753369976446e-02  1.625277775702e-03  6.391848513886e-02  1.820474369879e-03  6.391925827484e-02  2.515145189129e+00  0.000000000000e+00 -2.515907640824e+00 -1.342102906773e-02 
 1.380384264603e+01  2.060582997032e-05  7.199399999081e-03  1.000000000000e+00  0.000000000000e+00  2.514015534427e+00 -5.887237949355e-02  1.701822935047e-03  6.540534624946e-02  1.906211801270e-03  6.540586949995e-02  2.515145189129e+00  0.000000000000e+00 -2.515932288329e+00 -1.373283507415e-02 
 1.412537544623e+01  2.157694449068e-05  7.367092723143e-03  1.000000000000e+00  0.000000000000e+00  2.513950597495e+00 -6.024213729688e-02  1.781970560160e-03  6.692669849144e-02  1.995984236146e-03  6.692694687808e-02  2.515145189129e+00  0.000000000000e+00 -2.515958094843e+00 -1.405184609696e-02 
 1.445439770746e+01  2.259382541681e-05  7.538691310401e-03  1.000000000000e+00  0.000000000000e+00  2.513882604428e+00 -6.164368963800e-02  1.865889948704e-03  6.848333509697e-02  2.089981291192e-03  6.848328173510e-02  2.515145189129e+00  0.000000000000e+00 -2.515985115604e+00 -1.437822589459e-02 
 1.479108388168e+01  2.365862959053e-05  7.714286722148e-03  1.000000000000e+00  0.000000000000e+00  2.513811410405e+00 -6.307776919130e-02  1.953758330501e-03  7.007606708794e-02  2.188401466810e-03  7.007568294648e-02  2.515145189129e+00  0.000000000000e+00 -2.516013406448e+00 -1.471214162877e-02 
 1.513561248436e+01  2.477361547193e-05  7.893972043348e-03  1.000000000000e+00  0.000000000000e+00  2.513736865483e+00 -6.454512511118e-02  2.045761237241e-03  7.170572351606e-02  2.291452561167e-03  7.170497738116e-02  2.515145189129e+00  0.000000000000e+00 -2.516043027488e+00 -1.505376409827e-02 
 1.548816618912e+01  2.594114795684e-05  8.077842524472e-03  1.000000000000e+00  0.000000000000e+00  2.513658812270e+00 -6.604652333772e-02  2.142092888334e-03  7.337315204495e-02  2.399352101747e-03  7.337201022892e-02  2.515145189129e+00  0.000000000000e+00 -2.516074041223e+00 -1.540326780260e-02 
 1.584893192461e+01  2.716370339328e-05  8.265995631518e-03  1.000000000000e+00  0.000000000000e+00  2.513577085454e+00 -6.758274711319e-02  2.242956596547e-03  7.507921905199e-02  2.512327798740e-03  7.507764532056e-02  2.515145189129e+00  0.000000000000e+00 -2.516106512530e+00 -1.576083079556e-02 
 1.621810097359e+01  2.844387481815e-05  8.458531097858e-03  1.000000000000e+00  0.000000000000e+00  2.513491512742e+00 -6.915459713491e-02  2.348565187731e-03  7.682481022493e-02  2.630618017065e-03  7.682276557898e-02  2.515145189129e+00  0.000000000000e+00 -2.516140510072e+00 -1.612663503539e-02 
 1.659586907438e+01  2.978437746393e-05  8.655550986077e-03  1.000000000000e+00  0.000000000000e+00  2.513401913457e+00 -7.076289203542e-02  2.459141445797e-03  7.861083083844e-02  2.754472272954e-03  7.860827329569e-02  2.515145189129e+00  0.000000000000e+00 -2.516176105403e+00 -1.650086624288e-02 
 1.698243652462e+01  3.118805452473e-05  8.857159724357e-03  1.000000000000e+00  0.000000000000e+00  2.513308098540e+00 -7.240846869536e-02  2.574918573373e-03  8.043820616149e-02  2.884151750550e-03  8.043509052368e-02  2.515145189129e+00  0.000000000000e+00 -2.516213373491e+00 -1.688371401782e-02 
 1.737800828749e+01  3.265788316753e-05  9.063464183782e-03  1.000000000000e+00  0.000000000000e+00  2.513209869154e+00 -7.409218270914e-02  2.696140675198e-03  8.230788183573e-02  3.019929842139e-03  8.230415952858e-02  2.515145189129e+00  0.000000000000e+00 -2.516252391870e+00 -1.727537190173e-02 
 1.778279410039e+01  3.419698086304e-05  9.274573707444e-03  1.000000000000e+00  0.000000000000e+00  2.513107019011e+00 -7.581490858865e-02  2.823063263804e-03  8.422082425386e-02  3.162092715229e-03  8.421644297778e-02  2.515145189129e+00  0.000000000000e+00 -2.516293243534e+00 -1.767603739242e-02 
 1.819700858610e+01  3.580861196895e-05  9.490600201389e-03  1.000000000000e+00  0.000000000000e+00  2.512999330647e+00 -7.757754027261e-02  2.955953787023e-03  8.617802103981e-02  3.310939902804e-03  8.617292460985e-02  2.515145189129e+00  0.000000000000e+00 -2.516336013818e+00 -1.808591219498e-02 
 1.862087136663e+01  3.749619470739e-05  9.711658163724e-03  1.000000000000e+00  0.000000000000e+00  2.512886576820e+00 -7.938099149032e-02  3.095092181866e-03  8.818048135436e-02  3.466784924512e-03  8.817460930732e-02  2.515145189129e+00  0.000000000000e+00 -2.516380792416e+00 -1.850520195991e-02 
 1.905460717963e+01  3.926330833792e-05  9.937864761014e-03  1.000000000000e+00  0.000000000000e+00  2.512768520508e+00 -8.122619608184e-02  3.240771450692e-03  9.022923624434e-02  3.629955928773e-03  9.022252363502e-02  2.515145189129e+00  0.000000000000e+00 -2.516427674034e+00 -1.893411657772e-02 
 1.949844599758e+01  4.111370080295e-05  1.016933988649e-02  1.000000000000e+00  0.000000000000e+00  2.512644911651e+00 -8.311410846363e-02  3.393298265109e-03  9.232533921022e-02  3.800796372161e-03  9.231771621853e-02  2.515145189129e+00  0.000000000000e+00 -2.516476755817e+00 -1.937287014991e-02 
 1.995262314969e+01  4.305129666449e-05  1.040620622553e-02  1.000000000000e+00  0.000000000000e+00  2.512515490409e+00 -8.504570400692e-02  3.552993596713e-03  9.446986651164e-02  3.979665722909e-03  9.446125807881e-02  2.515145189129e+00  0.000000000000e+00 -2.516528141316e+00 -1.982168101069e-02 
 2.041737944670e+01  4.508020540328e-05  1.064858931750e-02  1.000000000000e+00  0.000000000000e+00  2.512379984371e+00 -8.702197935781e-02  3.720193376466e-03  9.666391757492e-02  4.166940200776e-03  9.665424309787e-02  2.515145189129e+00  0.000000000000e+00 -2.516581938450e+00 -2.028077193447e-02 
 2.089296130854e+01  4.720473015851e-05  1.089661762126e-02  1.000000000000e+00  0.000000000000e+00  2.512238108087e+00 -8.904395296122e-02  3.895249183188e-03  9.890861535678e-02  4.363013546936e-03  9.889778823708e-02  2.515145189129e+00  0.000000000000e+00 -2.516638259811e+00 -2.075036989564e-02 
 2.137962089502e+01  4.942937683694e-05  1.115042258971e-02  1.000000000000e+00  0.000000000000e+00  2.512089561671e+00 -9.111266536638e-02  4.078528964328e-03  1.012051068392e-01  4.568297829792e-03  1.011930340464e-01  2.515145189129e+00  0.000000000000e+00 -2.516697222089e+00 -2.123070634695e-02 
 2.187761623950e+01  5.175886366970e-05  1.141013872984e-02  1.000000000000e+00  0.000000000000e+00  2.511934033595e+00 -9.322917961981e-02  4.270417785847e-03  1.035545634513e-01  4.783224288985e-03  1.035411450721e-01  2.515145189129e+00  0.000000000000e+00 -2.516758949712e+00 -2.172201729405e-02 
 2.238721138568e+01  5.419813119545e-05  1.167590368277e-02  1.000000000000e+00  0.000000000000e+00  2.511771196499e+00 -9.539458178915e-02  4.471318622564e-03  1.059581812879e-01  5.008244210330e-03  1.059433100309e-01  2.515145189129e+00  0.000000000000e+00 -2.516823571547e+00 -2.222454302630e-02 
 2.290867652768e+01  5.675235280478e-05  1.194785828557e-02  1.000000000000e+00  0.000000000000e+00  2.511600707658e+00 -9.760998122511e-02  4.681653172156e-03  1.084171817783e-01  5.243829849860e-03  1.084007424797e-01  2.515145189129e+00  0.000000000000e+00 -2.516891222295e+00 -2.273852858606e-02 
 2.344228815320e+01  5.942694559735e-05  1.222614665312e-02  1.000000000000e+00  0.000000000000e+00  2.511422208510e+00 -9.987651107076e-02  4.901862718725e-03  1.109328118037e-01  5.490475388797e-03  1.109146807721e-01  2.515145189129e+00  0.000000000000e+00 -2.516962042997e+00 -2.326422329758e-02 
 2.398832919019e+01  6.222758197083e-05  1.251091626546e-02  1.000000000000e+00  0.000000000000e+00  2.511235324200e+00 -1.021953285526e-01  5.132409022735e-03  1.135063443362e-01  5.748697933996e-03  1.134863888292e-01  2.515145189129e+00  0.000000000000e+00 -2.517036181571e+00 -2.380188133449e-02 
 2.454708915685e+01  6.516020158642e-05  1.280231801320e-02  1.000000000000e+00  0.000000000000e+00  2.511039662175e+00 -1.045676155773e-01  5.373775259613e-03  1.161390786729e-01  6.019038571139e-03  1.161171561835e-01  2.515145189129e+00  0.000000000000e+00 -2.517113792492e+00 -2.435176121237e-02 
 2.511886431510e+01  6.823102398812e-05  1.310050631400e-02  1.000000000000e+00  0.000000000000e+00  2.510834812187e+00 -1.069945789204e-01  5.626466993817e-03  1.188323409006e-01  6.302063449766e-03  1.188082985173e-01  2.515145189129e+00  0.000000000000e+00 -2.517195037880e+00 -2.491412625433e-02 
 2.570395782769e+01  7.144656173352e-05  1.340563917074e-02  1.000000000000e+00  0.000000000000e+00  2.510620343033e+00 -1.094774507510e-01  5.891013195651e-03  1.215874842455e-01  6.598364924685e-03  1.215611578373e-01  2.515145189129e+00  0.000000000000e+00 -2.517280085399e+00 -2.548924430004e-02 
 2.630267991895e+01  7.481363429918e-05  1.371787825701e-02  1.000000000000e+00  0.000000000000e+00  2.510395806283e+00 -1.120174889802e-01  6.167967310830e-03  1.244058893353e-01  6.908562749231e-03  1.243771028239e-01  2.515145189129e+00  0.000000000000e+00 -2.517369113190e+00 -2.607738779119e-02 
 2.691534803927e+01  7.833938246904e-05  1.403738901172e-02  1.000000000000e+00  0.000000000000e+00  2.510160729289e+00 -1.146159776981e-01  6.457908356424e-03  1.272889648098e-01  7.233305307636e-03  1.272575292678e-01  2.515145189129e+00  0.000000000000e+00 -2.517462304130e+00 -2.667883386607e-02 
 2.754228703338e+01  8.203128339801e-05  1.436434072275e-02  1.000000000000e+00  0.000000000000e+00  2.509914621711e+00 -1.172742275376e-01  6.761442095922e-03  1.302381474670e-01  7.573270921966e-03  1.302038601571e-01  2.515145189129e+00  0.000000000000e+00 -2.517559853677e+00 -2.729386416678e-02 
 2.818382931264e+01  8.589716668439e-05  1.469890661065e-02  1.000000000000e+00  0.000000000000e+00  2.509656966198e+00 -1.199935760378e-01  7.079202231580e-03  1.332549025246e-01  7.929169190902e-03  1.332175460120e-01  2.515145189129e+00  0.000000000000e+00 -2.517661961908e+00 -2.792276489379e-02 
 2.884031503127e+01  8.994523065553e-05  1.504126391956e-02  1.000000000000e+00  0.000000000000e+00  2.509387225378e+00 -1.227753880084e-01  7.411851674078e-03  1.363407242170e-01  8.301742407639e-03  1.363000652927e-01  2.515145189129e+00  0.000000000000e+00 -2.517768841941e+00 -2.856582694054e-02 
 2.951209226666e+01  9.418406006034e-05  1.539159402637e-02  1.000000000000e+00  0.000000000000e+00  2.509104833938e+00 -1.256210559222e-01  7.760083847643e-03  1.394971358532e-01  8.691767023265e-03  1.394529243407e-01  2.515145189129e+00  0.000000000000e+00 -2.517880713499e+00 -2.922334555148e-02 
 3.019951720402e+01  9.862264403182e-05  1.575008251166e-02  1.000000000000e+00  0.000000000000e+00  2.508809200954e+00 -1.285320002935e-01  8.124624066113e-03  1.427256901807e-01  9.100055183808e-03  1.426776578010e-01  2.515145189129e+00  0.000000000000e+00 -2.517997806790e+00 -2.989562043665e-02 
 3.090295432514e+01  1.032703952291e-04  1.611691928156e-02  1.000000000000e+00  0.000000000000e+00  2.508499710821e+00 -1.315096699400e-01  8.506230957209e-03  1.460279697203e-01  9.527456317301e-03  1.459758287529e-01  2.515145189129e+00  0.000000000000e+00 -2.518120365052e+00 -3.058295576260e-02 
 3.162277660168e+01  1.081371697751e-04  1.649229864779e-02  1.000000000000e+00  0.000000000000e+00  2.508175717201e+00 -1.345555424632e-01  8.905697939554e-03  1.494055868534e-01  9.974858799978e-03  1.493490287976e-01  2.515145189129e+00  0.000000000000e+00 -2.518248640176e+00 -3.128565983953e-02 
 3.235936569296e+01  1.132332881753e-04  1.687641944227e-02  1.000000000000e+00  0.000000000000e+00  2.507836543024e+00 -1.376711242483e-01  9.323854797913e-03  1.528601841419e-01  1.044319170433e-02  1.527988781745e-01  2.515145189129e+00  0.000000000000e+00 -2.518382894485e+00 -3.200404535230e-02 
 3.311311214826e+01  1.185695570740e-04  1.726948510986e-02  1.000000000000e+00  0.000000000000e+00  2.507481482346e+00 -1.408579511626e-01  9.761569266630e-03  1.563934345322e-01  1.093342657259e-02  1.563270259940e-01  2.515145189129e+00  0.000000000000e+00 -2.518523404382e+00 -3.273842898749e-02 
 3.388441561392e+01  1.241572923334e-04  1.767170383391e-02  1.000000000000e+00  0.000000000000e+00  2.507109796628e+00 -1.441175884684e-01  1.021974872856e-02  1.600070413842e-01  1.144657931945e-02  1.599351500336e-01  2.515145189129e+00  0.000000000000e+00 -2.518670458558e+00 -3.348913144259e-02 
 3.467368504525e+01  1.300083428362e-04  1.808328862899e-02  1.000000000000e+00  0.000000000000e+00  2.506720711477e+00 -1.474516313756e-01  1.069934196312e-02  1.637027387624e-01  1.198371218925e-02  1.636249570292e-01  2.515145189129e+00  0.000000000000e+00 -2.518824356712e+00 -3.425647725673e-02 
 3.548133892336e+01  1.361351156390e-04  1.850445745731e-02  1.000000000000e+00  0.000000000000e+00  2.506313418504e+00 -1.508617050422e-01  1.120134095436e-02  1.674822913192e-01  1.254593576778e-02  1.673981822387e-01  2.515145189129e+00  0.000000000000e+00 -2.518985413446e+00 -3.504079449063e-02 
 3.630780547701e+01  1.425506023907e-04  1.893543334882e-02  1.000000000000e+00  0.000000000000e+00  2.505887072999e+00 -1.543494648940e-01  1.172678280636e-02  1.713474945282e-01  1.313441112688e-02  1.712565898197e-01  2.515145189129e+00  0.000000000000e+00 -2.519153958112e+00 -3.584241490479e-02 
 3.715352290972e+01  1.492684066591e-04  1.937644450300e-02  1.000000000000e+00  0.000000000000e+00  2.505440788809e+00 -1.579165967996e-01  1.227675168411e-02  1.753001745674e-01  1.375035199817e-02  1.752019722771e-01  2.515145189129e+00  0.000000000000e+00 -2.519330331893e+00 -3.666167333382e-02 
 3.801893963206e+01  1.563027727798e-04  1.982772441988e-02  1.000000000000e+00  0.000000000000e+00  2.504973643459e+00 -1.615648170700e-01  1.285238088894e-02  1.793421882612e-01  1.439502708854e-02  1.792361504631e-01  2.515145189129e+00  0.000000000000e+00 -2.519514895261e+00 -3.749890781733e-02 
 3.890451449943e+01  1.636686162101e-04  2.028951203101e-02  1.000000000000e+00  0.000000000000e+00  2.504484667908e+00 -1.652958727500e-01  1.345485497222e-02  1.834754230513e-01  1.506976243945e-02  1.833609732566e-01  2.515145189129e+00  0.000000000000e+00 -2.519708020132e+00 -3.835445911982e-02 
 3.981071705535e+01  1.713815549067e-04  2.076205181584e-02  1.000000000000e+00  0.000000000000e+00  2.503972852603e+00 -1.691115416470e-01  1.408541194724e-02  1.877017967927e-01  1.577594390619e-02  1.875783173018e-01  2.515145189129e+00  0.000000000000e+00 -2.519910098423e+00 -3.922867055597e-02 
 4.073802778041e+01  1.794579425223e-04  2.124559390359e-02  1.000000000000e+00  0.000000000000e+00  2.503437140957e+00 -1.730136321567e-01  1.474534559020e-02  1.920232574339e-01  1.651501971355e-02  1.918900863384e-01  2.515145189129e+00  0.000000000000e+00 -2.520121538126e+00 -4.012188759777e-02 
 4.168693834703e+01  1.879149029662e-04  2.174039426245e-02  1.000000000000e+00  0.000000000000e+00  2.502876426559e+00 -1.770039835246e-01  1.543600782134e-02  1.964417827839e-01  1.728850312793e-02  1.962982109108e-01  2.515145189129e+00  0.000000000000e+00 -2.520342763219e+00 -4.103445751075e-02 
 4.265795188016e+01  1.967703666708e-04  2.224671477234e-02  1.000000000000e+00  0.000000000000e+00  2.502289555967e+00 -1.810844656138e-01  1.615881117141e-02  2.009593803086e-01  1.809797521855e-02  2.008046478441e-01  2.515145189129e+00  0.000000000000e+00 -2.520574219255e+00 -4.196672913565e-02 
 4.365158322402e+01  2.060431087614e-04  2.276482339948e-02  1.000000000000e+00  0.000000000000e+00  2.501675322186e+00 -1.852569787006e-01  1.691523135378e-02  2.055780863448e-01  1.894508769692e-02  2.054113793711e-01  2.515145189129e+00  0.000000000000e+00 -2.520816369726e+00 -4.291905239371e-02 
 4.466835921510e+01  2.157527884208e-04  2.329499432744e-02  1.000000000000e+00  0.000000000000e+00  2.501032463275e+00 -1.895234534459e-01  1.770680992558e-02  2.102999658964e-01  1.983156592178e-02  2.101204124920e-01  2.515145189129e+00  0.000000000000e+00 -2.521069697706e+00 -4.389177780642e-02 
 4.570881896149e+01  2.259199908110e-04  2.383750809167e-02  1.000000000000e+00  0.000000000000e+00  2.500359662343e+00 -1.938858506328e-01  1.853515702533e-02  2.151271117327e-01  2.075921194773e-02  2.149337778974e-01  2.515145189129e+00  0.000000000000e+00 -2.521334708943e+00 -4.488525581524e-02 
 4.677351412872e+01  2.365662706154e-04  2.439265172870e-02  1.000000000000e+00  0.000000000000e+00  2.499655540101e+00 -1.983461605851e-01  1.940195423595e-02  2.200616438640e-01  2.172990770123e-02  2.198535292700e-01  2.515145189129e+00  0.000000000000e+00 -2.521611927625e+00 -4.589983681434e-02 
 4.786300923226e+01  2.477141975135e-04  2.496071894711e-02  1.000000000000e+00  0.000000000000e+00  2.498918658588e+00 -2.029064031376e-01  2.030895754069e-02  2.251057085232e-01  2.274561828744e-02  2.248817417421e-01  2.515145189129e+00  0.000000000000e+00 -2.521901903465e+00 -4.693586980817e-02 
 4.897788193684e+01  2.593874041850e-04  2.554201023304e-02  1.000000000000e+00  0.000000000000e+00  2.498147514649e+00 -2.075686268217e-01  2.125800034628e-02  2.302614773216e-01  2.380839537363e-02  2.300205109932e-01  2.515145189129e+00  0.000000000000e+00 -2.522205208606e+00 -4.799370242969e-02 
 5.011872336273e+01  2.716106358776e-04  2.613683306481e-02  1.000000000000e+00  0.000000000000e+00  2.497340537608e+00 -2.123349084868e-01  2.225099666612e-02  2.355311462015e-01  2.492038072887e-02  2.352719516493e-01  2.515145189129e+00  0.000000000000e+00 -2.522522438883e+00 -4.907367993262e-02 
 5.128613839914e+01  2.844098034416e-04  2.674550200754e-02  1.000000000000e+00  0.000000000000e+00  2.496496087406e+00 -2.172073526308e-01  2.328994435447e-02  2.409169341554e-01  2.608380983293e-02  2.406381957117e-01  2.515145189129e+00  0.000000000000e+00 -2.522854215625e+00 -5.017614438383e-02 
 5.248074602498e+01  2.978120375587e-04  2.736833894232e-02  1.000000000000e+00  0.000000000000e+00  2.495612451807e+00 -2.221880903526e-01  2.437692846070e-02  2.464210817416e-01  2.730101559791e-02  2.461213907227e-01  2.515145189129e+00  0.000000000000e+00 -2.523201186637e+00 -5.130143410671e-02 
 5.370317963703e+01  3.118457464097e-04  2.800567318263e-02  1.000000000000e+00  0.000000000000e+00  2.494687841740e+00 -2.272792789736e-01  2.551412470712e-02  2.520458498911e-01  2.857443226821e-02  2.517236981075e-01  2.515145189129e+00  0.000000000000e+00 -2.523564025498e+00 -5.244988251705e-02 
 5.495408738576e+01  3.265406757578e-04  2.865784167079e-02  1.000000000000e+00  0.000000000000e+00  2.493720390368e+00 -2.324831004662e-01  2.670380303607e-02  2.577935178706e-01  2.990659935676e-02  2.574472906999e-01  2.515145189129e+00  0.000000000000e+00 -2.523943434627e+00 -5.362181741725e-02 
 5.623413251903e+01  3.419279717605e-04  2.932518914167e-02  1.000000000000e+00  0.000000000000e+00  2.492708147969e+00 -2.378017606679e-01  2.794833128792e-02  2.636663818266e-01  3.130016574141e-02  2.632943509961e-01  2.515145189129e+00  0.000000000000e+00 -2.524340144322e+00 -5.481756019965e-02 
 5.754399373372e+01  3.580402468515e-04  3.000806830096e-02  1.000000000000e+00  0.000000000000e+00  2.491649080534e+00 -2.432374879136e-01  2.925017895905e-02  2.696667520795e-01  3.275789384861e-02  2.692670675460e-01  2.515145189129e+00  0.000000000000e+00 -2.524754915609e+00 -5.603742378371e-02 
 5.888436553556e+01  3.749116488052e-04  3.070684001796e-02  1.000000000000e+00  0.000000000000e+00  2.490541065112e+00 -2.487925316673e-01  3.061192108726e-02  2.757969519007e-01  3.428266396804e-02  2.753676336142e-01  2.515145189129e+00  0.000000000000e+00 -2.525188539974e+00 -5.728171283805e-02 
 6.025595860744e+01  3.925779328711e-04  3.142187348203e-02  1.000000000000e+00  0.000000000000e+00  2.489381886087e+00 -2.544691608055e-01  3.203624220623e-02  2.820593140787e-01  3.587747865822e-02  2.815982430475e-01  2.515145189129e+00  0.000000000000e+00 -2.525641840111e+00 -5.855072152117e-02 
 6.165950018615e+01  4.110765372047e-04  3.215354644635e-02  1.000000000000e+00  0.000000000000e+00  2.488169232383e+00 -2.602696619870e-01  3.352594042371e-02  2.884561786777e-01  3.754546726850e-02  2.879610872478e-01  2.515145189129e+00  0.000000000000e+00 -2.526115671726e+00 -5.984473232828e-02 
 6.309573444802e+01  4.304466622784e-04  3.290224533703e-02  1.000000000000e+00  0.000000000000e+00  2.486900693737e+00 -2.661963375285e-01  3.508393157244e-02  2.949898901861e-01  3.928989059204e-02  2.944583519711e-01  2.515145189129e+00  0.000000000000e+00 -2.526610924548e+00 -6.116401512356e-02 
 6.456542290347e+01  4.507293534175e-04  3.366836555506e-02  1.000000000000e+00  0.000000000000e+00  2.485573757440e+00 -2.722515038913e-01  3.671325345204e-02  3.016627941397e-01  4.111414550425e-02  3.010922131944e-01  2.515145189129e+00  0.000000000000e+00 -2.527128523783e+00 -6.250882482280e-02 
 6.606934480076e+01  4.719675877709e-04  3.445231158548e-02  1.000000000000e+00  0.000000000000e+00  2.484185799491e+00 -2.784374883049e-01  3.841707016545e-02  3.084772338043e-01  4.302176982310e-02  3.078648327501e-01  2.515145189129e+00  0.000000000000e+00 -2.527669426224e+00 -6.387940051302e-02 
 6.760829753920e+01  4.942063646354e-04  3.525449726294e-02  1.000000000000e+00  0.000000000000e+00  2.482734091114e+00 -2.847566271084e-01  4.019867653551e-02  3.154355460429e-01  4.501644718403e-02  3.147783539025e-01  2.515145189129e+00  0.000000000000e+00 -2.528234631724e+00 -6.527596295316e-02 
 6.918309709189e+01  5.174928013503e-04  3.607534596085e-02  1.000000000000e+00  0.000000000000e+00  2.481215782464e+00 -2.912112627528e-01  4.206150257232e-02  3.225400581141e-01  4.710201200942e-02  3.218348973314e-01  2.515145189129e+00  0.000000000000e+00 -2.528825171974e+00 -6.669871374466e-02 
 7.079457843841e+01  5.418762318641e-04  3.691529078787e-02  1.000000000000e+00  0.000000000000e+00  2.479627907742e+00 -2.978037403082e-01  4.400911799894e-02  3.297930823755e-01  4.928245449992e-02  3.290365543216e-01  2.515145189129e+00  0.000000000000e+00 -2.529442120705e+00 -6.814783221004e-02 
 7.244359600750e+01  5.674083112126e-04  3.777477486437e-02  1.000000000000e+00  0.000000000000e+00  2.477967374492e+00 -3.045364050195e-01  4.604523691523e-02  3.371969120344e-01  5.156192580762e-02  3.363853824558e-01  2.515145189129e+00  0.000000000000e+00 -2.530086588265e+00 -6.962347380679e-02 
 7.413102413009e+01  5.941431246583e-04  3.865425146796e-02  1.000000000000e+00  0.000000000000e+00  2.476230966393e+00 -3.114115977660e-01  4.817372233083e-02  3.447538159671e-01  5.394474300556e-02  3.438833988039e-01  2.515145189129e+00  0.000000000000e+00 -2.530759729484e+00 -7.112576800279e-02 
 7.585775750292e+01  6.221373018889e-04  3.955418433907e-02  1.000000000000e+00  0.000000000000e+00  2.474415328819e+00 -3.184316520928e-01  5.039859089447e-02  3.524660333642e-01  5.643539437733e-02  3.515325739281e-01  2.515145189129e+00  0.000000000000e+00 -2.531462734648e+00 -7.265481555509e-02 
 7.762471166287e+01  6.514501360471e-04  4.047504785558e-02  1.000000000000e+00  0.000000000000e+00  2.472516974900e+00 -3.255988891469e-01  5.272401757975e-02  3.603357675020e-01  5.903854450298e-02  3.593348244322e-01  2.515145189129e+00  0.000000000000e+00 -2.532196840752e+00 -7.421068629806e-02 
 7.943282347243e+01  6.821437092412e-04  4.141732730932e-02  1.000000000000e+00  0.000000000000e+00  2.470532274339e+00 -3.329156138934e-01  5.515434031258e-02  3.683651799802e-01  6.175903940311e-02  3.672920060344e-01  2.515145189129e+00  0.000000000000e+00 -2.532963325598e+00 -7.579341627664e-02 
 8.128305161641e+01  7.142830227167e-04  4.238151912432e-02  1.000000000000e+00  0.000000000000e+00  2.468457449693e+00 -3.403841099935e-01  5.769406472973e-02  3.765563835623e-01  6.460191174119e-02  3.754059051862e-01  2.515145189129e+00  0.000000000000e+00 -2.533763509403e+00 -7.740300470503e-02 
 8.317637711027e+01  7.479361349851e-04  4.336813114060e-02  1.000000000000e+00  0.000000000000e+00  2.466288573109e+00 -3.480066342745e-01  6.034786866076e-02  3.849114350742e-01  6.757238575665e-02  3.836782308063e-01  2.515145189129e+00  0.000000000000e+00 -2.534598756605e+00 -7.903941151471e-02 
 8.511380382024e+01  7.831743041606e-04  4.437768279604e-02  1.000000000000e+00  0.000000000000e+00  2.464021561667e+00 -3.557854114333e-01  6.312060685013e-02  3.934323278954e-01  7.067588240898e-02  3.921106052003e-01  2.515145189129e+00  0.000000000000e+00 -2.535470476499e+00 -8.070255375279e-02 
 8.709635899561e+01  8.200721384810e-04  4.541070549021e-02  1.000000000000e+00  0.000000000000e+00  2.461652172264e+00 -3.637226279825e-01  6.601731528644e-02  4.021209834027e-01  7.391802412167e-02  4.007045541075e-01  2.515145189129e+00  0.000000000000e+00 -2.536380123003e+00 -8.239230204601e-02 
 8.912509381337e+01  8.587077537641e-04  4.646774272260e-02  1.000000000000e+00  0.000000000000e+00  2.459175995551e+00 -3.718204254983e-01  6.904321569891e-02  4.109792425879e-01  7.730463967891e-02  4.094614972128e-01  2.515145189129e+00  0.000000000000e+00 -2.537329193667e+00 -8.410847800315e-02 
 9.120108393559e+01  8.991629368893e-04  4.754935048550e-02  1.000000000000e+00  0.000000000000e+00  2.456588454545e+00 -3.800808940432e-01  7.220371969743e-02  4.200088567450e-01  8.084176866396e-02  4.183827366214e-01  2.515145189129e+00  0.000000000000e+00 -2.538319232868e+00 -8.585084966032e-02 
 9.332543007970e+01  9.415233190566e-04  4.865609744593e-02  1.000000000000e+00  0.000000000000e+00  2.453884795774e+00 -3.885060643661e-01  7.550443282526e-02  4.292114772252e-01  8.453566589742e-02  4.274694452761e-01  2.515145189129e+00  0.000000000000e+00 -2.539351827583e+00 -8.761912787941e-02 
 9.549925860214e+01  9.858785545021e-04  4.978856525850e-02  1.000000000000e+00  0.000000000000e+00  2.451060089283e+00 -3.970979004516e-01  7.895115850260e-02  4.385886453092e-01  8.839280562825e-02  4.367226550821e-01  2.515145189129e+00  0.000000000000e+00 -2.540428611751e+00 -8.941296223714e-02 
 9.772372209558e+01  1.032322510810e-03  5.094734884915e-02  1.000000000000e+00  0.000000000000e+00  2.448109219316e+00 -4.058582907310e-01  8.254990144633e-02  4.481417812058e-01  9.241988520080e-02  4.461432439857e-01  2.515145189129e+00  0.000000000000e+00 -2.541551260823e+00 -9.123193717614e-02 
 1.000000000000e+02  1.080953464452e-03  5.213305671350e-02  1.000000000000e+00  0.000000000000e+00  2.445026885718e+00 -4.147890390595e-01  8.630687114783e-02  4.578721721773e-01  9.662382872193e-02  4.557319219457e-01  2.515145189129e+00  0.000000000000e+00 -2.542721497019e+00 -9.307556729739e-02 
 1.023292992281e+02  1.131874308157e-03  5.334631118603e-02  1.000000000000e+00  0.000000000000e+00  2.441807593685e+00 -4.238918556948e-01  9.022848472523e-02  4.677809600835e-01  1.010117900296e-01  4.654892168473e-01  2.515145189129e+00  0.000000000000e+00 -2.543941082258e+00 -9.494329256539e-02 
 1.047128548051e+02  1.185192767025e-03  5.458774876752e-02  1.000000000000e+00  0.000000000000e+00  2.438445654698e+00 -4.331683467026e-01  9.432136954274e-02  4.778691285755e-01  1.055911553412e-01  4.754154593102e-01  2.515145189129e+00  0.000000000000e+00 -2.545211821959e+00 -9.683447403720e-02 
 1.071519305238e+02  1.241021623173e-03  5.585802040150e-02  1.000000000000e+00  0.000000000000e+00  2.434935180936e+00 -4.426200033049e-01  9.859236534976e-02  4.881374891265e-01  1.103695454367e-01  4.855107663316e-01  2.515145189129e+00  0.000000000000e+00 -2.546535561854e+00 -9.874838843461e-02 
 1.096478196143e+02  1.299478955161e-03  5.715779181628e-02  1.000000000000e+00  0.000000000000e+00  2.431270080153e+00 -4.522481907625e-01  1.030485258962e-01  4.985866670031e-01  1.153548171569e-01  4.957750253961e-01  2.515145189129e+00  0.000000000000e+00 -2.547914184608e+00 -1.006842237131e-01 
 1.122018454302e+02  1.360688382647e-03  5.848774381593e-02  1.000000000000e+00  0.000000000000e+00  2.427444056608e+00 -4.620541362674e-01  1.076971200819e-01  5.092170856078e-01  1.205550643645e-01  5.062078756164e-01  2.515145189129e+00  0.000000000000e+00 -2.549349611956e+00 -1.026410726006e-01 
 1.148153621497e+02  1.424779327408e-03  5.984857260773e-02  1.000000000000e+00  0.000000000000e+00  2.423450602684e+00 -4.720389160211e-01  1.125456323352e-01  5.200289512286e-01  1.259786180308e-01  5.168086908525e-01  2.515145189129e+00  0.000000000000e+00 -2.550843796667e+00 -1.046179289674e-01 
 1.174897554940e+02  1.491887282782e-03  6.124099013687e-02  1.000000000000e+00  0.000000000000e+00  2.419283001684e+00 -4.822034424869e-01  1.176017623802e-01  5.310222359840e-01  1.316340456251e-01  5.275765591068e-01  2.515145189129e+00  0.000000000000e+00 -2.552398724997e+00 -1.066136803020e-01 
 1.202264434617e+02  1.562154098792e-03  6.266572439927e-02  1.000000000000e+00  0.000000000000e+00  2.414934323635e+00 -4.925484498963e-01  1.228734243196e-01  5.421966607682e-01  1.375301496591e-01  5.385102634318e-01  2.515145189129e+00  0.000000000000e+00 -2.554016411327e+00 -1.086271034264e-01 
 1.230268770812e+02  1.635728277961e-03  6.412351984181e-02  1.000000000000e+00  0.000000000000e+00  2.410397422966e+00 -5.030744798132e-01  1.283687447140e-01  5.535516776145e-01  1.436759650533e-01  5.496082608588e-01  2.515145189129e+00  0.000000000000e+00 -2.555698893501e+00 -1.106568582600e-01 
 1.258925411794e+02  1.712765285447e-03  6.561513757333e-02  1.000000000000e+00  0.000000000000e+00  2.405664939433e+00 -5.137818655930e-01  1.340960597445e-01  5.650864500785e-01  1.500807556731e-01  5.608686606865e-01  2.515145189129e+00  0.000000000000e+00 -2.557448230599e+00 -1.127014818609e-01 
 1.288249551693e+02  1.793427874645e-03  6.714135587390e-02  1.000000000000e+00  0.000000000000e+00  2.400729298592e+00 -5.246707160259e-01  1.400639115309e-01  5.767998349620e-01  1.567540095421e-01  5.722892016638e-01  2.515145189129e+00  0.000000000000e+00 -2.559266498942e+00 -1.147593824743e-01 
 1.318256738556e+02  1.877886426200e-03  6.870297041314e-02  1.000000000000e+00  0.000000000000e+00  2.395582707599e+00 -5.357408989221e-01  1.462810431258e-01  5.886903618230e-01  1.637054326711e-01  5.838672301034e-01  2.515145189129e+00  0.000000000000e+00 -2.561155782073e+00 -1.168288342791e-01 
 1.348962882592e+02  1.966319303165e-03  7.030079470132e-02  1.000000000000e+00  0.000000000000e+00  2.390217163600e+00 -5.469920232426e-01  1.527563924319e-01  6.007562120212e-01  1.709449418704e-01  5.955996742705e-01  2.515145189129e+00  0.000000000000e+00 -2.563118172301e+00 -1.189079700973e-01 
 1.380384264603e+02  2.058913224118e-03  7.193566039496e-02  1.000000000000e+00  0.000000000000e+00  2.384624449071e+00 -5.584234209964e-01  1.594990848680e-01  6.129951982293e-01  1.784826556977e-01  6.074830213329e-01  2.515145189129e+00  0.000000000000e+00 -2.565155757369e+00 -1.209947767523e-01 
 1.412537544623e+02  2.155863650842e-03  7.360841766058e-02  1.000000000000e+00  0.000000000000e+00  2.378796141129e+00 -5.700341280317e-01  1.665184243757e-01  6.254047419643e-01  1.863288837776e-01  6.195132912835e-01  2.515145189129e+00  0.000000000000e+00 -2.567270619475e+00 -1.230870885640e-01 
 1.445439770746e+02  2.257375193949e-03  7.531993559678e-02  1.000000000000e+00  0.000000000000e+00  2.372723611537e+00 -5.818228649441e-01  1.738238832913e-01  6.379818519345e-01  1.944941148395e-01  6.316860119114e-01  2.515145189129e+00  0.000000000000e+00 -2.569464823711e+00 -1.251825818337e-01 
 1.479108388168e+02  2.363662040352e-03  7.707110262709e-02  1.000000000000e+00  0.000000000000e+00  2.366398032755e+00 -5.937880158890e-01  1.814250902389e-01  6.507231011055e-01  2.029890023114e-01  6.439961920260e-01  2.515145189129e+00  0.000000000000e+00 -2.571740410145e+00 -1.272787696490e-01 
 1.513561248436e+02  2.474948395047e-03  7.886282673280e-02  1.000000000000e+00  0.000000000000e+00  2.359810388647e+00 -6.059276085580e-01  1.893318166258e-01  6.636246034177e-01  2.118243483419e-01  6.564382946817e-01  2.515145189129e+00  0.000000000000e+00 -2.574099388986e+00 -1.293729953646e-01 
 1.548816618912e+02  2.591468950868e-03  8.069603600597e-02  1.000000000000e+00  0.000000000000e+00  2.352951474488e+00 -6.182392921764e-01  1.975539611303e-01  6.766819918994e-01  2.210110855522e-01  6.690062121488e-01  2.515145189129e+00  0.000000000000e+00 -2.576543722816e+00 -1.314624301286e-01 
 1.584893192461e+02  2.713469370519e-03  8.257167896954e-02  1.000000000000e+00  0.000000000000e+00  2.345811915118e+00 -6.307203161996e-01  2.061015322688e-01  6.898903934052e-01  2.305602566921e-01  6.816932364600e-01  2.515145189129e+00  0.000000000000e+00 -2.579075324880e+00 -1.335440650537e-01 
 1.621810097359e+02  2.841206795893e-03  8.449072497024e-02  1.000000000000e+00  0.000000000000e+00  2.338382169139e+00 -6.433675069129e-01  2.149846289831e-01  7.032444067299e-01  2.404829916777e-01  6.944920343813e-01  2.515145189129e+00  0.000000000000e+00 -2.581696040828e+00 -1.356147099797e-01 
 1.659586907438e+02  2.974950381486e-03  8.645416455693e-02  1.000000000000e+00  0.000000000000e+00  2.330652546603e+00 -6.561772456625e-01  2.242134191620e-01  7.167380790925e-01  2.507904826780e-01  7.073946193559e-01  2.515145189129e+00  0.000000000000e+00 -2.584407642032e+00 -1.376709875663e-01 
 1.698243652462e+02  3.114981848285e-03  8.846300991718e-02  1.000000000000e+00  0.000000000000e+00  2.322613219265e+00 -6.691454449901e-01  2.337981157470e-01  7.303648832021e-01  2.614939561172e-01  7.203923260095e-01  2.515145189129e+00  0.000000000000e+00 -2.587211808383e+00 -1.397093320992e-01 
 1.737800828749e+02  3.261596065386e-03  9.051829527016e-02  1.000000000000e+00  0.000000000000e+00  2.314254240133e+00 -6.822675261647e-01  2.437489506847e-01  7.441176942084e-01  2.726046422613e-01  7.334757832577e-01  2.515145189129e+00  0.000000000000e+00 -2.590110118019e+00 -1.417259854593e-01 
 1.778279410039e+02  3.415101657083e-03  9.262107720133e-02  1.000000000000e+00  0.000000000000e+00  2.305565559771e+00 -6.955383946188e-01  2.540761464334e-01  7.579887689790e-01  2.841337420978e-01  7.466348900925e-01  2.515145189129e+00  0.000000000000e+00 -2.593104031110e+00 -1.437169978071e-01 
 1.819700858610e+02  3.575821638606e-03  9.477243515721e-02  1.000000000000e+00  0.000000000000e+00  2.296537047718e+00 -7.089524182957e-01  2.647898850264e-01  7.719697239809e-01  2.960923912469e-01  7.598587895045e-01  2.515145189129e+00  0.000000000000e+00 -2.596194875824e+00 -1.456782236532e-01 
 1.862087136663e+02  3.744094078684e-03  9.697347186739e-02  1.000000000000e+00  0.000000000000e+00  2.287158512510e+00 -7.225034033181e-01  2.759002745152e-01  7.860515159555e-01  3.084916210501e-01  7.731358470628e-01  2.515145189129e+00  0.000000000000e+00 -2.599383830104e+00 -1.476053251908e-01 
 1.905460717963e+02  3.920272791220e-03  9.922531357734e-02  1.000000000000e+00  0.000000000000e+00  2.277419731487e+00 -7.361845715204e-01  2.874173129676e-01  8.002244228264e-01  3.213423165726e-01  7.864536284469e-01  2.515145189129e+00  0.000000000000e+00 -2.602671910163e+00 -1.494937725287e-01 
 1.949844599758e+02  4.104728061066e-03  1.015291106887e-01  1.000000000000e+00  0.000000000000e+00  2.267310471740e+00 -7.499885384459e-01  2.993508499349e-01  8.144780271687e-01  3.346551719587e-01  7.997988794232e-01  2.515145189129e+00  0.000000000000e+00 -2.606059947520e+00 -1.513388463106e-01 
 1.995262314969e+02  4.297847402995e-03  1.038860379922e-01  1.000000000000e+00  0.000000000000e+00  2.256820525043e+00 -7.639072915772e-01  3.117105448619e-01  8.288012000266e-01  3.484406420030e-01  8.131575082662e-01  2.515145189129e+00  0.000000000000e+00 -2.609548576254e+00 -1.531356421386e-01 
 2.041737944670e+02  4.500036347054e-03  1.062972951186e-01  1.000000000000e+00  0.000000000000e+00  2.245939735789e+00 -7.779321701964e-01  3.245058236062e-01  8.431820876431e-01  3.627088920330e-01  8.265145689948e-01  2.515145189129e+00  0.000000000000e+00 -2.613138211616e+00 -1.548790744006e-01 
 2.089296130854e+02  4.711719267107e-03  1.087641069607e-01  1.000000000000e+00  0.000000000000e+00  2.234658038709e+00 -7.920538450126e-01  3.377458316972e-01  8.576081013307e-01  3.774697432527e-01  8.398542504292e-01  2.515145189129e+00  0.000000000000e+00 -2.616829033913e+00 -1.565638861218e-01 
 2.137962089502e+02  4.933340244861e-03  1.112877240812e-01  1.000000000000e+00  0.000000000000e+00  2.222965492867e+00 -8.062623011647e-01  3.514393861406e-01  8.720659075771e-01  3.927326169796e-01  8.531598642003e-01  2.515145189129e+00  0.000000000000e+00 -2.620620967608e+00 -1.581846543782e-01 
 2.187761623950e+02  5.165363966626e-03  1.138694230904e-01  1.000000000000e+00  0.000000000000e+00  2.210852324963e+00 -8.205468208762e-01  3.655949230888e-01  8.865414243191e-01  4.085064739920e-01  8.664138396271e-01  2.515145189129e+00  0.000000000000e+00 -2.624513664867e+00 -1.597358028980e-01 
 2.238721138568e+02  5.408276666458e-03  1.165105069813e-01  1.000000000000e+00  0.000000000000e+00  2.198308969382e+00 -8.348959694849e-01  3.802204453968e-01  9.010198174510e-01  4.247997538769e-01  8.795977197587e-01  2.515145189129e+00  0.000000000000e+00 -2.628506485900e+00 -1.612116124087e-01 
 2.290867652768e+02  5.662587104780e-03  1.192123055807e-01  1.000000000000e+00  0.000000000000e+00  2.185326112900e+00 -8.492975824047e-01  3.953234662185e-01  9.154855030356e-01  4.416203092551e-01  8.926921639359e-01  2.515145189129e+00  0.000000000000e+00 -2.632598478866e+00 -1.626062366870e-01 
 2.344228815320e+02  5.928827596108e-03  1.219761758839e-01  1.000000000000e+00  0.000000000000e+00  2.171894743573e+00 -8.637387558119e-01  4.109109520796e-01  9.299221526599e-01  4.589753396576e-01  9.056769525632e-01  2.515145189129e+00  0.000000000000e+00 -2.636788363673e+00 -1.639137169803e-01 
 2.398832919019e+02  6.207555079527e-03  1.248035024910e-01  1.000000000000e+00  0.000000000000e+00  2.158006199170e+00 -8.782058391953e-01  4.269892633311e-01  9.443127027480e-01  4.768713232479e-01  9.185309978202e-01  2.515145189129e+00  0.000000000000e+00 -2.641074513199e+00 -1.651280006039e-01 
 2.454708915685e+02  6.499352230094e-03  1.276956978545e-01  1.000000000000e+00  0.000000000000e+00  2.143652220722e+00 -8.926844313974e-01  4.435640939628e-01  9.586393684149e-01  4.953139455174e-01  9.312323592603e-01  2.515145189129e+00  0.000000000000e+00 -2.645454936650e+00 -1.662429607456e-01 
 2.511886431510e+02  6.804828624809e-03  1.306542027160e-01  1.000000000000e+00  0.000000000000e+00  2.128825006541e+00 -9.071593800327e-01  4.606404097285e-01  9.728836634895e-01  5.143080289708e-01  9.437582656974e-01  2.515145189129e+00  0.000000000000e+00 -2.649927264427e+00 -1.672524193710e-01 
 2.570395782769e+02  7.124621959520e-03  1.336804863531e-01  1.000000000000e+00  0.000000000000e+00  2.113517267630e+00 -9.216147841653e-01  4.782223863294e-01  9.870264233323e-01  5.338574601337e-01  9.560851413989e-01  2.515145189129e+00  0.000000000000e+00 -2.654488731768e+00 -1.681501709861e-01 
 2.630267991895e+02  7.459399314030e-03  1.367760470312e-01  1.000000000000e+00  0.000000000000e+00  2.097722288221e+00 -9.360340022249e-01  4.963133464335e-01  1.001047835685e+00  5.539651165018e-01  9.681886404287e-01  2.515145189129e+00  0.000000000000e+00 -2.659136167492e+00 -1.689300095149e-01 
 2.691534803927e+02  7.809858470864e-03  1.399424121191e-01  1.000000000000e+00  0.000000000000e+00  2.081433982821e+00 -9.503996623680e-01  5.149156980915e-01  1.014927474316e+00  5.746327956440e-01  9.800436850637e-01  2.515145189129e+00  0.000000000000e+00 -2.663865981472e+00 -1.695857564718e-01 
 2.754228703338e+02  8.176729291336e-03  1.431811385555e-01  1.000000000000e+00  0.000000000000e+00  2.064646958839e+00 -9.646936799400e-01  5.340308721643e-01  1.028644340578e+00  5.958611406386e-01  9.916245123604e-01  2.515145189129e+00  0.000000000000e+00 -2.668674154072e+00 -1.701112905308e-01 
 2.818382931264e+02  8.560775164369e-03  1.464938129357e-01  1.000000000000e+00  0.000000000000e+00  2.047356578056e+00 -9.788972776150e-01  5.536592629505e-01  1.042176910327e+00  6.176495724358e-01  1.002904727706e+00  2.515145189129e+00  0.000000000000e+00 -2.673556231431e+00 -1.705005810241e-01 
 2.884031503127e+02  8.962794479885e-03  1.498820518318e-01  1.000000000000e+00  0.000000000000e+00  2.029559018556e+00 -9.929910118226e-01  5.738001688151e-01  1.055503186304e+00  6.399962194264e-01  1.013857363840e+00  2.515145189129e+00  0.000000000000e+00 -2.678507318433e+00 -1.707477208580e-01 
 2.951209226666e+02  9.383622204041e-03  1.533475020551e-01  1.000000000000e+00  0.000000000000e+00  2.011251339223e+00 -1.006954805343e+00  5.944517370081e-01  1.068600756349e+00  6.628978522494e-01  1.024454947328e+00  2.515145189129e+00  0.000000000000e+00 -2.683522079588e+00 -1.708469606521e-01 
 3.019951720402e+02  9.824131493588e-03  1.568918407720e-01  1.000000000000e+00  0.000000000000e+00  1.992431538412e+00 -1.020767983864e+00  6.156109088333e-01  1.081446860218e+00  6.863498210441e-01  1.034669573768e+00  2.515145189129e+00  0.000000000000e+00 -2.688594736571e+00 -1.707927475050e-01 
 3.090295432514e+02  1.028523539026e-02  1.605167756206e-01  1.000000000000e+00  0.000000000000e+00  1.973098617280e+00 -1.034409319749e+00  6.372733721510e-01  1.094018457690e+00  7.103459968930e-01  1.044472986367e+00  2.515145189129e+00  0.000000000000e+00 -2.693719074687e+00 -1.705797599191e-01 
 3.162277660168e+02  1.076788857790e-02  1.642240449146e-01  1.000000000000e+00  0.000000000000e+00  1.953252640320e+00 -1.047857081168e+00  6.594335146947e-01  1.106292307843e+00  7.348787188530e-01  1.053836664651e+00  2.515145189129e+00  0.000000000000e+00 -2.698888452197e+00 -1.702029475851e-01 
 3.235936569296e+02  1.127308921241e-02  1.680154175847e-01  1.000000000000e+00  0.000000000000e+00  1.932894790312e+00 -1.061089087045e+00  6.820843846072e-01  1.118245048914e+00  7.599387443624e-01  1.062731916551e+00  2.515145189129e+00  0.000000000000e+00 -2.704095807504e+00 -1.696575684601e-01 
 3.311311214826e+02  1.180188082617e-02  1.718926934118e-01  1.000000000000e+00  0.000000000000e+00  1.912027425831e+00 -1.074082770152e+00  7.052176553989e-01  1.129853287246e+00  7.855152090779e-01  1.071129978867e+00  2.515145189129e+00  0.000000000000e+00 -2.709333678400e+00 -1.689392263701e-01 
 3.388441561392e+02  1.235535431078e-02  1.758577028522e-01  1.000000000000e+00  0.000000000000e+00  1.890654131072e+00 -1.086815241724e+00  7.288235988235e-01  1.141093688784e+00  8.115955919493e-01  1.079002121929e+00  2.515145189129e+00  0.000000000000e+00 -2.714594218955e+00 -1.680439108814e-01 
 3.467368504525e+02  1.293464997070e-02  1.799123069213e-01  1.000000000000e+00  0.000000000000e+00  1.868779764511e+00 -1.099263367010e+00  7.528910628753e-01  1.151943076402e+00  8.381656879792e-01  1.086319760419e+00  2.515145189129e+00  0.000000000000e+00 -2.719869222984e+00 -1.669680324583e-01 
 3.548133892336e+02  1.354095966963e-02  1.840583974263e-01  1.000000000000e+00  0.000000000000e+00  1.846410502447e+00 -1.111403843388e+00  7.774074577028e-01  1.162378529552e+00  8.652095897123e-01  1.093054566998e+00  2.515145189129e+00  0.000000000000e+00 -2.725150151228e+00 -1.657084582025e-01 
 3.630780547701e+02  1.417552904968e-02  1.882978963258e-01  1.000000000000e+00  0.000000000000e+00  1.823553875787e+00 -1.123213284649e+00  8.023587507196e-01  1.172377487412e+00  8.927096780390e-01  1.099178590812e+00  2.515145189129e+00  0.000000000000e+00 -2.730428161163e+00 -1.642625454385e-01 
 3.715352290972e+02  1.483965983607e-02  1.926327557885e-01  1.000000000000e+00  0.000000000000e+00  1.800218802877e+00 -1.134668310871e+00  8.277294695145e-01  1.181917857612e+00  9.206466237083e-01  1.104664379731e+00  2.515145189129e+00  0.000000000000e+00 -2.735694143645e+00 -1.626281741353e-01 
 3.801893963206e+02  1.553471223815e-02  1.970649578143e-01  1.000000000000e+00  0.000000000000e+00  1.776415613713e+00 -1.145745642483e+00  8.535027133767e-01  1.190978120547e+00  9.489993954776e-01  1.109485101420e+00  2.515145189129e+00  0.000000000000e+00 -2.740938757673e+00 -1.608037735364e-01 
 3.890451449943e+02  1.626210743416e-02  2.015965138562e-01  1.000000000000e+00  0.000000000000e+00  1.752156069269e+00 -1.156422198750e+00  8.796601750655e-01  1.199537439505e+00  9.777452837443e-01  1.113614668371e+00  2.515145189129e+00  0.000000000000e+00 -2.746152475838e+00 -1.587883483239e-01 
 3.981071705535e+02  1.702333015055e-02  2.062294642965e-01  1.000000000000e+00  0.000000000000e+00  1.727453371044e+00 -1.166675199522e+00  9.061821709620e-01  1.207575769629e+00  1.006859929883e+00  1.117027864326e+00  2.515145189129e+00  0.000000000000e+00 -2.751325625775e+00 -1.565815027746e-01 
 4.073802778041e+02  1.781993131590e-02  2.109658780682e-01  1.000000000000e+00  0.000000000000e+00  1.702322163386e+00 -1.176482268609e+00  9.330476823961e-01  1.215073964559e+00  1.036317370133e+00  1.119700463023e+00  2.515145189129e+00  0.000000000000e+00 -2.756448439042e+00 -1.541834557483e-01 
 4.168693834703e+02  1.865353085668e-02  2.158078517823e-01  1.000000000000e+00  0.000000000000e+00  1.676778526744e+00 -1.185821543448e+00  9.602344054729e-01  1.222013882361e+00  1.066090089502e+00  1.121609353693e+00  2.515145189129e+00  0.000000000000e+00 -2.761511101058e+00 -1.515950556476e-01 
 4.265795188016e+02  1.952582053855e-02  2.207575091161e-01  1.000000000000e+00  0.000000000000e+00  1.650839961600e+00 -1.194671781734e+00  9.877188110258e-01  1.228378486820e+00  1.096149084624e+00  1.122732655844e+00  2.515145189129e+00  0.000000000000e+00 -2.766503800747e+00 -1.488177879550e-01 
 4.365158322402e+02  2.043856693126e-02  2.258169999113e-01  1.000000000000e+00  0.000000000000e+00  1.624525363557e+00 -1.203012469225e+00  1.015476214699e+00  1.234151945915e+00  1.126463941066e+00  1.123049831251e+00  2.515145189129e+00  0.000000000000e+00 -2.771416785887e+00 -1.458537785223e-01 
 4.466835921510e+02  2.139361448644e-02  2.309884992719e-01  1.000000000000e+00  0.000000000000e+00  1.597854987718e+00 -1.210823929403e+00  1.043480855064e+00  1.239319725893e+00  1.157002918189e+00  1.122541795950e+00  2.515145189129e+00  0.000000000000e+00 -2.776240415432e+00 -1.427057949961e-01 
 4.570881896149e+02  2.239288868805e-02  2.362742063997e-01  1.000000000000e+00  0.000000000000e+00  1.570850405842e+00 -1.218087428715e+00  1.071705982089e+00  1.243868677178e+00  1.187733043218e+00  1.121191016631e+00  2.515145189129e+00  0.000000000000e+00 -2.780965213887e+00 -1.393772368069e-01 
 4.677351412872e+02  2.343839934110e-02  2.416763433430e-01  1.000000000000e+00  0.000000000000e+00  1.543534448138e+00 -1.224785282044e+00  1.100123950746e+00  1.247787115164e+00  1.218620217638e+00  1.118981606094e+00  2.515145189129e+00  0.000000000000e+00 -2.785581922789e+00 -1.358721239049e-01 
 4.786300923226e+02  2.453224390774e-02  2.471971536288e-01  1.000000000000e+00  0.000000000000e+00  1.515931144124e+00 -1.230900952825e+00  1.128706327872e+00  1.251064891461e+00  1.249629330123e+00  1.115899406374e+00  2.515145189129e+00  0.000000000000e+00 -2.790081557828e+00 -1.321950783967e-01 
 4.897788193684e+02  2.567661101421e-02  2.528389008075e-01  1.000000000000e+00  0.000000000000e+00  1.488065643935e+00 -1.236419148976e+00  1.157423997764e+00  1.253693457926e+00  1.280724375509e+00  1.111932063708e+00  2.515145189129e+00  0.000000000000e+00 -2.794455452636e+00 -1.283513021344e-01 
 5.011872336273e+02  2.687378401606e-02  2.586038667068e-01  1.000000000000e+00  0.000000000000e+00  1.459964141017e+00 -1.241325912997e+00  1.186247282661e+00  1.255665920675e+00  1.311868584482e+00  1.107069093036e+00  2.515145189129e+00  0.000000000000e+00 -2.798695314734e+00 -1.243465493590e-01 
 5.128613839914e+02  2.812614469076e-02  2.644943494233e-01  1.000000000000e+00  0.000000000000e+00  1.431653776206e+00 -1.245608707890e+00  1.215146060335e+00  1.256977083860e+00  1.343024555128e+00  1.101301930146e+00  2.515145189129e+00  0.000000000000e+00 -2.802793264852e+00 -1.201870909313e-01 
 5.248074602498e+02  2.943617698111e-02  2.705126614310e-01  1.000000000000e+00  0.000000000000e+00  1.403162542498e+00 -1.249256492360e+00  1.244089890737e+00  1.257623482496e+00  1.374154390302e+00  1.094623973127e+00  2.515145189129e+00  0.000000000000e+00 -2.806741882813e+00 -1.158796786802e-01 
 5.370317963702e+02  3.080647095339e-02  2.766611272236e-01  1.000000000000e+00  0.000000000000e+00  1.374519176083e+00 -1.252259789966e+00  1.273048143368e+00  1.257603405742e+00  1.405219838489e+00  1.087030612165e+00  2.515145189129e+00  0.000000000000e+00 -2.810534243388e+00 -1.114315036967e-01 
 5.495408738576e+02  3.223972670094e-02  2.829420809867e-01  1.000000000000e+00  0.000000000000e+00  1.345753045520e+00 -1.254610748263e+00  1.301990125794e+00  1.256916905753e+00  1.436182434438e+00  1.078519243281e+00  2.515145189129e+00  0.000000000000e+00 -2.814163950003e+00 -1.068501486044e-01 
 5.623413251903e+02  3.373875848047e-02  2.893578635412e-01  1.000000000000e+00  0.000000000000e+00  1.316894032527e+00 -1.256303188857e+00  1.330885216128e+00  1.255565800471e+00  1.467003644444e+00  1.069089275319e+00  2.515145189129e+00  0.000000000000e+00 -2.817625164951e+00 -1.021435414295e-01 
 5.754399373372e+02  3.530649884488e-02  2.959108195500e-01  1.000000000000e+00  0.000000000000e+00  1.287972409744e+00 -1.257332647219e+00  1.359702988761e+00  1.253553659655e+00  1.497645005817e+00  1.058742119698e+00  2.515145189129e+00  0.000000000000e+00 -2.820912630755e+00 -9.731990274899e-02 
 5.888436553556e+02  3.694600293238e-02  3.026032946655e-01  1.000000000000e+00  0.000000000000e+00  1.259018712910e+00 -1.257696399698e+00  1.388413345674e+00  1.250885782996e+00  1.528068268904e+00  1.047481169808e+00  2.515145189129e+00  0.000000000000e+00 -2.824021688660e+00 -9.238769522437e-02 
 6.025595860744e+02  3.866045278846e-02  3.094376312220e-01  1.000000000000e+00  0.000000000000e+00  1.230063615600e+00 -1.257393483073e+00  1.416986638913e+00  1.247569164960e+00  1.558235531906e+00  1.035311766434e+00  2.515145189129e+00  0.000000000000e+00 -2.826948292501e+00 -8.735556516163e-02 
 6.165950018615e+02  4.045316178235e-02  3.164161654422e-01  1.000000000000e+00  0.000000000000e+00  1.201137796044e+00 -1.256424699910e+00  1.445393791422e+00  1.243612451479e+00  1.588109373813e+00  1.022241154918e+00  2.515145189129e+00  0.000000000000e+00 -2.829689012884e+00 -8.223229152150e-02 
 6.309573444802e+02  4.232757912541e-02  3.235412223730e-01  1.000000000000e+00  0.000000000000e+00  1.172271807911e+00 -1.254792612512e+00  1.473606413463e+00  1.239025886171e+00  1.617652979679e+00  1.008278427995e+00  2.515145189129e+00  0.000000000000e+00 -2.832241037752e+00 -7.702672974925e-02 
 6.456542290347e+02  4.428729435313e-02  3.308151121018e-01  1.000000000000e+00  0.000000000000e+00  1.143495953642e+00 -1.252501528943e+00  1.501596911578e+00  1.233821243048e+00  1.646830260521e+00  9.934344602516e-01  2.515145189129e+00  0.000000000000e+00 -2.834602170107e+00 -7.174775641945e-02 
 6.606934480076e+02  4.633604202536e-02  3.382401247509e-01  1.000000000000e+00  0.000000000000e+00  1.114840155700e+00 -1.249557472067e+00  1.529338592663e+00  1.228011757601e+00  1.675605965778e+00  9.777218319941e-01  2.515145189129e+00  0.000000000000e+00 -2.836770816421e+00 -6.640421906118e-02 
 6.760829753920e+02  4.847770627384e-02  3.458185255877e-01  1.000000000000e+00  0.000000000000e+00  1.086333833868e+00 -1.245968143223e+00  1.556805757573e+00  1.221612044610e+00  1.703945784131e+00  9.611547470558e-01  2.515145189129e+00  0.000000000000e+00 -2.838745969289e+00 -6.100488540112e-02 
 6.918309709189e+02  5.071632553881e-02  3.535525488551e-01  1.000000000000e+00  0.000000000000e+00  1.058005787665e+00 -1.241742872866e+00  1.583973789820e+00  1.214638011064e+00  1.731816438958e+00  9.437489396660e-01  2.515145189129e+00  0.000000000000e+00 -2.840527190053e+00 -5.555839342160e-02 
 7.079457843841e+02  5.305609716743e-02  3.614443927072e-01  1.000000000000e+00  0.000000000000e+00  1.029884082032e+00 -1.236892562825e+00  1.610819231719e+00  1.207106762566e+00  1.759185771691e+00  9.255215789890e-01  2.515145189129e+00  0.000000000000e+00 -2.842114582432e+00 -5.007320857812e-02 
 7.244359600750e+02  5.550138219405e-02  3.694962121081e-01  1.000000000000e+00  0.000000000000e+00  1.001995939994e+00 -1.231429616455e+00  1.637319855392e+00  1.199036504375e+00  1.786022813292e+00  9.064911636524e-01  2.515145189129e+00  0.000000000000e+00 -2.843508761445e+00 -4.455758107514e-02 
 7.413102413009e+02  5.805670994596e-02  3.777101126034e-01  1.000000000000e+00  0.000000000000e+00  9.743676447542e-01 -1.225367864594e+00  1.663454721216e+00  1.190446440829e+00  1.812297850382e+00  8.866774189519e-01  2.515145189129e+00  0.000000000000e+00 -2.844710826238e+00 -3.901951088335e-02 
 7.585775750292e+02  6.072678262717e-02  3.860881427536e-01  1.000000000000e+00  0.000000000000e+00  9.470244463300e-01 -1.218722481281e+00  1.689204227412e+00  1.181356667075e+00  1.837982473429e+00  8.661011834629e-01  2.515145189129e+00  0.000000000000e+00 -2.845722319497e+00 -3.346671106906e-02 
 7.762471166287e+02  6.351647993870e-02  3.946322861593e-01  1.000000000000e+00  0.000000000000e+00  9.199904784327e-01 -1.211509893648e+00  1.714550150558e+00  1.171788063366e+00  1.863049619831e+00  8.447843010072e-01  2.515145189129e+00  0.000000000000e+00 -2.846545192022e+00 -2.790658189183e-02 
 7.943282347243e+02  6.643086350232e-02  4.033444537199e-01  1.000000000000e+00  0.000000000000e+00  8.932886845432e-01 -1.203747685999e+00  1.739475675393e+00  1.161762186792e+00  1.887473602314e+00  8.227495079627e-01  2.515145189129e+00  0.000000000000e+00 -2.847181761632e+00 -2.234618629921e-02 
 8.128305161641e+02  6.947518122615e-02  4.122264744947e-01  1.000000000000e+00  0.000000000000e+00  8.669407531852e-01 -1.195454500383e+00  1.763965416234e+00  1.151301162317e+00  1.911230130121e+00  8.000203231350e-01  2.515145189129e+00  0.000000000000e+00 -2.847634673994e+00 -1.679223007795e-02 
 8.317637711027e+02  7.265487150289e-02  4.212800863897e-01  1.000000000000e+00  0.000000000000e+00  8.409670618130e-01 -1.186649931828e+00  1.788005426992e+00  1.140427574283e+00  1.934296316002e+00  7.766209373949e-01  2.515145189129e+00  0.000000000000e+00 -2.847906857690e+00 -1.125104695290e-02 
 8.511380382024e+02  7.597556721885e-02  4.305069260881e-01  1.000000000000e+00  0.000000000000e+00  8.153866315261e-01 -1.177354421932e+00  1.811583205126e+00  1.129164361861e+00  1.956650678068e+00  7.525761085562e-01  2.515145189129e+00  0.000000000000e+00 -2.848001484807e+00 -5.728589797760e-03 
 8.709635899561e+02  7.944309957384e-02  4.399085187470e-01  1.000000000000e+00  0.000000000000e+00  7.902170914458e-01 -1.167589151766e+00  1.834687684895e+00  1.117534714518e+00  1.978273127228e+00  7.279110577656e-01  2.515145189129e+00  0.000000000000e+00 -2.847921926560e+00 -2.304238247100e-04 
 8.912509381337e+02  8.306350164639e-02  4.494862667634e-01  1.000000000000e+00  0.000000000000e+00  7.654746527551e-01 -1.157375932205e+00  1.857309222687e+00  1.105561972829e+00  1.999144951580e+00  7.026513721794e-01  2.515145189129e+00  0.000000000000e+00 -2.847671715295e+00  5.238272309575e-03 
 9.120108393559e+02  8.684301168250e-02  4.592414377257e-01  1.000000000000e+00  0.000000000000e+00  7.411740908865e-01 -1.146737096133e+00  1.879439575830e+00  1.093269530684e+00  2.019248786382e+00  6.768229100853e-01  2.515145189129e+00  0.000000000000e+00 -2.847254499933e+00  1.067270563084e-02 
 9.332543007970e+02  9.078807590413e-02  4.691751525388e-01  1.000000000000e+00  0.000000000000e+00  7.173287391197e-01 -1.135695391102e+00  1.901071874192e+00  1.080680745188e+00  2.038568582851e+00  6.504517153371e-01  2.515145189129e+00  0.000000000000e+00 -2.846674011179e+00  1.606845895200e-02 
 9.549925860214e+02  9.490535117220e-02  4.792883715127e-01  1.000000000000e+00  0.000000000000e+00  6.939504896291e-01 -1.124273875030e+00  1.922200585250e+00  1.067818847252e+00  2.057089568581e+00  6.235639340011e-01  2.515145189129e+00  0.000000000000e+00 -2.845934025647e+00  2.142148383002e-02 
 9.772372209558e+02  9.920170692203e-02  4.895818812074e-01  1.000000000000e+00  0.000000000000e+00  6.710498025641e-01 -1.112495813984e+00  1.942821473116e+00  1.054706862429e+00  2.074798197718e+00  5.961857434595e-01  2.515145189129e+00  0.000000000000e+00 -2.845038327051e+00  2.672808240518e-02 
 1.000000000000e+03  1.036842268804e-01  5.000562795904e-01  1.000000000000e+00  0.000000000000e+00  6.486357240938e-01 -1.100384581834e+00  1.962931553368e+00  1.041367532336e+00  2.091682104860e+00  5.683432818623e-01  2.515145189129e+00  0.000000000000e+00 -2.843990679871e+00  3.198489244183e-02 
 1.023292992281e+03  1.083602098515e-01  5.107119608438e-01  1.000000000000e+00  0.000000000000e+00  6.267159105046e-01 -1.087963568745e+00  1.982529044617e+00  1.027823245386e+00  2.107730049640e+00  5.400625902694e-01  2.515145189129e+00  0.000000000000e+00 -2.842794798817e+00  3.718886887657e-02 
 1.047128548051e+03  1.132371703279e-01  5.215490996488e-01  1.000000000000e+00  0.000000000000e+00  6.052966600982e-01 -1.075256087817e+00  2.001613312401e+00  1.014095972059e+00  2.122931856196e+00  5.113695601467e-01  2.515145189129e+00  0.000000000000e+00 -2.841454320805e+00  4.233725867268e-02 
 1.071519305238e+03  1.183228379959e-01  5.325676342472e-01  1.000000000000e+00  0.000000000000e+00  5.843829497462e-01 -1.062285292894e+00  2.020184815163e+00  1.000207206467e+00  2.137278357521e+00  4.822898891871e-01  2.515145189129e+00  0.000000000000e+00 -2.839972785372e+00  4.742757974900e-02 
 1.096478196143e+03  1.236251566297e-01  5.437672490953e-01  1.000000000000e+00  0.000000000000e+00  5.639784787782e-01 -1.049074098002e+00  2.038245044183e+00  9.861779138446e-01  2.150761329103e+00  4.528490438242e-01  2.515145189129e+00  0.000000000000e+00 -2.838353611097e+00  5.245759525229e-02 
 1.122018454302e+03  1.291522821703e-01  5.551473569358e-01  1.000000000000e+00  0.000000000000e+00  5.440857149661e-01 -1.035645103315e+00  2.055796464672e+00  9.720284845680e-01  2.163373433519e+00  4.230722304201e-01  2.515145189129e+00  0.000000000000e+00 -2.836600084255e+00  5.742528625789e-02 
 1.148153621497e+03  1.349125798151e-01  5.667070804629e-01  1.000000000000e+00  0.000000000000e+00  5.247059465619e-01 -1.022020527278e+00  2.072842452209e+00  9.577786931768e-01  2.175108153373e+00  3.929843731457e-01  2.515145189129e+00  0.000000000000e+00 -2.834715340889e+00  6.232882435409e-02 
 1.174897554940e+03  1.409146198712e-01  5.784452314256e-01  1.000000000000e+00  0.000000000000e+00  5.058393371874e-01 -1.008222145028e+00  2.089387232205e+00  9.434476639144e-01  2.185959733091e+00  3.626100990223e-01  2.515145189129e+00  0.000000000000e+00 -2.832702359340e+00  6.716654591438e-02 
 1.202264434617e+03  1.471671730105e-01  5.903602924664e-01  1.000000000000e+00  0.000000000000e+00  4.874849827611e-01 -9.942712326301e-01  2.105435815640e+00  9.290538413916e-01  2.195923117921e+00  3.319737302954e-01  2.515145189129e+00  0.000000000000e+00 -2.830563951437e+00  7.193692212065e-02 
 1.230268770812e+03  1.536792037077e-01  6.024503947701e-01  1.000000000000e+00  0.000000000000e+00  4.696409713943e-01 -9.801885166671e-01  2.120993938297e+00  9.146149675362e-01  2.204993897118e+00  3.010992835043e-01  2.515145189129e+00  0.000000000000e+00 -2.828302759009e+00  7.663853183856e-02 
 1.258925411794e+03  1.604598627891e-01  6.147132979240e-01  1.000000000000e+00  0.000000000000e+00  4.523044442176e-01 -9.659941304708e-01  2.136067999527e+00  9.001480619190e-01  2.213168251328e+00  2.700104732066e-01  2.515145189129e+00  0.000000000000e+00 -2.825921254650e+00  8.127003425999e-02 
 1.288249551693e+03  1.675184782653e-01  6.271463673329e-01  1.000000000000e+00  0.000000000000e+00  4.354716574890e-01 -9.517075768672e-01  2.150664998684e+00  8.856694084825e-01  2.220442897175e+00  2.387307239114e-01  2.515145189129e+00  0.000000000000e+00 -2.823421739242e+00  8.583014230230e-02 
 1.318256738556e+03  1.748645450571e-01  6.397465523332e-01  1.000000000000e+00  0.000000000000e+00  4.191380449338e-01 -9.373476951150e-01  2.164792482276e+00  8.711945461109e-01  2.226815045346e+00  2.072831843689e-01  2.515145189129e+00  0.000000000000e+00 -2.820806352111e+00  9.031759714254e-02 
 1.348962882592e+03  1.825077125104e-01  6.525103632594e-01  1.000000000000e+00  0.000000000000e+00  4.032982802601e-01 -9.229326341301e-01  2.178458478767e+00  8.567382635083e-01  2.232282350771e+00  1.756907502422e-01  2.515145189129e+00  0.000000000000e+00 -2.818077071233e+00  9.473114170399e-02 
 1.380384264603e+03  1.904577707464e-01  6.654338487424e-01  1.000000000000e+00  0.000000000000e+00  3.879463390331e-01 -9.084798316471e-01  2.191671450622e+00  8.423145978013e-01  2.236842880491e+00  1.439760869544e-01  2.515145189129e+00  0.000000000000e+00 -2.815235729328e+00  9.906949967238e-02 
 1.412537544623e+03  1.987246347708e-01  6.785125723109e-01  1.000000000000e+00  0.000000000000e+00  3.730755596771e-01 -8.940059961751e-01  2.204440234695e+00  8.279368371004e-01  2.240495074075e+00  1.121616602468e-01  2.515145189129e+00  0.000000000000e+00 -2.812284019386e+00  1.033313502921e-01 
 1.445439770746e+03  2.073183269531e-01  6.917415889911e-01  1.000000000000e+00  0.000000000000e+00  3.586787036038e-01 -8.795270967530e-01  2.216773995198e+00  8.136175259715e-01  2.243237717543e+00  8.026976701512e-02  2.515145189129e+00  0.000000000000e+00 -2.809223511206e+00  1.075153106855e-01 
 1.479108388168e+03  2.162489571783e-01  7.051154221408e-01  1.000000000000e+00  0.000000000000e+00  3.447480133618e-01 -8.650583544513e-01  2.228682173416e+00  7.993684738176e-01  2.245069922414e+00  4.832257011003e-02  2.515145189129e+00  0.000000000000e+00 -2.806055668731e+00  1.116199157208e-01 
 1.513561248436e+03  2.255267010769e-01  7.186280402821e-01  1.000000000000e+00  0.000000000000e+00  3.312752692727e-01 -8.506142385304e-01  2.240174440667e+00  7.852007662877e-01  2.245991102885e+00  1.634213545003e-02  2.515145189129e+00  0.000000000000e+00 -2.802781862108e+00  1.156436002239e-01 
 1.548816618912e+03  2.351617758395e-01  7.322728339350e-01  1.000000000000e+00  0.000000000000e+00  3.182518442045e-01 -8.362084685359e-01  2.251260657795e+00  7.711247790139e-01  2.246000968851e+00 -1.564953052184e-02  2.515145189129e+00  0.000000000000e+00 -2.799403391282e+00  1.195846867840e-01 
 1.584893192461e+03  2.451644138491e-01  7.460425939644e-01  1.000000000000e+00  0.000000000000e+00  3.056687557255e-01 -8.218540158123e-01  2.261950830463e+00  7.571501922794e-01  2.245099517051e+00 -4.763044151332e-02  2.515145189129e+00  0.000000000000e+00 -2.795921502940e+00  1.234413695957e-01 
 1.621810097359e+03  2.555448338971e-01  7.599294887623e-01  1.000000000000e+00  0.000000000000e+00  2.935167165124e-01 -8.075631120009e-01  2.272255070973e+00  7.432860092958e-01  2.243287031073e+00 -7.957859121962e-02  2.515145189129e+00  0.000000000000e+00 -2.792337412133e+00  1.272117056114e-01 
 1.659586907438e+03  2.663132097805e-01  7.739250443410e-01  1.000000000000e+00  0.000000000000e+00  2.817861819058e-01 -7.933472580044e-01  2.282183566131e+00  7.295405740151e-01  2.240564091131e+00 -1.114719163161e-01  2.515145189129e+00  0.000000000000e+00 -2.788652328208e+00  1.308936064050e-01 
 1.698243652462e+03  2.774796363665e-01  7.880201240769e-01  1.000000000000e+00  0.000000000000e+00  2.704673950211e-01 -7.792172366753e-01  2.291746539064e+00  7.159215924330e-01  2.236931578722e+00 -1.432882557274e-01  2.515145189129e+00  0.000000000000e+00 -2.784867470640e+00  1.344848303865e-01 
 1.737800828749e+03  2.890540935914e-01  8.022049100837e-01  1.000000000000e+00  0.000000000000e+00  2.595504294150e-01 -7.651831259718e-01  2.300954220816e+00  7.024361519143e-01  2.232390699908e+00 -1.750053160940e-01  2.515145189129e+00  0.000000000000e+00 -2.780984098978e+00  1.379829800503e-01 
 1.778279410039e+03  3.010464067338e-01  8.164688865654e-01  1.000000000000e+00  0.000000000000e+00  2.490252290736e-01 -7.512543172343e-01  2.309816823341e+00  6.890907451743e-01  2.226943007205e+00 -2.066006358946e-01  2.515145189129e+00  0.000000000000e+00 -2.777003534998e+00  1.413855010214e-01 
 1.819700858610e+03  3.134662056109e-01  8.308008243330e-01  1.000000000000e+00  0.000000000000e+00  2.388816456951e-01 -7.374395313673e-01  2.318344511092e+00  6.758912908845e-01  2.220590427052e+00 -2.380515541590e-01  2.515145189129e+00  0.000000000000e+00 -2.772927186649e+00  1.446896824346e-01 
 1.862087136663e+03  3.263228799915e-01  8.451887681149e-01  1.000000000000e+00  0.000000000000e+00  2.291094737302e-01 -7.237468394451e-01  2.326547377277e+00  6.628431580029e-01  2.213335292414e+00 -2.693351805210e-01  2.515145189129e+00  0.000000000000e+00 -2.768756571109e+00  1.478926602806e-01 
 1.905460717963e+03  3.396255325060e-01  8.596200256143e-01  1.000000000000e+00  0.000000000000e+00  2.196984823095e-01 -7.101836822694e-01  2.334435425233e+00  6.499511881266e-01  2.205180385616e+00 -3.004283718183e-01  2.515145189129e+00  0.000000000000e+00 -2.764493342458e+00  1.509914245077e-01 
 1.949844599758e+03  3.533829302178e-01  8.740811594762e-01  1.000000000000e+00  0.000000000000e+00  2.106384453655e-01 -6.967568921391e-01  2.342018546071e+00  6.372197187738e-01  2.196128976066e+00 -3.313077102066e-01  2.515145189129e+00  0.000000000000e+00 -2.760139311092e+00  1.539828269382e-01 
 1.995262314969e+03  3.676034522359e-01  8.885579829803e-01  1.000000000000e+00  0.000000000000e+00  2.019191686122e-01 -6.834727153182e-01  2.349306501914e+00  6.246526081813e-01  2.186184871942e+00 -3.619494861923e-01  2.515145189129e+00  0.000000000000e+00 -2.755696470004e+00  1.568635910759e-01 
 2.041737944670e+03  3.822950365138e-01  9.030355573632e-01  1.000000000000e+00  0.000000000000e+00  1.935305147781e-01 -6.703368347371e-01  2.356308914255e+00  6.122532556765e-01  2.175352471881e+00 -3.923296915018e-01  2.515145189129e+00  0.000000000000e+00 -2.751167018504e+00  1.596303303544e-01 
 2.089296130854e+03  3.974651237368e-01  9.174981948454e-01  1.000000000000e+00  0.000000000000e+00  1.854624261323e-01 -6.573543924605e-01  2.363035244402e+00  6.000246276380e-01  2.163636814337e+00 -4.224240097101e-01  2.515145189129e+00  0.000000000000e+00 -2.746553377993e+00  1.622795582070e-01 
 2.137962089502e+03  4.131205994054e-01  9.319294636371e-01  1.000000000000e+00  0.000000000000e+00  1.777049451193e-01 -6.445300136693e-01  2.369494786020e+00  5.879692781018e-01  2.151043639053e+00 -4.522078202572e-01  2.515145189129e+00  0.000000000000e+00 -2.741858216145e+00  1.648077110585e-01 
 2.187761623950e+03  4.292677347548e-01  9.463121985318e-01  1.000000000000e+00  0.000000000000e+00  1.702482326364e-01 -6.318678297102e-01  2.375696653966e+00  5.760893716943e-01  2.137579447590e+00 -4.816562056658e-01  2.515145189129e+00  0.000000000000e+00 -2.737084466643e+00  1.672111679995e-01 
 2.238721138568e+03  4.459121262189e-01  9.606285162736e-01  1.000000000000e+00  0.000000000000e+00  1.630825846223e-01 -6.193715009140e-01  2.381649774499e+00  5.643867054023e-01  2.123251559213e+00 -5.107439652202e-01  2.515145189129e+00  0.000000000000e+00 -2.732235341113e+00  1.694862719155e-01 
 2.290867652768e+03  4.630586330895e-01  9.748598344158e-01  1.000000000000e+00  0.000000000000e+00  1.561984466389e-01 -6.070442405762e-01  2.387362877373e+00  5.528627292952e-01  2.108068177011e+00 -5.394456376089e-01  2.515145189129e+00  0.000000000000e+00 -2.727314347482e+00  1.716293572518e-01 
 2.344228815320e+03  4.807113160496e-01  9.889868964674e-01  1.000000000000e+00  0.000000000000e+00  1.495864264725e-01 -5.948888373096e-01  2.392844494432e+00  5.415185679449e-01  2.092038447969e+00 -5.677355305525e-01  2.515145189129e+00  0.000000000000e+00 -2.722325301190e+00  1.736367768475e-01 
 2.398832919019e+03  4.988733741920e-01  1.002989801811e+00  1.000000000000e+00  0.000000000000e+00  1.432373054849e-01 -5.829076771624e-01  2.398102947976e+00  5.303550395183e-01  2.075172524201e+00 -5.955877553206e-01  2.515145189129e+00  0.000000000000e+00 -2.717272334788e+00  1.755049286523e-01 
 2.454708915685e+03  5.175470829709e-01  1.016848042491e+00  1.000000000000e+00  0.000000000000e+00  1.371420481591e-01 -5.711027662037e-01  2.403146353085e+00  5.193726753350e-01  2.057481624186e+00 -6.229762746952e-01  2.515145189129e+00  0.000000000000e+00 -2.712159906676e+00  1.772302894869e-01 
 2.511886431510e+03  5.367337326752e-01  1.030540543492e+00  1.000000000000e+00  0.000000000000e+00  1.312918100739e-01 -5.594757515937e-01  2.407982609700e+00  5.085717389593e-01  2.038978088181e+00 -6.498749506427e-01  2.515145189129e+00  0.000000000000e+00 -2.706992802959e+00  1.788094435067e-01 
 2.570395782769e+03  5.564335682429e-01  1.044045711751e+00  1.000000000000e+00  0.000000000000e+00  1.256779449031e-01 -5.480279430049e-01  2.412619404960e+00  4.979522435460e-01  2.019675434567e+00 -6.762576072942e-01  2.515145189129e+00  0.000000000000e+00 -2.701776140609e+00  1.802391175915e-01 
 2.630267991895e+03  5.766457315767e-01  1.057341487845e+00  1.000000000000e+00  0.000000000000e+00  1.202920097276e-01 -5.367603325285e-01  2.417064209934e+00  4.875139694195e-01  1.999588408973e+00 -7.020980959060e-01  2.515145189129e+00  0.000000000000e+00 -2.696515364216e+00  1.815162145242e-01 
 2.691534803927e+03  5.973682041513e-01  1.070405408042e+00  1.000000000000e+00  0.000000000000e+00  1.151257694728e-01 -5.256736142328e-01  2.421324281953e+00  4.772564804880e-01  1.978733033640e+00 -7.273703711107e-01  2.515145189129e+00  0.000000000000e+00 -2.691216242399e+00  1.826378467506e-01 
 2.754228703338e+03  6.185977563728e-01  1.083214667859e+00  1.000000000000e+00  0.000000000000e+00  1.101712002855e-01 -5.147682036622e-01  2.425406660419e+00  4.671791399596e-01  1.957126642577e+00 -7.520485679852e-01  2.515145189129e+00  0.000000000000e+00 -2.685884855696e+00  1.836013693834e-01 
 2.818382931264e+03  6.403298970545e-01  1.095746195409e+00  1.000000000000e+00  0.000000000000e+00  1.054204916873e-01 -5.040442559985e-01  2.429318172857e+00  4.572811254184e-01  1.934787919279e+00 -7.761070936685e-01  2.515145189129e+00  0.000000000000e+00 -2.680527585911e+00  1.844044166399e-01 
 2.884031503127e+03  6.625588301104e-01  1.107976726955e+00  1.000000000000e+00  0.000000000000e+00  1.008660482330e-01 -4.935016836971e-01  2.433065433986e+00  4.475614433759e-01  1.911736922106e+00 -7.995207179338e-01  2.515145189129e+00  0.000000000000e+00 -2.675151099845e+00  1.850449344963e-01 
 2.951209226666e+03  6.852774139261e-01  1.119882891187e+00  1.000000000000e+00  0.000000000000e+00  9.650048988988e-02 -4.831401730771e-01  2.436654848047e+00  4.380189428921e-01  1.887995103607e+00 -8.222646716749e-01  2.515145189129e+00  0.000000000000e+00 -2.669762328374e+00  1.855212114798e-01 
 3.019951720402e+03  7.084771285299e-01  1.131441297475e+00  1.000000000000e+00  0.000000000000e+00  9.231665210973e-02 -4.729592011427e-01  2.440092612524e+00  4.286523283226e-01  1.863585320069e+00 -8.443147504004e-01  2.515145189129e+00  0.000000000000e+00 -2.664368443234e+00  1.858319107401e-01 
 3.090295432514e+03  7.321480482351e-01  1.142628627596e+00  1.000000000000e+00  0.000000000000e+00  8.830758499971e-02 -4.629580505425e-01  2.443384719547e+00  4.194601718336e-01  1.838531831978e+00 -8.656474200543e-01  2.515145189129e+00  0.000000000000e+00 -2.658976829305e+00  1.859760990960e-01 
 3.162277660168e+03  7.562788216164e-01  1.153421733994e+00  1.000000000000e+00  0.000000000000e+00  8.446655192529e-02 -4.531358244712e-01  2.446536960080e+00  4.104409252759e-01  1.812860295642e+00 -8.862399258651e-01  2.515145189129e+00  0.000000000000e+00 -2.653595054804e+00  1.859532725292e-01 
 3.235936569296e+03  7.808566578897e-01  1.163797739660e+00  1.000000000000e+00  0.000000000000e+00  8.078702769126e-02 -4.434914611629e-01  2.449554928578e+00  4.015929308953e-01  1.786597745260e+00 -9.060704037547e-01  2.515145189129e+00  0.000000000000e+00 -2.648230837918e+00  1.857633822037e-01 
 3.311311214826e+03  8.058673237683e-01  1.173734143144e+00  1.000000000000e+00  0.000000000000e+00  7.726269612613e-02 -4.340237465221e-01  2.452444025315e+00  3.929144317517e-01  1.759772561025e+00 -9.251179917483e-01  2.515145189129e+00  0.000000000000e+00 -2.642892009351e+00  1.854068534995e-01 
 3.388441561392e+03  8.312951468397e-01  1.183208924951e+00  1.000000000000e+00  0.000000000000e+00  7.388744731725e-02 -4.247313276283e-01  2.455209460109e+00  3.844035817892e-01  1.732414430007e+00 -9.433629399864e-01  2.515145189129e+00  0.000000000000e+00 -2.637586473818e+00  1.848846031252e-01 
 3.467368504525e+03  8.571230291855e-01  1.192200653721e+00  1.000000000000e+00  0.000000000000e+00  7.065537448216e-02 -4.156127240858e-01  2.457856257912e+00  3.760584550910e-01  1.704554292373e+00 -9.607867212035e-01  2.515145189129e+00  0.000000000000e+00 -2.632322166752e+00  1.841980547764e-01 
 3.548133892336e+03  8.833324696170e-01  1.200688597746e+00  1.000000000000e+00  0.000000000000e+00  6.756077059254e-02 -4.066663398407e-01  2.460389262997e+00  3.678770540864e-01  1.676224283176e+00 -9.773721371312e-01  2.515145189129e+00  0.000000000000e+00 -2.627107014957e+00  1.833491458291e-01 
 3.630780547701e+03  9.099035961553e-01  1.208652829984e+00  1.000000000000e+00  0.000000000000e+00  6.459812448884e-02 -3.978904739488e-01  2.462813142687e+00  3.598573184572e-01  1.647457655519e+00 -9.931034210604e-01  2.515145189129e+00  0.000000000000e+00 -2.621948888368e+00  1.823403356636e-01 
 3.715352290972e+03  9.368152075913e-01  1.216074337950e+00  1.000000000000e+00  0.000000000000e+00  6.176211711136e-02 -3.892833304126e-01  2.465132392012e+00  3.519971323549e-01  1.618288698839e+00 -1.007966335281e+00  2.515145189129e+00  0.000000000000e+00 -2.616855556119e+00  1.811746030450e-01 
 3.801893963206e+03  9.640448257560e-01  1.222935127327e+00  1.000000000000e+00  0.000000000000e+00  5.904761725833e-02 -3.808430282515e-01  2.467351339757e+00  3.442943313858e-01  1.588752645068e+00 -1.021948263631e+00  2.515145189129e+00  0.000000000000e+00 -2.611834640744e+00  1.798554451338e-01 
 3.890451449943e+03  9.915687562898e-01  1.229218323948e+00  1.000000000000e+00  0.000000000000e+00  5.644967727858e-02 -3.725676101167e-01  2.469474149868e+00  3.367467100034e-01  1.558885565493e+00 -1.035038292641e+00  2.515145189129e+00  0.000000000000e+00 -2.606893571487e+00  1.783868652622e-01 
 3.981071705535e+03  1.019362159772e+00  1.234908271581e+00  1.000000000000e+00  0.000000000000e+00  5.396352872049e-02 -3.644550507888e-01  2.471504831221e+00  3.293520269799e-01  1.528724260861e+00 -1.047227291390e+00  2.515145189129e+00  0.000000000000e+00 -2.602039541195e+00  1.767733635047e-01 
 4.073802778041e+03  1.047399131581e+00  1.239990623901e+00  1.000000000000e+00  0.000000000000e+00  5.158457774087e-02 -3.565032656188e-01  2.473447236698e+00  3.221080119256e-01  1.498306140769e+00 -1.058507973794e+00  2.515145189129e+00  0.000000000000e+00 -2.597279460973e+00  1.750199154324e-01 
 4.168693834703e+03  1.075652791187e+00  1.244452430634e+00  1.000000000000e+00  0.000000000000e+00  4.930840055022e-02 -3.487101171631e-01  2.475305071566e+00  3.150123702944e-01  1.467669097008e+00 -1.068874956574e+00  2.515145189129e+00  0.000000000000e+00 -2.592619918266e+00  1.731319505758e-01 
 4.265795188016e+03  1.104095377959e+00  1.248282216955e+00  1.000000000000e+00  0.000000000000e+00  4.713073874154e-02 -3.410734228091e-01  2.477081897203e+00  3.080627886229e-01  1.436851374106e+00 -1.078324804548e+00  2.515145189129e+00  0.000000000000e+00 -2.588067138539e+00  1.711153259410e-01 
 4.365158322402e+03  1.132698356174e+00  1.251470054034e+00  1.000000000000e+00  0.000000000000e+00  4.504749463376e-02 -3.335909612360e-01  2.478781136218e+00  3.012569392449e-01  1.405891431496e+00 -1.086856062757e+00  2.515145189129e+00  0.000000000000e+00 -2.583626947795e+00  1.689762940536e-01 
 4.466835921510e+03  1.161432525376e+00  1.254007620737e+00  1.000000000000e+00  0.000000000000e+00  4.305472660053e-02 -3.262604781194e-01  2.480406073388e+00  2.945924844244e-01  1.374827801948e+00 -1.094469279284e+00  2.515145189129e+00  0.000000000000e+00 -2.579304736706e+00  1.667214697802e-01 
 4.570881896149e+03  1.190268137958e+00  1.255888257874e+00  1.000000000000e+00  0.000000000000e+00  4.114864433359e-02 -3.190796920680e-01  2.481959866825e+00  2.880670808372e-01  1.343698954675e+00 -1.101167013636e+00  2.515145189129e+00  0.000000000000e+00 -2.575105436545e+00  1.643577903986e-01 
 4.677351412872e+03  1.219175020466e+00  1.257107008249e+00  1.000000000000e+00  0.000000000000e+00  3.932560428802e-02 -3.120462999796e-01  2.483445546124e+00  2.816783828894e-01  1.312543147011e+00 -1.106953833019e+00  2.515145189129e+00  0.000000000000e+00 -2.571033487630e+00  1.618924771804e-01 
 4.786300923226e+03  1.248122697929e+00  1.257660650183e+00  1.000000000000e+00  0.000000000000e+00  3.758210498927e-02 -3.051579818130e-01  2.484866021201e+00  2.754240462673e-01  1.281398285180e+00 -1.111836296739e+00  2.515145189129e+00  0.000000000000e+00 -2.567092819727e+00  1.593329910375e-01 
 4.897788193684e+03  1.277080523781e+00  1.257547718007e+00  1.000000000000e+00  0.000000000000e+00  3.591478247836e-02 -2.984124050708e-01  2.486224081367e+00  2.693017313723e-01  1.250301783206e+00 -1.115822926164e+00  2.515145189129e+00  0.000000000000e+00 -2.563286836318e+00  1.566869864795e-01 
 5.011872336273e+03  1.306017808151e+00  1.256768510677e+00  1.000000000000e+00  0.000000000000e+00  3.432040582265e-02 -2.918072293396e-01  2.487522405107e+00  2.633091057069e-01  1.219290426001e+00 -1.118924165843e+00  2.515145189129e+00  0.000000000000e+00 -2.559618401501e+00  1.539622686567e-01 
 5.128613839914e+03  1.334903947776e+00  1.255325090373e+00  1.000000000000e+00  0.000000000000e+00  3.279587264842e-02 -2.853401097236e-01  2.488763561007e+00  2.574438469601e-01  1.188400236191e+00 -1.121152329259e+00  2.515145189129e+00  0.000000000000e+00 -2.556089832257e+00  1.511667439423e-01 
 5.248074602498e+03  1.363708556164e+00  1.253221269464e+00  1.000000000000e+00  0.000000000000e+00  3.133820479707e-02 -2.790087008034e-01  2.489950012416e+00  2.517036453646e-01  1.157666345825e+00 -1.122521536425e+00  2.515145189129e+00  0.000000000000e+00 -2.552702895975e+00  1.483083745305e-01 
 5.370317963702e+03  1.392401589779e+00  1.250462586060e+00  1.000000000000e+00  0.000000000000e+00  2.994454397776e-02 -2.728106598952e-01  2.491084121633e+00  2.460862059088e-01  1.127122876933e+00 -1.123047637986e+00  2.515145189129e+00  0.000000000000e+00 -2.549458812855e+00  1.453951302405e-01 
 5.495408738576e+03  1.420953472611e+00  1.247056267690e+00  1.000000000000e+00  0.000000000000e+00  2.861214763107e-02 -2.667436500778e-01  2.492168152239e+00  2.405892502284e-01  1.096802827436e+00 -1.122748132097e+00  2.515145189129e+00  0.000000000000e+00 -2.546358262245e+00  1.424349447448e-01 
 5.623413251903e+03  1.449335217942e+00  1.243011186598e+00  1.000000000000e+00  0.000000000000e+00  2.733838477434e-02 -2.608053428994e-01  2.493204274215e+00  2.352105187310e-01  1.066737965215e+00 -1.121642071288e+00  2.515145189129e+00  0.000000000000e+00 -2.543401394325e+00  1.394356698469e-01 
 5.754399373372e+03  1.477518539177e+00  1.238337802235e+00  1.000000000000e+00  0.000000000000e+00  2.612073198543e-02 -2.549934210256e-01  2.494194567669e+00  2.299477719935e-01  1.036958735553e+00 -1.119749961887e+00  2.515145189129e+00  0.000000000000e+00 -2.540587844364e+00  1.364050350570e-01 
 5.888436553556e+03  1.505475963466e+00  1.233048097929e+00  1.000000000000e+00  0.000000000000e+00  2.495676949911e-02 -2.493055807718e-01  2.495141025167e+00  2.247987923911e-01  1.007494172314e+00 -1.117093656911e+00  2.515145189129e+00  0.000000000000e+00 -2.537916753612e+00  1.333506063509e-01 
 6.025595860744e+03  1.533180929720e+00  1.227155506378e+00  1.000000000000e+00  0.000000000000e+00  2.384417737267e-02 -2.437395338784e-01  2.496045555919e+00  2.197613855242e-01  9.783718236722e-01 -1.113696242915e+00  2.515145189129e+00  0.000000000000e+00 -2.535386789218e+00  1.302797492968e-01 
 6.165950018615e+03  1.560607884778e+00  1.220674826996e+00  1.000000000000e+00  0.000000000000e+00  2.278073175330e-02 -2.382930097810e-01  2.496909989044e+00  2.148333811492e-01  9.496176878456e-01 -1.109581922181e+00  2.515145189129e+00  0.000000000000e+00 -2.532996172392e+00  1.271995961672e-01 
 6.309573444802e+03  1.587732368847e+00  1.213622139767e+00  1.000000000000e+00  0.000000000000e+00  2.176430129111e-02 -2.329637572111e-01  2.497736074496e+00  2.100126346922e-01  9.212561579188e-01 -1.104775891174e+00  2.515145189129e+00  0.000000000000e+00 -2.530742705086e+00  1.241170121499e-01 
 6.456542290347e+03  1.614531092113e+00  1.206014708849e+00  1.000000000000e+00  0.000000000000e+00  2.079284360661e-02 -2.277495457965e-01  2.498525490519e+00  2.052970276563e-01  8.933099805145e-01 -1.099304219708e+00  2.515145189129e+00  0.000000000000e+00 -2.528623801739e+00  1.210385725014e-01 
 6.606934480076e+03  1.640982002020e+00  1.197870885953e+00  1.000000000000e+00  0.000000000000e+00  1.986440187829e-02 -2.226481676917e-01  2.499279843178e+00  2.006844689604e-01  8.658002229640e-01 -1.093193725450e+00  2.515145189129e+00  0.000000000000e+00 -2.526636520316e+00  1.179705353062e-01 
 6.760829753920e+03  1.667064343346e+00  1.189210004872e+00  1.000000000000e+00  0.000000000000e+00  1.897710153935e-02 -2.176574385376e-01  2.500000670552e+00  1.961728953756e-01  8.387462520041e-01 -1.086471848655e+00  2.515145189129e+00  0.000000000000e+00 -2.524777597779e+00  1.149188226461e-01 
 6.918309709189e+03  1.692758703372e+00  1.180052276934e+00  1.000000000000e+00  0.000000000000e+00  1.812914708717e-02 -2.127751988592e-01  2.500689442735e+00  1.917602721951e-01  8.121657231823e-01 -1.079166529933e+00  2.515145189129e+00  0.000000000000e+00 -2.523043481467e+00  1.118890043026e-01 
 7.079457843841e+03  1.718047054019e+00  1.170418683439e+00  1.000000000000e+00  0.000000000000e+00  1.731881895466e-02 -2.079993150255e-01  2.501347569283e+00  1.874445938738e-01  7.860745809739e-01 -1.071306090103e+00  2.515145189129e+00  0.000000000000e+00 -2.521430368226e+00  1.088862861443e-01 
 7.244359600750e+03  1.742912777234e+00  1.160330867162e+00  1.000000000000e+00  0.000000000000e+00  1.654447053079e-02 -2.033276801521e-01  2.501976399217e+00  1.832238842035e-01  7.604870671639e-01 -1.062919110525e+00  2.515145189129e+00  0.000000000000e+00 -2.519934235192e+00  1.059154998536e-01 
 7.413102413009e+03  1.767340687802e+00  1.149811022449e+00  1.000000000000e+00  0.000000000000e+00  1.580452525741e-02 -1.987582148286e-01  2.502577221952e+00  1.790961971274e-01  7.354157394730e-01 -1.054034318542e+00  2.515145189129e+00  0.000000000000e+00 -2.518550878329e+00  1.029810989970e-01 
 7.585775750292e+03  1.791317040799e+00  1.138881790685e+00  1.000000000000e+00  0.000000000000e+00  1.509747381715e-02 -1.942888678750e-01  2.503151272424e+00  1.750596166239e-01  7.108714972856e-01 -1.044680477702e+00  2.515145189129e+00  0.000000000000e+00 -2.517275942798e+00  1.000871545439e-01 
 7.762471166287e+03  1.814829534153e+00  1.127566150855e+00  1.000000000000e+00  0.000000000000e+00  1.442187143039e-02 -1.899176168663e-01  2.503699732944e+00  1.711122570559e-01  6.868636180880e-01 -1.034886282869e+00  2.515145189129e+00  0.000000000000e+00 -2.516104959251e+00  9.723735993027e-02 
 7.943282347243e+03  1.837867300957e+00  1.115887320135e+00  1.000000000000e+00  0.000000000000e+00  1.377633523771e-02 -1.856424687139e-01  2.504223732743e+00  1.672522634908e-01  6.633997964673e-01 -1.024680259288e+00  2.515145189129e+00  0.000000000000e+00 -2.515033372529e+00  9.443503012730e-02 
 8.128305161641e+03  1.860420894576e+00  1.103868651902e+00  1.000000000000e+00  0.000000000000e+00  1.315954180427e-02 -1.814614599280e-01  2.504724353086e+00  1.634778115840e-01  6.404861938208e-01 -1.014090669807e+00  2.515145189129e+00  0.000000000000e+00 -2.514056573975e+00  9.168311110026e-02 
 8.317637711027e+03  1.882482265355e+00  1.091533540282e+00  1.000000000000e+00  0.000000000000e+00  1.257022465506e-02 -1.773726571118e-01  2.505202629138e+00  1.597871077247e-01  6.181274916744e-01 -1.003145428491e+00  2.515145189129e+00  0.000000000000e+00 -2.513169929005e+00  8.898418938352e-02 
 8.511380382024e+03  1.904044731520e+00  1.078905330505e+00  1.000000000000e+00  0.000000000000e+00  1.200717196116e-02 -1.733741571952e-01  2.505659549963e+00  1.561783890938e-01  5.963269496569e-01 -9.918720180867e-01  2.515145189129e+00  0.000000000000e+00 -2.512368803663e+00  8.634049941472e-02 
 8.709635899561e+03  1.925102943555e+00  1.066007229034e+00  1.000000000000e+00  0.000000000000e+00  1.146922426960e-02 -1.694640875212e-01  2.506096061319e+00  1.526499234315e-01  5.750864675501e-01 -9.802974172635e-01  2.515145189129e+00  0.000000000000e+00 -2.511648588780e+00  8.375394073507e-02 
 8.912509381337e+03  1.945652843220e+00  1.052862226265e+00  1.000000000000e+00  0.000000000000e+00  1.095527234611e-02 -1.656406061084e-01  2.506513067987e+00  1.492000092985e-01  5.544066522270e-01 -9.684480343712e-01  2.515145189129e+00  0.000000000000e+00 -2.511004723774e+00  8.122608931070e-02 
 9.120108393559e+03  1.965691616060e+00  1.039493019227e+00  1.000000000000e+00  0.000000000000e+00  1.046425507411e-02 -1.619019016798e-01  2.506911436561e+00  1.458269755240e-01  5.342868858716e-01 -9.563496464398e-01  2.515145189129e+00  0.000000000000e+00 -2.510432715275e+00  7.875821385979e-02 
 9.332543007970e+03  1.985217644135e+00  1.025921941386e+00  1.000000000000e+00  0.000000000000e+00  9.995157455705e-03 -1.582461936050e-01  2.507291993592e+00  1.425291813794e-01  5.147253955365e-01 -9.440273464425e-01  2.515145189129e+00  0.000000000000e+00 -2.509928157414e+00  7.635129325669e-02 
 9.549925860214e+03  2.004230447812e+00  1.012170900358e+00  1.000000000000e+00  0.000000000000e+00  9.547008663503e-03 -1.546717321617e-01  2.507655530237e+00  1.393050163169e-01  4.957193259615e-01 -9.315054964973e-01  2.515145189129e+00  0.000000000000e+00 -2.509486744490e+00  7.400603227691e-02 
 9.772372209558e+03  2.022730634082e+00  9.982613199390e-01  1.000000000000e+00  0.000000000000e+00  9.118880205278e-03 -1.511767981574e-01  2.508002804127e+00  1.361528995330e-01  4.772648119833e-01 -9.188076899154e-01  2.515145189129e+00  0.000000000000e+00 -2.509104289854e+00  7.172288124223e-02 
 1.000000000000e+04  2.040719832992e+00  9.842140877154e-01  1.000000000000e+00  0.000000000000e+00  8.709884112250e-03 -1.477597028716e-01  2.508334537502e+00  1.330712801719e-01  4.593570504803e-01 -9.059567149961e-01  2.515145189129e+00  0.000000000000e+00 -2.508776732478e+00  6.950205214411e-02 
 1.023292992281e+04  2.058200640604e+00  9.700495103607e-01  1.000000000000e+00  0.000000000000e+00  8.319171245603e-03 -1.444187882007e-01  2.508651422337e+00  1.300586366415e-01  4.419903738308e-01 -8.929745308124e-01  2.515145189129e+00  0.000000000000e+00 -2.508500151680e+00  6.734353927821e-02 
 1.047128548051e+04  2.075176553801e+00  9.557872740552e-01  1.000000000000e+00  0.000000000000e+00  7.945929638481e-03 -1.411524262221e-01  2.508954119403e+00  1.271134764684e-01  4.251583203441e-01 -8.798822431127e-01  2.515145189129e+00  0.000000000000e+00 -2.508270770700e+00  6.524713429105e-02 
 1.071519305238e+04  2.091651911614e+00  9.414464099100e-01  1.000000000000e+00  0.000000000000e+00  7.589382913466e-03 -1.379590190481e-01  2.509243261535e+00  1.242343361082e-01  4.088537055650e-01 -8.667000912828e-01  2.515145189129e+00  0.000000000000e+00 -2.508084967753e+00  6.321244757120e-02 
 1.096478196143e+04  2.107631830033e+00  9.270452660276e-01  1.000000000000e+00  0.000000000000e+00  7.248788764628e-03 -1.348369985935e-01  2.509519452695e+00  1.214197804948e-01  3.930686899694e-01 -8.534474349581e-01  2.515145189129e+00  0.000000000000e+00 -2.507939277010e+00  6.123892256835e-02 
 1.122018454302e+04  2.123122140300e+00  9.126014846843e-01  1.000000000000e+00  0.000000000000e+00  6.923437505066e-03 -1.317848264298e-01  2.509783268906e+00  1.186684027198e-01  3.777948461939e-01 -8.401427498320e-01  2.515145189129e+00  0.000000000000e+00 -2.507830392677e+00  5.932585427411e-02 
 1.148153621497e+04  2.138129328378e+00  8.981319839368e-01  1.000000000000e+00  0.000000000000e+00  6.612650659008e-03 -1.288009933487e-01  2.510035264771e+00  1.159788238001e-01  3.630232241121e-01 -8.268036263762e-01  2.515145189129e+00  0.000000000000e+00 -2.507755172128e+00  5.747240589852e-02 
 1.174897554940e+04  2.152660476044e+00  8.836529441178e-01  1.000000000000e+00  0.000000000000e+00  6.315779629404e-03 -1.258840192313e-01  2.510275965091e+00  1.133496921102e-01  3.487444115453e-01 -8.134467711207e-01  2.515145189129e+00  0.000000000000e+00 -2.507710636376e+00  5.567762352368e-02 
 1.202264434617e+04  2.166723196860e+00  8.691798000364e-01  1.000000000000e+00  0.000000000000e+00  6.032204401890e-03 -1.230324526405e-01  2.510505875107e+00  1.107796832366e-01  3.349485953804e-01 -8.000880149193e-01  2.515145189129e+00  0.000000000000e+00 -2.507693965867e+00  5.394045176161e-02 
 1.230268770812e+04  2.180325585417e+00  8.547272356227e-01  1.000000000000e+00  0.000000000000e+00  5.761332318798e-03 -1.202448704862e-01  2.510725477245e+00  1.082674994686e-01  3.216256174492e-01 -7.867423219141e-01  2.515145189129e+00  0.000000000000e+00 -2.507702504375e+00  5.225974773857e-02 
 1.258925411794e+04  2.193476158194e+00  8.403091836954e-01  1.000000000000e+00  0.000000000000e+00  5.502596891347e-03 -1.175198777637e-01  2.510935231578e+00  1.058118694200e-01  3.087650283123e-01 -7.734238025732e-01  2.515145189129e+00  0.000000000000e+00 -2.507733752463e+00  5.063429410440e-02 
 1.288249551693e+04  2.206183800939e+00  8.259388280567e-01  1.000000000000e+00  0.000000000000e+00  5.255456671875e-03 -1.148561071168e-01  2.511135577690e+00  1.034115477232e-01  2.963561385404e-01 -7.601457284763e-01  2.515145189129e+00  0.000000000000e+00 -2.507785365010e+00  4.906281128522e-02 
 1.318256738556e+04  2.218457719311e+00  8.116286104778e-01  1.000000000000e+00  0.000000000000e+00  5.019394155170e-03 -1.122522185324e-01  2.511326936539e+00  1.010653145204e-01  2.843880667933e-01 -7.469205521047e-01  2.515145189129e+00  0.000000000000e+00 -2.507855148839e+00  4.754396998342e-02 
 1.348962882592e+04  2.230307389516e+00  7.973902390804e-01  1.000000000000e+00  0.000000000000e+00  4.793914750735e-03 -1.097068989620e-01  2.511509710457e+00  9.877197518654e-02  2.728497845237e-01 -7.337599248858e-01  2.515145189129e+00  0.000000000000e+00 -2.507941057027e+00  4.607640046183e-02 
 1.380384264603e+04  2.241742512677e+00  7.832346995128e-01  1.000000000000e+00  0.000000000000e+00  4.578545775985e-03 -1.072188619291e-01  2.511684283148e+00  9.653035979136e-02  2.617301578866e-01 -7.206747200107e-01  2.515145189129e+00  0.000000000000e+00 -2.508041184175e+00  4.465870379221e-02 
 1.412537544623e+04  2.252772971056e+00  7.691722693853e-01  1.000000000000e+00  0.000000000000e+00  4.372835506729e-03 -1.047868471069e-01  2.511851021089e+00  9.433932282263e-02  2.510179868259e-01 -7.076750549022e-01  2.515145189129e+00  0.000000000000e+00 -2.508153760774e+00  4.328945946594e-02 
 1.445439770746e+04  2.263408786617e+00  7.552125342190e-01  1.000000000000e+00  0.000000000000e+00  4.176352254945e-03 -1.024096200126e-01  2.512010275386e+00  9.219774273515e-02  2.407020414830e-01 -6.947703161277e-01  2.515145189129e+00  0.000000000000e+00 -2.508277147247e+00  4.196723405235e-02 
 1.479108388168e+04  2.273660086561e+00  7.413644035114e-01  1.000000000000e+00  0.000000000000e+00  3.988683501575e-03 -1.000859715568e-01  2.512162380852e+00  9.010452151415e-02  2.307710949390e-01 -6.819691841956e-01  2.515145189129e+00  0.000000000000e+00 -2.508409831362e+00  4.069058947870e-02 
 1.513561248436e+04  2.283537062351e+00  7.276361318072e-01  1.000000000000e+00  0.000000000000e+00  3.809435046151e-03 -9.781471759197e-02  2.512307657395e+00  8.805858428241e-02  2.212139540061e-01 -6.692796598654e-01  2.515145189129e+00  0.000000000000e+00 -2.508550417201e+00  3.945808781782e-02 
 1.548816618912e+04  2.293049940839e+00  7.140353370924e-01  1.000000000000e+00  0.000000000000e+00  3.638230212800e-03 -9.559469866508e-02  2.512446410954e+00  8.605887892190e-02  2.120194870804e-01 -6.567090902245e-01  2.515145189129e+00  0.000000000000e+00 -2.508697623342e+00  3.826829872400e-02 
 1.584893192461e+04  2.302208953071e+00  7.005690231454e-01  1.000000000000e+00  0.000000000000e+00  3.474709076727e-03 -9.342477943574e-02  2.512578934897e+00  8.410437566636e-02  2.031766494620e-01 -6.442641968606e-01  2.515145189129e+00  0.000000000000e+00 -2.508850276209e+00  3.711980467176e-02 
 1.621810097359e+04  2.311024304479e+00  6.872436009580e-01  1.000000000000e+00  0.000000000000e+00  3.318527726606e-03 -9.130384838500e-02  2.512705506757e+00  8.219406669377e-02  1.946745056775e-01 -6.319511000765e-01  2.515145189129e+00  0.000000000000e+00 -2.509007301854e+00  3.601120345870e-02 
 1.659586907438e+04  2.319506152067e+00  6.740649114363e-01  1.000000000000e+00  0.000000000000e+00  3.169357565184e-03 -8.923081737885e-02  2.512826393358e+00  8.032696568989e-02  1.865022506681e-01 -6.197753484594e-01  2.515145189129e+00  0.000000000000e+00 -2.509167723630e+00  3.494111463747e-02 
 1.698243652462e+04  2.327664576471e+00  6.610382487997e-01  1.000000000000e+00  0.000000000000e+00  3.026884627616e-03 -8.720462126075e-02  2.512941851281e+00  7.850210749893e-02  1.786492276588e-01 -6.077419453068e-01  2.515145189129e+00  0.000000000000e+00 -2.509330651435e+00  3.390818213505e-02 
 1.737800828749e+04  2.335509567522e+00  6.481683825841e-01  1.000000000000e+00  0.000000000000e+00  2.890808942539e-03 -8.522421742964e-02  2.513052121270e+00  7.671854770160e-02  1.711049441074e-01 -5.958553733071e-01  2.515145189129e+00  0.000000000000e+00 -2.509495282590e+00  3.291107650835e-02 
 1.778279410039e+04  2.343050999101e+00  6.354595827870e-01  1.000000000000e+00  0.000000000000e+00  2.760843910892e-03 -8.328858547611e-02  2.513157438487e+00  7.497536228038e-02  1.638590864313e-01 -5.841196231777e-01  2.515145189129e+00  0.000000000000e+00 -2.509660890800e+00  3.194849807280e-02 
 1.819700858610e+04  2.350298614707e+00  6.229156418703e-01  1.000000000000e+00  0.000000000000e+00  2.636715717927e-03 -8.139672673133e-02  2.513258022722e+00  7.327164713934e-02  1.569015317364e-01 -5.725382174132e-01  2.515145189129e+00  0.000000000000e+00 -2.509826822854e+00  3.101917819750e-02 
 1.862087136663e+04  2.357262013946e+00  6.105398978107e-01  1.000000000000e+00  0.000000000000e+00  2.518162764773e-03 -7.954766394687e-02  2.513354088645e+00  7.160651776940e-02  1.502223589341e-01 -5.611142371781e-01  2.515145189129e+00  0.000000000000e+00 -2.509992495675e+00  3.012188282679e-02 
 1.905460717963e+04  2.363950636238e+00  5.983352579642e-01  1.000000000000e+00  0.000000000000e+00  2.404935129562e-03 -7.774044078542e-02  2.513445836492e+00  6.997910887003e-02  1.438118570950e-01 -5.498503448907e-01  2.515145189129e+00  0.000000000000e+00 -2.510157387833e+00  2.925541069030e-02 
 1.949844599758e+04  2.370373750106e+00  5.863042209530e-01  1.000000000000e+00  0.000000000000e+00  2.296794051745e-03 -7.597412157338e-02  2.513533462305e+00  6.838857399998e-02  1.376605336554e-01 -5.387488099514e-01  2.515145189129e+00  0.000000000000e+00 -2.510321036529e+00  2.841859689733e-02 
 1.995262314969e+04  2.376540444791e+00  5.744488990167e-01  1.000000000000e+00  0.000000000000e+00  2.193511435962e-03 -7.424779070425e-02  2.513617149554e+00  6.683408515528e-02  1.317591197439e-01 -5.278115309775e-01  2.515145189129e+00  0.000000000000e+00 -2.510483034039e+00  2.761031222377e-02 
 2.041737944670e+04  2.382459619083e+00  5.627710393164e-01  1.000000000000e+00  0.000000000000e+00  2.094869378652e-03 -7.256055250764e-02  2.513697075192e+00  6.531483240542e-02  1.260985753324e-01 -5.170400580973e-01  2.515145189129e+00  0.000000000000e+00 -2.510643021222e+00  2.682946397069e-02 
 2.089296130854e+04  2.388139977120e+00  5.512720457045e-01  1.000000000000e+00  0.000000000000e+00  2.000659715577e-03 -7.091153066722e-02  2.513773408718e+00  6.383002357325e-02  1.206700930197e-01 -5.064356153598e-01  2.515145189129e+00  0.000000000000e+00 -2.510800686652e+00  2.607499602250e-02 
 2.137962089502e+04  2.393590020481e+00  5.399529985152e-01  1.000000000000e+00  0.000000000000e+00  1.910683593223e-03 -6.929986791511e-02  2.513846311253e+00  6.237888384931e-02  1.154651001416e-01 -4.959991209325e-01  2.515145189129e+00  0.000000000000e+00 -2.510955760393e+00  2.534588894887e-02 
 2.187761623950e+04  2.398818042595e+00  5.288146748208e-01  1.000000000000e+00  0.000000000000e+00  1.824751049298e-03 -6.772472566809e-02  2.513915935997e+00  6.096065545717e-02  1.104752605897e-01 -4.857312070671e-01  2.515145189129e+00  0.000000000000e+00 -2.511108009802e+00  2.464115934984e-02 
 2.238721138568e+04  2.403832129668e+00  5.178575679311e-01  1.000000000000e+00  0.000000000000e+00  1.742680621646e-03 -6.618528364925e-02  2.513982431032e+00  5.957459728234e-02  1.056924754084e-01 -4.756322399480e-01  2.515145189129e+00  0.000000000000e+00 -2.511257240670e+00  2.395985982677e-02 
 2.290867652768e+04  2.408640151843e+00  5.070819052635e-01  1.000000000000e+00  0.000000000000e+00  1.664298968763e-03 -6.468073950236e-02  2.514045936521e+00  5.821998453757e-02  1.011088826199e-01 -4.657023376203e-01  2.515145189129e+00  0.000000000000e+00 -2.511403287819e+00  2.330107865489e-02 
 2.344228815320e+04  2.413249765523e+00  4.964876665617e-01  1.000000000000e+00  0.000000000000e+00  1.589440507814e-03 -6.321030844265e-02  2.514106586576e+00  5.689610845002e-02  9.671685635112e-02 -4.559413875686e-01  2.515145189129e+00  0.000000000000e+00 -2.511546016198e+00  2.266393879376e-02 
 2.398832919019e+04  2.417668413837e+00  4.860746010672e-01  1.000000000000e+00  0.000000000000e+00  1.517947070624e-03 -6.177322296571e-02  2.514164510183e+00  5.560227591923e-02  9.250900532061e-02 -4.463490638882e-01  2.515145189129e+00  0.000000000000e+00 -2.511685319486e+00  2.204759759628e-02 
 2.454708915685e+04  2.421903321519e+00  4.758422435843e-01  1.000000000000e+00  0.000000000000e+00  1.449667571706e-03 -6.036873237463e-02  2.514219828881e+00  5.433780915337e-02  8.847817064088e-02 -4.369248425937e-01  2.515145189129e+00  0.000000000000e+00 -2.511821112448e+00  2.145124557903e-02 
 2.511886431510e+04  2.425961499102e+00  4.657899308368e-01  1.000000000000e+00  0.000000000000e+00  1.384457694030e-03 -5.899610253982e-02  2.514272660483e+00  5.310204542184e-02  8.461742334475e-02 -4.276680176845e-01  2.515145189129e+00  0.000000000000e+00 -2.511953332328e+00  2.087410589112e-02 
 2.570395782769e+04  2.429849745240e+00  4.559168156702e-01  1.000000000000e+00  0.000000000000e+00  1.322179586396e-03 -5.765461549890e-02  2.514323115814e+00  5.189433666237e-02  8.092006112565e-02 -4.185777144739e-01  2.515145189129e+00  0.000000000000e+00 -2.512081937624e+00  2.031543304091e-02 
 2.630267991895e+04  2.433574643917e+00  4.462218818953e-01  1.000000000000e+00  0.000000000000e+00  1.262701574660e-03 -5.634356917290e-02  2.514371301979e+00  5.071404926275e-02  7.737960501981e-02 -4.096529044327e-01  2.515145189129e+00  0.000000000000e+00 -2.512206901684e+00  1.977451261225e-02 
 2.691534803927e+04  2.437142571434e+00  4.367039575591e-01  1.000000000000e+00  0.000000000000e+00  1.205897887530e-03 -5.506227699516e-02  2.514417321887e+00  4.956056363153e-02  7.398979549180e-02 -4.008924175869e-01  2.515145189129e+00  0.000000000000e+00 -2.512328215501e+00  1.925066002032e-02 
 2.754228703338e+04  2.440559695940e+00  4.273617279250e-01  1.000000000000e+00  0.000000000000e+00  1.151648390760e-03 -5.381006760581e-02  2.514461271465e+00  4.843327403069e-02  7.074458825809e-02 -3.922949541593e-01  2.515145189129e+00  0.000000000000e+00 -2.512445882806e+00  1.874321886721e-02 
 2.818382931264e+04  2.443831980694e+00  4.181937478133e-01  1.000000000000e+00  0.000000000000e+00  1.099838338405e-03 -5.258628451702e-02  2.514503245242e+00  4.733158819727e-02  6.763815013983e-02 -3.838590975502e-01  2.515145189129e+00  0.000000000000e+00 -2.512559918933e+00  1.825156124758e-02 
 2.884031503127e+04  2.446965191048e+00  4.091984530678e-01  1.000000000000e+00  0.000000000000e+00  1.050358129305e-03 -5.139028586564e-02  2.514543330297e+00  4.625492708146e-02  6.466485418059e-02 -3.755833235336e-01  2.515145189129e+00  0.000000000000e+00 -2.512670352676e+00  1.777508523114e-02 
 2.951209226666e+04  2.449964892585e+00  4.003741713823e-01  1.000000000000e+00  0.000000000000e+00  1.003103078233e-03 -5.022144399845e-02  2.514581613243e+00  4.520272457739e-02  6.181927521538e-02 -3.674660122488e-01  2.515145189129e+00  0.000000000000e+00 -2.512777219770e+00  1.731321561208e-02 
 3.019951720402e+04  2.452836458571e+00  3.917191330111e-01  1.000000000000e+00  0.000000000000e+00  9.579731968188e-04 -4.907914525393e-02  2.514618173707e+00  4.417442720296e-02  5.909618471196e-02 -3.595054561738e-01  2.515145189129e+00  0.000000000000e+00 -2.512880564958e+00  1.686540095505e-02 
 3.090295432514e+04  2.455585073680e+00  3.832314802567e-01  1.000000000000e+00  0.000000000000e+00  9.148729822073e-04 -4.796278963477e-02  2.514653089922e+00  4.316949388885e-02  5.649054598325e-02 -3.516998707200e-01  2.515145189129e+00  0.000000000000e+00 -2.512980440723e+00  1.643111437369e-02 
 3.162277660168e+04  2.458215738181e+00  3.749092766084e-01  1.000000000000e+00  0.000000000000e+00  8.737112173094e-04 -4.687179052416e-02  2.514686434995e+00  4.218739565840e-02  5.399750896322e-02 -3.440474014496e-01  2.515145189129e+00  0.000000000000e+00 -2.513076906054e+00  1.600985132602e-02 
 3.235936569296e+04  2.460733269341e+00  3.667505153571e-01  1.000000000000e+00  0.000000000000e+00  8.344007792402e-04 -4.580557440204e-02  2.514718280639e+00  4.122761538747e-02  5.161240523739e-02 -3.365461330395e-01  2.515145189129e+00  0.000000000000e+00 -2.513170022678e+00  1.560112967991e-02 
 3.311311214826e+04  2.463142312132e+00  3.587531280355e-01  1.000000000000e+00  0.000000000000e+00  7.968584549189e-04 -4.476358053944e-02  2.514748693909e+00  4.028964753525e-02  4.933074275323e-02 -3.291940961499e-01  2.515145189129e+00  0.000000000000e+00 -2.513259860301e+00  1.520448783590e-02 
 3.388441561392e+04  2.465447336901e+00  3.509149913443e-01  1.000000000000e+00  0.000000000000e+00  7.610047669004e-04 -4.374526077299e-02  2.514777739067e+00  3.937299794779e-02  4.714820074878e-02 -3.219892744673e-01  2.515145189129e+00  0.000000000000e+00 -2.513346489031e+00  1.481948461807e-02 
 3.467368504525e+04  2.467652649619e+00  3.432339351275e-01  1.000000000000e+00  0.000000000000e+00  7.267638063695e-04 -4.275007917749e-02  2.514805477113e+00  3.847718349425e-02  4.506062458677e-02 -3.149296112824e-01  2.515145189129e+00  0.000000000000e+00 -2.513429984292e+00  1.444569754963e-02 
 3.548133892336e+04  2.469762392808e+00  3.357077483088e-01  1.000000000000e+00  0.000000000000e+00  6.940630723875e-04 -4.177751183306e-02  2.514831967652e+00  3.760173195769e-02  4.306402060320e-02 -3.080130157759e-01  2.515145189129e+00  0.000000000000e+00 -2.513510422442e+00  1.408272296933e-02 
 3.630780547701e+04  2.471780552063e+00  3.283341852948e-01  1.000000000000e+00  0.000000000000e+00  6.628333197796e-04 -4.082704657776e-02  2.514857266564e+00  3.674618169316e-02  4.115455107240e-02 -3.012373683159e-01  2.515145189129e+00  0.000000000000e+00 -2.513587882104e+00  1.373017467818e-02 
 3.715352290972e+04  2.473710961174e+00  3.211109720287e-01  1.000000000000e+00  0.000000000000e+00  6.330084136152e-04 -3.989818273112e-02  2.514881426468e+00  3.591008146759e-02  3.932852913567e-02 -2.946005257545e-01  2.515145189129e+00  0.000000000000e+00 -2.513662444074e+00  1.338768290620e-02 
 3.801893963206e+04  2.475557303522e+00  3.140358109376e-01  1.000000000000e+00  0.000000000000e+00  6.045251889191e-04 -3.899043082492e-02  2.514904500451e+00  3.509299018333e-02  3.758241387550e-02 -2.881003266666e-01  2.515145189129e+00  0.000000000000e+00 -2.513734187649e+00  1.305489433432e-02 
 3.890451449943e+04  2.477323121857e+00  3.071063864627e-01  1.000000000000e+00  0.000000000000e+00  5.773233182254e-04 -3.810331241402e-02  2.514926536009e+00  3.429447668896e-02  3.591280540422e-02 -2.817345952499e-01  2.515145189129e+00  0.000000000000e+00 -2.513803195367e+00  1.273147027532e-02 
 3.981071705535e+04  2.479011818301e+00  3.003203690751e-01  1.000000000000e+00  0.000000000000e+00  5.513451840216e-04 -3.723635977803e-02  2.514947579708e+00  3.351411952463e-02  3.431644004741e-02 -2.755011460395e-01  2.515145189129e+00  0.000000000000e+00 -2.513869548054e+00  1.241708707409e-02 
 4.073802778041e+04  2.480626661796e+00  2.936754203402e-01  1.000000000000e+00  0.000000000000e+00  5.265357573307e-04 -3.638911573216e-02  2.514967677183e+00  3.275150675108e-02  3.279018565081e-02 -2.693977876334e-01  2.515145189129e+00  0.000000000000e+00 -2.513933327471e+00  1.211143457963e-02 
 4.168693834703e+04  2.482170790434e+00  2.871691961191e-01  1.000000000000e+00  0.000000000000e+00  5.028424819216e-04 -3.556113336526e-02  2.514986870345e+00  3.200623569137e-02  3.133103697837e-02 -2.634223261848e-01  2.515145189129e+00  0.000000000000e+00 -2.513994613916e+00  1.181421617414e-02 
 4.265795188016e+04  2.483647217043e+00  2.807993508759e-01  1.000000000000e+00  0.000000000000e+00  4.802151628382e-04 -3.475197581429e-02  2.515005199704e+00  3.127791277439e-02  2.993611112106e-02 -2.575725686038e-01  2.515145189129e+00  0.000000000000e+00 -2.514053487113e+00  1.152514744159e-02 
 4.365158322402e+04  2.485058834776e+00  2.745635409374e-01  1.000000000000e+00  0.000000000000e+00  4.586058606719e-04 -3.396121607511e-02  2.515022704378e+00  3.056615330206e-02  2.860264314586e-02 -2.518463259621e-01  2.515145189129e+00  0.000000000000e+00 -2.514110027343e+00  1.124395612402e-02 
 4.466835921510e+04  2.486408417113e+00  2.684594271705e-01  1.000000000000e+00  0.000000000000e+00  4.379687907203e-04 -3.318843676243e-02  2.515039421618e+00  2.987058125655e-02  2.732798176294e-02 -2.462414157053e-01  2.515145189129e+00  0.000000000000e+00 -2.514164311010e+00  1.097038141575e-02 
 4.570881896149e+04  2.487698627636e+00  2.624846785911e-01  1.000000000000e+00  0.000000000000e+00  4.182602257288e-04 -3.243322986600e-02  2.515055386350e+00  2.919082910739e-02  2.610958513469e-02 -2.407556647377e-01  2.515145189129e+00  0.000000000000e+00 -2.514216416131e+00  1.070417319583e-02 
 4.677351412872e+04  2.488932020497e+00  2.566369744891e-01  1.000000000000e+00  0.000000000000e+00  3.994384039743e-04 -3.169519661969e-02  2.515070633031e+00  2.852653764421e-02  2.494501679757e-02 -2.353869114304e-01  2.515145189129e+00  0.000000000000e+00 -2.514266418632e+00  1.044509178064e-02 
 4.786300923226e+04  2.490111043211e+00  2.509140070179e-01  1.000000000000e+00  0.000000000000e+00  3.814634407036e-04 -3.097394723591e-02  2.515085193794e+00  2.787735576567e-02  2.383194166032e-02 -2.301330078626e-01  2.515145189129e+00  0.000000000000e+00 -2.514314391055e+00  1.019290730903e-02 
 4.897788193684e+04  2.491238043644e+00  2.453134832904e-01  1.000000000000e+00  0.000000000000e+00  3.642972441753e-04 -3.026910072003e-02  2.515099098906e+00  2.724294029395e-02  2.276812219134e-02 -2.249918215675e-01  2.515145189129e+00  0.000000000000e+00 -2.514360405637e+00  9.947399207591e-03 
 5.011872336273e+04  2.492315274663e+00  2.398331275326e-01  1.000000000000e+00  0.000000000000e+00  3.479034351130e-04 -2.958028468129e-02  2.515112378635e+00  2.662295583286e-02  2.175141462794e-02 -2.199612376862e-01  2.515145189129e+00  0.000000000000e+00 -2.514404535108e+00  9.708356001464e-03 
 5.128613839914e+04  2.493344891351e+00  2.344706827716e-01  1.000000000000e+00  0.000000000000e+00  3.322472693981e-04 -2.890713513989e-02  2.515125061385e+00  2.601707455688e-02  2.077976539658e-02 -2.150391601899e-01  2.515145189129e+00  0.000000000000e+00 -2.514446846229e+00  9.475574655864e-03 
 5.248074602498e+04  2.494328962173e+00  2.292239126109e-01  1.000000000000e+00  0.000000000000e+00  3.172955652531e-04 -2.824929635244e-02  2.515137172304e+00  2.542497607283e-02  1.985120752943e-02 -2.102235132188e-01  2.515145189129e+00  0.000000000000e+00 -2.514487407318e+00  9.248859964904e-03 
 5.370317963702e+04  2.495269468520e+00  2.240906025982e-01  1.000000000000e+00  0.000000000000e+00  3.030166326994e-04 -2.760642059002e-02  2.515148739330e+00  2.484634721986e-02  1.896385736472e-02 -2.055122428865e-01  2.515145189129e+00  0.000000000000e+00 -2.514526284412e+00  9.028024766237e-03 
 5.495408738576e+04  2.496168307029e+00  2.190685615642e-01  1.000000000000e+00  0.000000000000e+00  2.893802065955e-04 -2.697816800719e-02  2.515159784816e+00  2.428088194210e-02  1.811591111982e-02 -2.009033177164e-01  2.515145189129e+00  0.000000000000e+00 -2.514563540101e+00  8.812888907873e-03 
 5.623413251903e+04  2.497027296107e+00  2.141556228162e-01  1.000000000000e+00  0.000000000000e+00  2.763573827451e-04 -2.636420643830e-02  2.515170333907e+00  2.372828111402e-02  1.730564184618e-02 -1.963947304466e-01  2.515145189129e+00  0.000000000000e+00 -2.514599236939e+00  8.603279655632e-03 
 5.754399373372e+04  2.497848176397e+00  2.093496453017e-01  1.000000000000e+00  0.000000000000e+00  2.639205566766e-04 -2.576421123013e-02  2.515180408023e+00  2.318825236944e-02  1.653139623886e-02 -1.919844981458e-01  2.515145189129e+00  0.000000000000e+00 -2.514633434659e+00  8.399030478061e-03 
 5.888436553556e+04  2.498632614501e+00  2.046485143364e-01  1.000000000000e+00  0.000000000000e+00  2.520433651227e-04 -2.517786508179e-02  2.515190029051e+00  2.266050998514e-02  1.579159174980e-02 -1.876706634939e-01  2.515145189129e+00  0.000000000000e+00 -2.514666190951e+00  8.199981439339e-03 
 6.025595860744e+04  2.499382207170e+00  2.000501427683e-01  1.000000000000e+00  0.000000000000e+00  2.407006305702e-04 -2.460485786287e-02  2.515199217014e+00  2.214477469897e-02  1.508471366287e-02 -1.834512953938e-01  2.515145189129e+00  0.000000000000e+00 -2.514697562673e+00  8.005978464402e-03 
 6.165950018615e+04  2.500098482706e+00  1.955524711229e-01  1.000000000000e+00  0.000000000000e+00  2.298683076560e-04 -2.404488647880e-02  2.515207991470e+00  2.164077358248e-02  1.440931237630e-02 -1.793244893779e-01  2.515145189129e+00  0.000000000000e+00 -2.514727604479e+00  7.816873466279e-03 
 6.309573444802e+04  2.500782904215e+00  1.911534688552e-01  1.000000000000e+00  0.000000000000e+00  2.195234324631e-04 -2.349765468534e-02  2.515216371045e+00  2.114823988813e-02  1.376400071058e-02 -1.752883682784e-01  2.515145189129e+00  0.000000000000e+00 -2.514756369333e+00  7.632523578474e-03 
 6.456542290346e+04  2.501436871476e+00  1.868511344073e-01  1.000000000000e+00  0.000000000000e+00  2.096440739194e-04 -2.296287295394e-02  2.515224373899e+00  2.066691293294e-02  1.314745136187e-02 -1.713410827506e-01  2.515145189129e+00  0.000000000000e+00 -2.514783907777e+00  7.452791486027e-03 
 6.606934480076e+04  2.502061724663e+00  1.826434958493e-01  1.000000000000e+00  0.000000000000e+00  2.002092872999e-04 -2.244025832988e-02  2.515232015867e+00  2.019653792377e-02  1.255839440273e-02 -1.674808111566e-01  2.515145189129e+00  0.000000000000e+00 -2.514810269112e+00  7.277544526933e-03 
 6.760829753920e+04  2.502658746205e+00  1.785286111990e-01  1.000000000000e+00  0.000000000000e+00  1.911990699739e-04 -2.192953425038e-02  2.515239314642e+00  1.973686586280e-02  1.199561493377e-02 -1.637057604676e-01  2.515145189129e+00  0.000000000000e+00 -2.514835500867e+00  7.106655092321e-03 
 6.918309709189e+04  2.503229163587e+00  1.745045686548e-01  1.000000000000e+00  0.000000000000e+00  1.825943189431e-04 -2.143043042088e-02  2.515246284194e+00  1.928765339835e-02  1.145795077355e-02 -1.600141659146e-01  2.515145189129e+00  0.000000000000e+00 -2.514859649241e+00  6.939999920685e-03 
 7.079457843841e+04  2.503774149809e+00  1.705694869161e-01  1.000000000000e+00  0.000000000000e+00  1.743767905396e-04 -2.094268268775e-02  2.515252940822e+00  1.884866268665e-02  1.094429025579e-02 -1.564042915415e-01  2.515145189129e+00  0.000000000000e+00 -2.514882757324e+00  6.777460203389e-03 
 7.244359600750e+04  2.504294830374e+00  1.667215152702e-01  1.000000000000e+00  0.000000000000e+00  1.665290617439e-04 -2.046603288545e-02  2.515259298030e+00  1.841966129359e-02  1.045357012299e-02 -1.528744300886e-01  2.515145189129e+00  0.000000000000e+00 -2.514904869940e+00  6.618921228143e-03 
 7.413102413009e+04  2.504792278633e+00  1.629588336218e-01  1.000000000000e+00  0.000000000000e+00  1.590344931515e-04 -2.000022869470e-02  2.515265368391e+00  1.800042206014e-02  9.984773470933e-03 -1.494229029922e-01  2.515145189129e+00  0.000000000000e+00 -2.514926026892e+00  6.464272208023e-03 
 7.585775750292e+04  2.505267521832e+00  1.592796526966e-01  1.000000000000e+00  0.000000000000e+00  1.518771940709e-04 -1.954502352601e-02  2.515271165874e+00  1.759072297500e-02  9.536927815134e-03 -1.460480607348e-01  2.515145189129e+00  0.000000000000e+00 -2.514946267056e+00  6.313406310569e-03 
 7.762471166287e+04  2.505721544847e+00  1.556822138664e-01  1.000000000000e+00  0.000000000000e+00  1.450419884748e-04 -1.910017637783e-02  2.515276703052e+00  1.719034707276e-02  9.109103191804e-03 -1.427482823201e-01  2.515145189129e+00  0.000000000000e+00 -2.514965630165e+00  6.166220166667e-03 
 7.943282347243e+04  2.506155285984e+00  1.521647892951e-01  1.000000000000e+00  0.000000000000e+00  1.385143831669e-04 -1.866545172743e-02  2.515281990170e+00  1.679908231745e-02  8.700410355232e-03 -1.395219755359e-01  2.515145189129e+00  0.000000000000e+00 -2.514984150786e+00  6.022613877816e-03 
 8.128305161641e+04  2.506569646765e+00  1.487256815890e-01  1.000000000000e+00  0.000000000000e+00  1.322805368034e-04 -1.824061938169e-02  2.515287039801e+00  1.641672147525e-02  8.309999051562e-03 -1.363675766916e-01  2.515145189129e+00  0.000000000000e+00 -2.515001866345e+00  5.882490954292e-03 
 8.317637711027e+04  2.506965485401e+00  1.453632240009e-01  1.000000000000e+00  0.000000000000e+00  1.263272309302e-04 -1.782545438255e-02  2.515291861724e+00  1.604306202898e-02  7.937056347146e-03 -1.332835505600e-01  2.515145189129e+00  0.000000000000e+00 -2.515018808904e+00  5.745757958620e-03 
 8.511380382024e+04  2.507343624718e+00  1.420757799060e-01  1.000000000000e+00  0.000000000000e+00  1.206418416473e-04 -1.741973687604e-02  2.515296467114e+00  1.567790605623e-02  7.580805035104e-03 -1.302683901304e-01  2.515145189129e+00  0.000000000000e+00 -2.515035011455e+00  5.612324651097e-03 
 8.709635899561e+04  2.507704852615e+00  1.388617429475e-01  1.000000000000e+00  0.000000000000e+00  1.152123130197e-04 -1.702325200313e-02  2.515300865751e+00  1.532106013474e-02  7.240502099194e-03 -1.273206164624e-01  2.515145189129e+00  0.000000000000e+00 -2.515050506825e+00  5.482103589614e-03 
 8.912509381337e+04  2.508049919270e+00  1.357195365708e-01  1.000000000000e+00  0.000000000000e+00  1.100271315835e-04 -1.663578976877e-02  2.515305065550e+00  1.497233522787e-02  6.915437244061e-03 -1.244387783081e-01  2.515145189129e+00  0.000000000000e+00 -2.515065323384e+00  5.355010086002e-03 
 9.120108393559e+04  2.508379544131e+00  1.326476138784e-01  1.000000000000e+00  0.000000000000e+00  1.050753017608e-04 -1.625714497095e-02  2.515309076756e+00  1.463154660087e-02  6.604931488255e-03 -1.216214521119e-01  2.515145189129e+00  0.000000000000e+00 -2.515079490604e+00  5.230962280607e-03 
 9.332543007970e+04  2.508694414049e+00  1.296444574546e-01  1.000000000000e+00  0.000000000000e+00  1.003463228244e-04 -1.588711704244e-02  2.515312906820e+00  1.429851371540e-02  6.308335809081e-03 -1.188672415446e-01  2.515145189129e+00  0.000000000000e+00 -2.515093035809e+00  5.109880693005e-03 
 9.549925860214e+04  2.508995187003e+00  1.267085788422e-01  1.000000000000e+00  0.000000000000e+00  9.583016638715e-05 -1.552550998167e-02  2.515316565055e+00  1.397306012768e-02  6.025029852026e-03 -1.161747773003e-01  2.515145189129e+00  0.000000000000e+00 -2.515105986598e+00  4.991688473021e-03 
 9.772372209558e+04  2.509282489307e+00  1.238385184697e-01  1.000000000000e+00  0.000000000000e+00  9.151725534196e-05 -1.517213224179e-02  2.515320058446e+00  1.365501341388e-02  5.754420680205e-03 -1.135427167756e-01  2.515145189129e+00  0.000000000000e+00 -2.515118366769e+00  4.876311042387e-03 
 1.000000000000e+05  2.509556922596e+00  1.210328452144e-01  1.000000000000e+00  0.000000000000e+00  8.739844345484e-05 -1.482679662877e-02  2.515323394910e+00  1.334420505918e-02  5.495941586560e-03 -1.109697438078e-01  2.515145189129e+00  0.000000000000e+00 -2.515130202105e+00  4.763676167505e-03 
