 time                v(agudos)           v(entrada)          v(graves)           v(medio_alto)       v(medios)           v(pre)              v(salida)          
 0.000000000000e+00  0.000000000000e+00  0.000000000000e+00  0.000000000000e+00  0.000000000000e+00  0.000000000000e+00  0.000000000000e+00  0.000000000000e+00 
 1.000000000000e-07  1.575518884010e-03  6.283184893763e-04  2.978644320084e-07  1.579972298032e-03  3.962208412922e-06  1.580312225769e-03 -1.579772637765e-03 
 1.084010578197e-07  1.707844191515e-03  6.811038811142e-04  3.249904224067e-07  1.712703161274e-03  4.323033568454e-06  1.713075149837e-03 -1.712485365564e-03 
 1.252031734590e-07  1.972424959604e-03  7.866746587497e-04  3.834467907082e-07  1.978157867143e-03  5.100586062845e-06  1.978600983307e-03 -1.977901080853e-03 
 1.588074047376e-07  2.501167654373e-03  9.978161865412e-04  5.255850519248e-07  2.509025173822e-03  6.990944761753e-06  2.509652581239e-03 -2.508674149490e-03 
 2.260158672948e-07  3.556979804216e-03  1.420099099261e-03  9.107556561139e-07  3.570591308289e-03  1.211108440735e-05  3.571755417397e-03 -3.569987364330e-03 
 3.604327924092e-07  5.661928115842e-03  2.264664089689e-03  2.084608976993e-06  5.693049176443e-03  2.769633518795e-05  5.695958990145e-03 -5.691686293262e-03 
 6.292666426381e-07  9.845255877735e-03  3.953788622020e-03  6.045848990333e-06  9.935263427906e-03  8.014535345069e-05  9.944352431376e-03 -9.931407354547e-03 
 1.166934343096e-06  1.810670646591e-02  7.331999024871e-03  2.041832004451e-05  1.840885500496e-02  2.693523929338e-04  1.844104207430e-02 -1.839640359328e-02 
 2.242269744012e-06  3.421719204198e-02  1.408813024410e-02  7.492973767853e-05  3.531244298210e-02  9.786548837383e-04  3.543369300860e-02 -3.527063558085e-02 
 4.392940545843e-06  6.485326230904e-02  2.759815489835e-02  2.867449967994e-04  6.894326604379e-02  3.671477938042e-03  6.941336652380e-02 -6.881120999904e-02 
 8.694282149505e-06  1.202670078492e-01  5.460061991786e-02  1.119268678167e-03  1.354838484549e-01  1.378118195862e-02  1.373284865040e-01 -1.351669178183e-01 
 1.729696535683e-05  2.109951720049e-01  1.084662218912e-01  4.400270810038e-03  2.655576037942e-01  5.022816516430e-02  2.728082961694e-01 -2.656225454891e-01 
 2.729696535683e-05  2.889363595750e-01  1.706722525294e-01  1.087405936960e-02  4.113963929703e-01  1.146056422585e-01  4.292654948658e-01 -4.144144035455e-01 
 3.729696535683e-05  3.442508599255e-01  2.322047177596e-01  2.013312819327e-02  5.510561595438e-01  1.964877939608e-01  5.840285787708e-01 -5.608695386015e-01 
 4.729696535683e-05  3.825543083367e-01  2.928207770530e-01  3.208812186131e-02  6.841266341507e-01  2.905397690483e-01  7.364867686410e-01 -7.051793785288e-01 
 5.729696535683e-05  4.079454574967e-01  3.522812065165e-01  4.664003162179e-02  8.102191943908e-01  3.925288523897e-01  8.860383817810e-01 -8.471109530643e-01 
 6.729696535683e-05  4.234200904029e-01  4.103513429999e-01  6.368056775682e-02  9.289685327094e-01  4.990833635093e-01  1.032093206188e+00 -9.861800769487e-01 
 7.729696535683e-05  4.311725095613e-01  4.668020102041e-01  8.309256880602e-02  1.040034229285e+00  6.075057581766e-01  1.174074830255e+00 -1.121766349478e+00 
 8.729696535683e-05  4.328151194495e-01  5.214104231356e-01  1.047504462331e-01  1.143102221424e+00  7.156278063776e-01  1.311422917293e+00 -1.253188359307e+00 
 9.729696535683e-05  4.295383334975e-01  5.739610673367e-01  1.285206627508e-01  1.237886166666e+00  8.216984285973e-01  1.443595417193e+00 -1.379751905838e+00 
 1.072969653568e-04  4.222270013997e-01  6.242465494230e-01  1.542622421111e-01  1.324128690874e+00  9.242968697799e-01  1.570070705609e+00 -1.500780110170e+00 
 1.172969653568e-04  4.115451538237e-01  6.720684155698e-01  1.818273088138e-01  1.401602519443e+00  1.022265529842e+00  1.690349642071e+00 -1.615631529953e+00 
 1.272969653568e-04  3.979976621340e-01  7.172379347191e-01  2.110616552527e-01  1.470111486269e+00  1.114658031845e+00  1.803957541008e+00 -1.723710454390e+00 
 1.372969653568e-04  3.819750711555e-01  7.595768434150e-01  2.418053340225e-01  1.529491415713e+00  1.200699098641e+00  1.910446043476e+00 -1.824472205930e+00 
 1.472969653568e-04  3.637861713069e-01  7.989180493276e-01  2.738932736102e-01  1.579610874876e+00  1.279753575567e+00  2.009394888184e+00 -1.917425350783e+00 
 1.572969653568e-04  3.436816295143e-01  8.351062906905e-01  3.071559139644e-01  1.620371795027e+00  1.351302516647e+00  2.100413569366e+00 -2.002132051597e+00 
 1.672969653568e-04  3.218711023219e-01  8.679987490477e-01  3.414198605460e-01  1.651709957514e+00  1.414924742654e+00  2.183142877766e+00 -2.078207392692e+00 
 1.772969653568e-04  2.985355972196e-01  8.974656128934e-01  3.765085540945e-01  1.673595339991e+00  1.470282604918e+00  2.257256318699e+00 -2.145318174959e+00 
 1.872969653568e-04  2.738363639801e-01  9.233905899780e-01  4.122429519193e-01  1.686032329453e+00  1.517110995250e+00  2.322461400065e+00 -2.203181498423e+00 
 1.972969653568e-04  2.479212580656e-01  9.456713662610e-01  4.484422206297e-01  1.689059794880e+00  1.555208836682e+00  2.378500787425e+00 -2.251563309124e+00 
 2.072969653568e-04  2.209292541083e-01  9.642200096975e-01  4.849244356155e-01  1.682751019252e+00  1.584432479925e+00  2.425153318560e+00 -2.290277008541e+00 
 2.172969653568e-04  1.929936130182e-01  9.789633172660e-01  5.215072850115e-01  1.667213495588e+00  1.604690541513e+00  2.462234877748e+00 -2.319182162814e+00 
 2.272969653568e-04  1.642440597352e-01  9.898431038670e-01  5.580087758135e-01  1.642588583287e+00  1.615939834388e+00  2.489599120687e+00 -2.338183317203e+00 
 2.372969653568e-04  1.348082436016e-01  9.968164319533e-01  5.942479383666e-01  1.609051029896e+00  1.618182114093e+00  2.507138053188e+00 -2.347228907145e+00 
 2.472969653568e-04  1.048126703681e-01  9.998557809848e-01  6.300455273595e-01  1.566808358999e+00  1.611461431952e+00  2.514782457380e+00 -2.346310244439e+00 
 2.572969653568e-04  7.438324794930e-02  9.989491560395e-01  6.652247176971e-01  1.516100122361e+00  1.595861925976e+00  2.512502163998e+00 -2.335460549781e+00 
 2.672969653568e-04  4.364555250504e-02  9.941001351517e-01  6.996117874514e-01  1.457197030773e+00  1.571505925152e+00  2.500306172413e+00 -2.314754006093e+00 
 2.772969653568e-04  1.272488744144e-02  9.853278551916e-01  7.330367927207e-01  1.390399950556e+00  1.538552267477e+00  2.478242614656e+00 -2.284304810420e+00 
 2.872969653568e-04 -1.825380675291e-02  9.726669363406e-01  7.653342264239e-01  1.316038787831e+00  1.497194757452e+00  2.446398565429e+00 -2.244266200058e+00 
 2.972969653568e-04 -4.916615048569e-02  9.561673454611e-01  7.963436577702e-01  1.234471250791e+00  1.447660704842e+00  2.404899699031e+00 -2.194829432809e+00 
 3.072969653568e-04 -7.988860283513e-02  9.358941989003e-01  8.259103550809e-01  1.146081499057e+00  1.390209500445e+00  2.353909791796e+00 -2.136222707800e+00 
 3.172969653568e-04 -1.102987902705e-01  9.119275055059e-01  8.538858850952e-01  1.051278692670e+00  1.325131198857e+00  2.293630078319e+00 -2.068710018842e+00 
 3.272969653568e-04 -1.402758783079e-01  8.843618508673e-01  8.801286866656e-01  9.504954341101e-01  1.252745078178e+00  2.224298454705e+00 -1.992589916176e+00 
 3.372969653568e-04 -1.697009638592e-01  8.533060240298e-01  9.045046184910e-01  8.441861202009e-01  1.173398168059e+00  2.146188541199e+00 -1.908194189914e+00 
 3.472969653568e-04 -1.984574843955e-01  8.188825881539e-01  9.268874782138e-01  7.328252042644e-01  1.087463723263e+00  2.059608602081e+00 -1.815886453535e+00 
 3.572969653568e-04 -2.264316342771e-01  7.812273968145e-01  9.471594893839e-01  6.169053779449e-01  9.953396451892e-01  1.964900328661e+00 -1.716060636054e+00 
 3.672969653568e-04 -2.535127812880e-01  7.404890578486e-01  9.652117559453e-01  4.969356790534e-01  8.974468400702e-01  1.862437491422e+00 -1.609139378170e+00 
 3.772969653568e-04 -2.795938805211e-01  6.968283468687e-01  9.809446816798e-01  3.734395338688e-01  7.942275122041e-01  1.752624464221e+00 -1.495572331073e+00 
 3.872969653568e-04 -3.045718789217e-01  6.504175727543e-01  9.942683528643e-01  2.469527407375e-01  6.861433975864e-01  1.635894629057e+00 -1.375834368192e+00 
 3.972969653568e-04 -3.283481108374e-01  6.014398976278e-01  1.005102884024e+00  1.180214028718e-01  5.736739336280e-01  1.512708665105e+00 -1.250423705120e+00 
 4.072969653568e-04 -3.508286772412e-01  5.500886139971e-01  1.013378723059e+00 -1.280017995487e-02  4.573143727030e-01  1.383552731131e+00 -1.119859939081e+00 
 4.172969653568e-04 -3.719248102861e-01  4.965663819185e-01  1.019036915852e+00 -1.449516544526e-01  3.375738415634e-01  1.248936546617e+00 -9.846820084010e-01 
 4.272969653568e-04 -3.915532185929e-01  4.410844291901e-01  1.022029330255e+00 -2.778687817627e-01  2.149733526458e-01  1.109391380101e+00 -8.454460825240e-01 
 4.372969653568e-04 -4.096364126308e-01  3.838617177320e-01  1.022318836069e+00 -4.109856219147e-01  9.004377410747e-02  9.654679526575e-01 -7.027233866519e-01 
 4.472969653568e-04 -4.261030079797e-01  3.251240794437e-01  1.019879443804e+00 -5.437367265113e-01 -3.667623639922e-02  8.177342643030e-01 -5.570979710330e-01 
 4.572969653568e-04 -4.408880052506e-01  2.651033249489e-01  1.014696397120e+00 -6.755593308480e-01 -1.646423256025e-01  6.667733523645e-01 -4.091644296093e-01 
 4.672969653568e-04 -4.539330450352e-01  2.040363287448e-01  1.006766222999e+00 -8.058955369052e-01 -2.933065596735e-01  5.131809906452e-01 -2.595255801884e-01 
 4.772969653568e-04 -4.651866374770e-01  1.421640943664e-01  9.960967374500e-01 -9.341944766929e-01 -4.221195523860e-01  3.575633380387e-01 -1.087901124265e-01 
 4.872969653568e-04 -4.746043646592e-01  7.973080325613e-02  9.827070049942e-01 -1.059914451558e+00 -5.505325983977e-01  2.005345462239e-01  4.242978834356e-02 
 4.972969653568e-04 -4.821490552858e-01  1.698285109097e-02  9.666272567119e-01 -1.182525034528e+00 -6.779998036800e-01  4.271433621761e-02  1.935208281706e-01 
 5.072969653568e-04 -4.877909311908e-01 -4.583212462872e-02  9.478987617185e-01 -1.301509130048e+00 -8.039802052081e-01 -1.152744477658e-01  3.438709991964e-01 
 5.172969653568e-04 -4.915077245096e-01 -1.084662218912e-01  9.265736573143e-01 -1.416364981793e+00 -9.279398713261e-01 -2.728082961839e-01  4.928719670335e-01 
 5.272969653568e-04 -4.932847652817e-01 -1.706722525294e-01  9.027147346642e-01 -1.526608120417e+00 -1.049353975337e+00 -4.292654948658e-01  6.399214462687e-01 
 5.372969653568e-04 -4.931150393095e-01 -2.322047177596e-01  8.763951841975e-01 -1.631773246452e+00 -1.167708831839e+00 -5.840285787708e-01  7.844255492491e-01 
 5.472969653568e-04 -4.909992156317e-01 -2.928207770530e-01  8.476982985158e-01 -1.731416035211e+00 -1.282503893366e+00 -7.364867686993e-01  9.258011072776e-01 
 5.572969653568e-04 -4.869456437882e-01 -3.522812065165e-01  8.167171372334e-01 -1.825114861829e+00 -1.393253693357e+00 -8.860383817810e-01  1.063477946000e+00 
 5.672969653568e-04 -4.809703211067e-01 -4.103513429999e-01  7.835541516542e-01 -1.912472438300e+00 -1.499489728827e+00 -1.032093206130e+00  1.196901110675e+00 
 5.772969653568e-04 -4.730968291406e-01 -4.668020102041e-01  7.483207740588e-01 -1.993117352016e+00 -1.600762282033e+00 -1.174074830255e+00  1.325533034982e+00 
 5.872969653568e-04 -4.633562406525e-01 -5.214104231356e-01  7.111369704362e-01 -2.066705507692e+00 -1.696642163210e+00 -1.311422917293e+00  1.448855638003e+00 
 5.972969653568e-04 -4.517869972624e-01 -5.739610673367e-01  6.721307610860e-01 -2.132921457756e+00 -1.786722377874e+00 -1.443595417310e+00  1.566372348561e+00 
 6.072969653568e-04 -4.384347572341e-01 -6.242465494230e-01  6.314377079252e-01 -2.191479623783e+00 -1.870619702619e+00 -1.570070705609e+00  1.677610041487e+00 
 6.172969653568e-04 -4.233522156137e-01 -6.720684155698e-01  5.892003731569e-01 -2.242125399876e+00 -1.947976172436e+00 -1.690349642071e+00  1.782120886409e+00 
 6.272969653568e-04 -4.065988968359e-01 -7.172379347191e-01  5.455677508144e-01 -2.284636133350e+00 -2.018460466294e+00 -1.803957541124e+00  1.879484094379e+00 
 6.372969653568e-04 -3.882409175858e-01 -7.595768434150e-01  5.006946712383e-01 -2.318821981549e+00 -2.081769189565e+00 -1.910446043476e+00  1.969307558682e+00 
 6.472969653568e-04 -3.683507291717e-01 -7.989180493276e-01  4.547411853564e-01 -2.344526638277e+00 -2.137628044933e+00 -2.009394888300e+00  2.051229383831e+00 
 6.572969653568e-04 -3.470068286988e-01 -8.351062906905e-01  4.078719257377e-01 -2.361627930775e+00 -2.185792894568e+00 -2.100413569482e+00  2.124919297852e+00 
 6.672969653568e-04 -3.242934506852e-01 -8.679987490477e-01  3.602554517565e-01 -2.370038282126e+00 -2.226050694473e+00 -2.183142877766e+00  2.190079933082e+00 
 6.772969653568e-04 -3.003002347541e-01 -8.974656128934e-01  3.120635778178e-01 -2.369705033954e+00 -2.258220319171e+00 -2.257256318582e+00  2.246447990315e+00 
 6.872969653568e-04 -2.751218711492e-01 -9.233905899780e-01  2.634706902318e-01 -2.360610638279e+00 -2.282153250650e+00 -2.322461400065e+00  2.293795256386e+00 
 6.972969653568e-04 -2.488577271870e-01 -9.456713662610e-01  2.146530528262e-01 -2.342772705480e+00 -2.297734143678e+00 -2.378500787425e+00  2.331929490321e+00 
 7.072969653568e-04 -2.216114553157e-01 -9.642200096975e-01  1.657881063002e-01 -2.316243920941e+00 -2.304881260730e+00 -2.425153318676e+00  2.360695166965e+00 
 7.172969653568e-04 -1.934905843518e-01 -9.789633172660e-01  1.170537621510e-01 -2.281111812685e+00 -2.303546775598e+00 -2.462234877748e+00  2.379974077903e+00 
 7.272969653568e-04 -1.646060943895e-01 -9.898431038670e-01  6.862769534928e-02 -2.237498396542e+00 -2.293716941029e+00 -2.489599120570e+00  2.389685781326e+00 
 7.372969653568e-04 -1.350719796319e-01 -9.968164319533e-01  2.068663801765e-02 -2.185559674166e+00 -2.275412124582e+00 -2.507138053305e+00  2.389787907044e+00 
 7.472969653568e-04 -1.050047972822e-01 -9.998557809848e-01 -2.659432329165e-02 -2.125485000666e+00 -2.248686714098e+00 -2.514782457380e+00  2.380276313566e+00 
 7.572969653568e-04 -7.452320899756e-02 -9.989491560395e-01 -7.304244350235e-02 -2.057496323716e+00 -2.213628876489e+00 -2.512502163998e+00  2.361185084248e+00 
 7.672969653568e-04 -4.374751163414e-02 -9.941001351517e-01 -1.184880057554e-01 -1.981847292511e+00 -2.170360203367e+00 -2.500306172413e+00  2.332586390411e+00 
 7.772969653568e-04 -1.279916295061e-02 -9.853278551916e-01 -1.627649959410e-01 -1.898822242860e+00 -2.119035204407e+00 -2.478242614772e+00  2.294590184938e+00 
 7.872969653568e-04  1.819969846110e-02 -9.726669363406e-01 -2.057117627701e-01 -1.808735058410e+00 -2.059840691276e+00 -2.446398565429e+00  2.247343766210e+00 
 7.972969653568e-04  4.912673355284e-02 -9.561673454611e-01 -2.471716602449e-01 -1.711927921278e+00 -1.992995017208e+00 -2.404899699031e+00  2.191031179776e+00 
 8.072969653568e-04  7.985988821019e-02 -9.358941989003e-01 -2.869936704519e-01 -1.608769946033e+00 -1.918747203425e+00 -2.353909791913e+00  2.125872482176e+00 
 8.172969653568e-04  1.102778722561e-01 -9.119275055059e-01 -3.250330040464e-01 -1.499655711930e+00 -1.837375942385e+00 -2.293630078319e+00  2.052122865684e+00 
 8.272969653568e-04  1.402606400079e-01 -8.843618508673e-01 -3.611516763340e-01 -1.385003693169e+00 -1.749188481597e+00 -2.224298454588e+00  1.970071637637e+00 
 8.372969653568e-04  1.696898629598e-01 -8.533060240298e-01 -3.952190556447e-01 -1.265254593920e+00 -1.654519399395e+00 -2.146188541199e+00  1.880041071916e+00 
 8.472969653568e-04  1.984493975469e-01 -8.188825881539e-01 -4.271123834187e-01 -1.140869599301e+00 -1.553729269886e+00 -2.059608602081e+00  1.782385126218e+00 
 8.572969653568e-04  2.264257431962e-01 -7.812273968145e-01 -4.567172628595e-01 -1.012328541838e+00 -1.447203227784e+00 -1.964900328661e+00  1.677488037496e+00 
 8.672969653568e-04  2.535084896954e-01 -7.404890578486e-01 -4.839281144086e-01 -8.801279995823e-01 -1.335349435918e+00 -1.862437491422e+00  1.565762797580e+00 
 8.772969653568e-04  2.795907541295e-01 -6.968283468687e-01 -5.086485963548e-01 -7.447793236934e-01 -1.218597461237e+00 -1.752624464221e+00  1.447649512864e+00 
 8.872969653568e-04  3.045696015470e-01 -6.504175727543e-01 -5.307919891784e-01 -6.068066105945e-01 -1.097396570258e+00 -1.635894628940e+00  1.323613663435e+00 
 8.972969653568e-04  3.283464517444e-01 -6.014398976278e-01 -5.502815411892e-01 -4.667446241947e-01 -9.722139413934e-01 -1.512708665105e+00  1.194144254261e+00 
 9.072969653568e-04  3.508274687338e-01 -5.500886139971e-01 -5.670507758623e-01 -3.251366749173e-01 -8.435328126652e-01 -1.383552731015e+00  1.059751880786e+00 
 9.172969653568e-04  3.719239298371e-01 -4.965663819185e-01 -5.810437577311e-01 -1.825324676174e-01 -7.118505636463e-01 -1.248936546559e+00  9.209667076735e-01 
 9.272969653568e-04  3.915525771445e-01 -4.410844291901e-01 -5.922153159045e-01 -3.948592118104e-02 -5.776767405914e-01 -1.109391380101e+00  7.783363660060e-01 
 9.372969653568e-04  4.096359453979e-01 -3.838617177320e-01 -6.005312273046e-01  1.034470248560e-01 -4.415310375043e-01 -9.654679525993e-01  6.324237897159e-01 
 9.472969653568e-04  4.261026675231e-01 -3.251240794437e-01 -6.059683542699e-01  2.457106130605e-01 -3.039412340731e-01 -8.177342643030e-01  4.838049856000e-01 
 9.572969653568e-04  4.408877572278e-01 -2.651033249489e-01 -6.085147395497e-01  3.867514703306e-01 -1.654411039490e-01 -6.667733523645e-01  3.330667540039e-01 
 9.672969653568e-04  4.539328644169e-01 -2.040363287448e-01 -6.081696572946e-01  5.260207991814e-01 -2.656829894840e-02 -5.131809906452e-01  1.808043686087e-01 
 9.772969653568e-04  4.651865058695e-01 -1.421640943664e-01 -6.049436181784e-01  6.629765509861e-01  1.121377817472e-01 -3.575633380387e-01  2.761922008484e-02 
 9.872969653568e-04  4.746042687912e-01 -7.973080325613e-02 -5.988583324943e-01  7.970855741296e-01  2.501381287002e-01 -2.005345462385e-01 -1.258835614628e-01 
 9.972969653568e-04  4.821489854367e-01 -1.698285109096e-02 -5.899466266856e-01  9.278257234255e-01  3.868962579872e-01 -4.271433621761e-02 -2.790975003483e-01 
 1.007296965357e-03  4.877908802591e-01  4.583212462873e-02 -5.782523171511e-01  1.054687929573e+00  5.218803363387e-01  1.152744477658e-01 -4.314171737780e-01 
 1.017296965357e-03  4.915076874895e-01  1.084662218912e-01 -5.638300407445e-01  1.177178213140e+00  6.545652877539e-01  2.728082961694e-01 -5.822406055365e-01 
 1.027296965357e-03  4.932847383316e-01  1.706722525294e-01 -5.467450419674e-01  1.294819643721e+00  7.844348733779e-01  4.292654948949e-01 -7.309716458555e-01 
 1.037296965357e-03  4.931150196935e-01  2.322047177596e-01 -5.270729179028e-01  1.407154224580e+00  9.109837362776e-01  5.840285787708e-01 -8.770223299789e-01 
 1.047296965357e-03  4.909992012545e-01  2.928207770530e-01 -5.048993240343e-01  1.513744709780e+00  1.033719402971e+00  7.364867686993e-01 -1.019815200930e+00 
 1.057296965357e-03  4.869456334272e-01  3.522812065165e-01 -4.803196374560e-01  1.614176333416e+00  1.152164233383e+00  8.860383817810e-01 -1.158785594212e+00 
 1.067296965357e-03  4.809703134815e-01  4.103513429999e-01 -4.534385846346e-01  1.708058454562e+00  1.265857313061e+00  1.032093206188e+00 -1.293383868373e+00 
 1.077296965357e-03  4.730968236108e-01  4.668020102041e-01 -4.243698299979e-01  1.795026102103e+00  1.374356278451e+00  1.174074830255e+00 -1.423077579754e+00 
 1.087296965357e-03  4.633562365198e-01  5.214104231356e-01 -3.932355305878e-01  1.874741422478e+00  1.477239069296e+00  1.311422917235e+00 -1.547353585814e+00 
 1.097296965357e-03  4.517869942938e-01  5.739610673367e-01 -3.601658560801e-01  1.946895018453e+00  1.574105599429e+00  1.443595417193e+00 -1.665720074763e+00 
 1.107296965357e-03  4.384347551386e-01  6.242465494230e-01 -3.252984780702e-01  2.011207173113e+00  1.664579342585e+00  1.570070705609e+00 -1.777708508819e+00 
 1.117296965357e-03  4.233522142167e-01  6.720684155698e-01 -2.887780290330e-01  2.067428960465e+00  1.748308823677e+00  1.690349642187e+00 -1.882875477359e+00 
 1.127296965357e-03  4.065988955554e-01  7.172379347192e-01 -2.507555343909e-01  2.115343234036e+00  1.824969011592e+00  1.803957541008e+00 -1.980804449538e+00 
 1.137296965357e-03  3.882409167709e-01  7.595768434150e-01 -2.113878184464e-01  2.154765484389e+00  1.894262606278e+00  1.910446043476e+00 -2.071107420173e+00 
 1.147296965357e-03  3.683507285314e-01  7.989180493276e-01 -1.708368881664e-01  2.185544576496e+00  1.955921219196e+00  2.009394888300e+00 -2.153426445855e+00 
 1.157296965357e-03  3.470068280585e-01  8.351062906905e-01 -1.292692961579e-01  2.207563347649e+00  2.009706436191e+00  2.100413569366e+00 -2.227435058351e+00 
 1.167296965357e-03  3.242934504524e-01  8.679987490477e-01 -8.685548559879e-02  2.220739074051e+00  2.055410762783e+00  2.183142877882e+00 -2.292839556279e+00 
 1.177296965357e-03  3.003002345213e-01  8.974656128934e-01 -4.376911990403e-02  2.225023802835e+00  2.092858449556e+00  2.257256318582e+00 -2.349380166653e+00 
 1.187296965357e-03  2.751218710328e-01  9.233905899780e-01 -1.863995495626e-04  2.220404545311e+00  2.121906187851e+00  2.322461400065e+00 -2.396832072006e+00 
 1.197296965357e-03  2.488577270706e-01  9.456713662610e-01  4.371463108691e-02  2.206903331447e+00  2.142443682998e+00  2.378500787425e+00 -2.435006301131e+00 
 1.207296965357e-03  2.216114552284e-01  9.642200096975e-01  8.775478425378e-02  2.184577124659e+00  2.154394089710e+00  2.425153318676e+00 -2.463750474190e+00 
 1.217296965357e-03  1.934905843227e-01  9.789633172660e-01  1.317544339108e-01  2.153517606203e+00  2.157714325003e+00  2.462234877748e+00 -2.482949411439e+00 
 1.227296965357e-03  1.646060944477e-01  9.898431038670e-01  1.755342225661e-01  2.113850809634e+00  2.152395235375e+00  2.489599120687e+00 -2.492525582286e+00 
 1.237296965357e-03  1.350719795737e-01  9.968164319533e-01  2.189157669491e-01  2.065736633260e+00  2.138461643364e+00  2.507138053305e+00 -2.492439420129e+00 
 1.247296965357e-03  1.050047972240e-01  9.998557809848e-01  2.617223603011e-01  2.009368209168e+00  2.115972249769e+00  2.514782457380e+00 -2.482689476536e+00 
 1.257296965357e-03  7.452320895391e-02  9.989491560395e-01  3.037796674762e-01  1.944971143268e+00  2.085019406164e+00  2.512502163998e+00 -2.463312429344e+00 
 1.267296965357e-03  4.374751161959e-02  9.941001351517e-01  3.449164113263e-01  1.872802631464e+00  2.045728754019e+00  2.500306172413e+00 -2.434382939433e+00 
 1.277296965357e-03  1.279916283238e-02  9.853278551916e-01  3.849650466000e-01  1.793150444515e+00  1.998258733656e+00  2.478242614656e+00 -2.396013359035e+00 
 1.287296965357e-03 -1.819969835196e-02  9.726669363406e-01  4.237624194357e-01  1.706331797177e+00  1.942799959797e+00  2.446398565546e+00 -2.348353287468e+00 
 1.297296965357e-03 -4.912673357467e-02  9.561673454611e-01  4.611504091881e-01  1.612692097435e+00  1.879574474879e+00  2.404899699031e+00 -2.291588984136e+00 
 1.307296965357e-03 -7.985988821019e-02  9.358941989003e-01  4.969765510759e-01  1.512603587937e+00  1.808834874770e+00  2.353909791913e+00 -2.225942633865e+00 
 1.317296965357e-03 -1.102778722852e-01  9.119275055059e-01  5.310946358368e-01  1.406463877764e+00  1.730863313889e+00  2.293630078319e+00 -2.151671470755e+00 
 1.327296965357e-03 -1.402606399206e-01  8.843618508673e-01  5.633652851684e-01  1.294694378041e+00  1.645970397862e+00  2.224298454705e+00 -2.069066766842e+00 
 1.337296965357e-03 -1.696898629889e-01  8.533060240298e-01  5.936564998701e-01  1.177738638362e+00  1.554493956501e+00  2.146188541199e+00 -1.978452679571e+00 
 1.347296965357e-03 -1.984493976925e-01  8.188825881539e-01  6.218441796955e-01  1.056060601491e+00  1.456797716208e+00  2.059608601965e+00 -1.880184977471e+00 
 1.357296965357e-03 -2.264257431380e-01  7.812273968145e-01  6.478126110742e-01  9.301427734317e-01  1.353269866435e+00  1.964900328661e+00 -1.774649635773e+00 
 1.367296965357e-03 -2.535084895499e-01  7.404890578486e-01  6.714549219469e-01  8.004843211966e-01  1.244321529288e+00  1.862437491538e+00 -1.662261312640e+00 
 1.377296965357e-03 -2.795907541295e-01  6.968283468687e-01  6.926735028392e-01  6.675991056254e-01  1.130385141354e+00  1.752624464221e+00 -1.543461716217e+00 
 1.387296965357e-03 -3.045696014306e-01  6.504175727543e-01  7.113803894026e-01  5.320136557566e-01  1.011912747286e+00  1.635894629057e+00 -1.418717860387e+00 
 1.397296965357e-03 -3.283464518026e-01  6.014398976278e-01  7.274976089830e-01  3.942650920362e-01  8.893742206274e-01  1.512708665105e+00 -1.288520223727e+00 
 1.407296965357e-03 -3.508274687338e-01  5.500886139971e-01  7.409574867925e-01  2.548990089563e-01  7.632554094307e-01  1.383552731015e+00 -1.153380813966e+00 
 1.417296965357e-03 -3.719239298371e-01  4.965663819185e-01  7.517029109877e-01  1.144673244999e-01  6.340562225087e-01  1.248936546559e+00 -1.013831148335e+00 
 1.427296965357e-03 -3.915525772027e-01  4.410844291901e-01  7.596875568852e-01 -2.647389741105e-02  5.022886581137e-01  1.109391380043e+00 -8.704201561156e-01 
 1.437296965357e-03 -4.096359453397e-01  3.838617177320e-01  7.648760686861e-01 -1.673666386632e-01  3.684747855878e-01  9.654679525993e-01 -7.237120140861e-01 
 1.447296965357e-03 -4.261026675813e-01  3.251240794437e-01  7.672441976611e-01 -3.076531277038e-01  2.331446868193e-01  8.177342643030e-01 -5.742839197634e-01 
 1.457296965357e-03 -4.408877572278e-01  2.651033249489e-01  7.667788960971e-01 -4.467780396808e-01  9.683436641353e-02  6.667733523645e-01 -4.227238143876e-01 
 1.467296965357e-03 -4.539328644169e-01  2.040363287447e-01  7.634783673566e-01 -5.841906851856e-01 -3.991636197316e-02  5.131809906452e-01 -2.696280624543e-01 
 1.477296965357e-03 -4.651865058695e-01  1.421640943664e-01  7.573520721635e-01 -7.193471830105e-01 -1.765660040255e-01  3.575633380096e-01 -1.155990998721e-01 
 1.487296965357e-03 -4.746042687912e-01  7.973080325612e-02  7.484206901863e-01 -8.517126047518e-01 -3.125735201756e-01  2.005345462385e-01  3.875694375270e-02 
 1.497296965357e-03 -4.821489854367e-01  1.698285109096e-02  7.367160365684e-01 -9.807630840223e-01 -4.474004589138e-01  4.271433621761e-02  1.928326364515e-01 
 1.507296965357e-03 -4.877908802591e-01 -4.583212462873e-02  7.222809350351e-01 -1.105987883406e+00 -5.805130803492e-01 -1.152744477586e-01  3.460216414867e-01 
 1.517296965357e-03 -4.915076874313e-01 -1.084662218912e-01  7.051690486260e-01 -1.226891407045e+00 -7.113844609121e-01 -2.728082961839e-01  4.977211088330e-01 
 1.527296965357e-03 -4.932847383316e-01 -1.706722525294e-01  6.854446658399e-01 -1.342995157698e+00 -8.394965713378e-01 -4.292654948949e-01  6.473340544933e-01 
 1.537296965357e-03 -4.931150196353e-01 -2.322047177596e-01  6.631824462675e-01 -1.453839620342e+00 -9.643423196394e-01 -5.840285787708e-01  7.942717159204e-01 
 1.547296965357e-03 -4.909992013127e-01 -2.928207770530e-01  6.384671244305e-01 -1.558986078482e+00 -1.085427550599e+00 -7.364867686993e-01  9.379558756577e-01 
 1.557296965357e-03 -4.869456333690e-01 -3.522812065165e-01  6.113931746222e-01 -1.658018340589e+00 -1.202272995142e+00 -8.860383817810e-01  1.077821142605e+00 
 1.567296965357e-03 -4.809703134815e-01 -4.103513429999e-01  5.820644365158e-01 -1.750544383191e+00 -1.314416159410e+00 -1.032093206188e+00  1.213317183107e+00 
 1.577296965357e-03 -4.730968236108e-01 -4.668020102041e-01  5.505937052658e-01 -1.836197897326e+00 -1.421413150150e+00 -1.174074830255e+00  1.343910892852e+00 
 1.587296965357e-03 -4.633562365198e-01 -5.214104231356e-01  5.171022840077e-01 -1.914639732335e+00 -1.522840423742e+00 -1.311422917235e+00  1.469088499900e+00 
 1.597296965357e-03 -4.517869942356e-01 -5.739610673367e-01  4.817195048672e-01 -1.985559232300e+00 -1.618296457222e+00 -1.443595417193e+00  1.588357593160e+00 
 1.607296965357e-03 -4.384347550222e-01 -6.242465494230e-01  4.445822173730e-01 -2.048675463069e+00 -1.707403331762e+00 -1.570070705493e+00  1.701249064415e+00 
 1.617296965357e-03 -4.233522141003e-01 -6.720684155698e-01  4.058342475910e-01 -2.103738318197e+00 -1.789808223024e+00 -1.690349642071e+00  1.807318960258e+00 
 1.627296965357e-03 -4.065988957300e-01 -7.172379347192e-01  3.656258292031e-01 -2.150529506151e+00 -1.865184792085e+00 -1.803957541124e+00  1.906150234011e+00 
 1.637296965357e-03 -3.882409167127e-01 -7.595768434151e-01  3.241130096721e-01 -2.188863409217e+00 -1.933234471595e+00 -1.910446043476e+00  1.997354389218e+00 
 1.647296965357e-03 -3.683507285314e-01 -7.989180493276e-01  2.814570338232e-01 -2.218587817159e+00 -1.993687644601e+00 -2.009394888300e+00  2.080573017017e+00 
 1.657296965357e-03 -3.470068281167e-01 -8.351062906905e-01  2.378237061203e-01 -2.239584526978e+00 -2.046304707183e+00 -2.100413569366e+00  2.155479207262e+00 
 1.667296965357e-03 -3.242934503942e-01 -8.679987490477e-01  1.933827357134e-01 -2.251769805327e+00 -2.090877012117e+00 -2.183142877766e+00  2.221778839682e+00 
 1.677296965357e-03 -3.003002345795e-01 -8.974656128934e-01  1.483070656250e-01 -2.255094722379e+00 -2.127227691934e+00 -2.257256318582e+00  2.279211744041e+00 
 1.687296965357e-03 -2.751218710328e-01 -9.233905899780e-01  1.027721894206e-01 -2.249545340426e+00 -2.155212353915e+00 -2.322461400065e+00  2.327552725316e+00 
 1.697296965357e-03 -2.488577269833e-01 -9.456713662610e-01  5.695545776689e-02 -2.235142772086e+00 -2.174719654955e+00 -2.378500787308e+00  2.366612457722e+00 
 1.707296965357e-03 -2.216114551702e-01 -9.642200096975e-01  1.103537763447e-02 -2.211943090428e+00 -2.185671733227e+00 -2.425153318560e+00  2.396238225809e+00 
 1.717296965357e-03 -1.934905843518e-01 -9.789633172660e-01 -3.480909297650e-02 -2.180037114304e+00 -2.188024518546e+00 -2.462234877748e+00  2.416314530616e+00 
 1.727296965357e-03 -1.646060943895e-01 -9.898431038670e-01 -8.039925209596e-02 -2.139550042804e+00 -2.181767903734e+00 -2.489599120570e+00  2.426763543165e+00 
 1.737296965357e-03 -1.350719796319e-01 -9.968164319533e-01 -1.255573598901e-01 -2.090640962590e+00 -2.166925785132e+00 -2.507138053305e+00  2.427545414472e+00 
 1.747296965357e-03 -1.050047972676e-01 -9.998557809848e-01 -1.701073408476e-01 -2.033502221573e+00 -2.143555966672e+00 -2.514782457380e+00  2.418658430153e+00 
 1.757296965357e-03 -7.452320899756e-02 -9.989491560395e-01 -2.138754794432e-01 -1.968358666403e+00 -2.111749930307e+00 -2.512502163998e+00  2.400139018192e+00 
 1.767296965357e-03 -4.374751163414e-02 -9.941001351517e-01 -2.566911063623e-01 -1.895466754679e+00 -2.071632475825e+00 -2.500306172413e+00  2.372061605575e+00 
 1.777296965357e-03 -1.279916284875e-02 -9.853278551916e-01 -2.983872730401e-01 -1.815113543300e+00 -2.023361226544e+00 -2.478242614656e+00  2.334538324279e+00 
 1.787296965357e-03  1.819969833741e-02 -9.726669363406e-01 -3.388014109805e-01 -1.727615554584e+00 -1.967126007192e+00 -2.446398565546e+00  2.287718568961e+00 
 1.797296965357e-03  4.912673356739e-02 -9.561673454611e-01 -3.777759741643e-01 -1.633317526663e+00 -1.903148092795e+00 -2.404899699031e+00  2.231788406238e+00 
 1.807296965357e-03  7.985988822475e-02 -9.358941989003e-01 -4.151590616675e-01 -1.532591051189e+00 -1.831679336261e+00 -2.353909791913e+00  2.166969841824e+00 
 1.817296965357e-03  1.102778722561e-01 -9.119275055059e-01 -4.508050172590e-01 -1.425833108602e+00 -1.753001173027e+00 -2.293630078319e+00  2.093519943950e+00 
 1.827296965357e-03  1.402606399788e-01 -8.843618508673e-01 -4.845750058885e-01 -1.313464498613e+00 -1.667423510225e+00 -2.224298454588e+00  2.011729829216e+00 
 1.837296965357e-03  1.696898629307e-01 -8.533060240298e-01 -5.163375610719e-01 -1.195928179892e+00 -1.575283502229e+00 -2.146188541199e+00  1.921923512676e+00 
 1.847296965357e-03  1.984493975469e-01 -8.188825881539e-01 -5.459691054421e-01 -1.073687521974e+00 -1.476944220020e+00 -2.059608602081e+00  1.824456630088e+00 
 1.857296965357e-03  2.264257431962e-01 -7.812273968145e-01 -5.733544381801e-01 -9.472244750941e-01 -1.372793218121e+00 -1.964900328661e+00  1.719715034245e+00 
 1.867296965357e-03  2.535084896954e-01 -7.404890578486e-01 -5.983871910721e-01 -8.170376683120e-01 -1.263241003733e+00 -1.862437491422e+00  1.608113272657e+00 
 1.877296965357e-03  2.795907541295e-01 -6.968283468687e-01 -6.209702487104e-01 -6.836404409260e-01 -1.148719416931e+00 -1.752624464221e+00  1.490092951140e+00 
 1.887296965357e-03  3.045696014306e-01 -6.504175727543e-01 -6.410161316162e-01 -5.475588162662e-01 -1.029679925297e+00 -1.635894629057e+00  1.366120990999e+00 
 1.897296965357e-03  3.283464517444e-01 -6.014398976278e-01 -6.584473430412e-01 -4.093294245540e-01 -9.065918414854e-01 -1.512708665105e+00  1.236687786031e+00 
 1.907296965357e-03  3.508274687338e-01 -5.500886139971e-01 -6.731966749066e-01 -2.694973862963e-01 -7.799404716352e-01 -1.383552731015e+00  1.102305268587e+00 
 1.917296965357e-03  3.719239297789e-01 -4.965663819185e-01 -6.852074736962e-01 -1.286141590972e-01 -6.502251985949e-01 -1.248936546559e+00  9.635048884926e-01 
 1.927296965357e-03  3.915525771445e-01 -4.410844291901e-01 -6.944338643225e-01  1.276463883733e-02 -5.179575113580e-01 -1.109391380101e+00  8.208355151939e-01 
 1.937296965357e-03  4.096359453397e-01 -3.838617177319e-01 -7.008409327827e-01  1.540814214677e-01 -3.836589850835e-01 -9.654679526575e-01  6.748612730814e-01 
 1.947296965357e-03  4.261026676395e-01 -3.251240794437e-01 -7.044048624812e-01  2.947788359597e-01 -2.478592235129e-01 -8.177342643030e-01  5.261593137173e-01 
 1.957296965357e-03  4.408877573442e-01 -2.651033249489e-01 -7.051130312029e-01  4.343019629596e-01 -1.110937674093e-01 -6.667733523645e-01  3.753175399979e-01 
 1.967296965357e-03  4.539328644169e-01 -2.040363287447e-01 -7.029640591936e-01  5.721005062805e-01  2.609801884319e-02 -5.131809906452e-01  2.229322842044e-01 
 1.977296965357e-03  4.651865058695e-01 -1.421640943664e-01 -6.979678164935e-01  7.076309656259e-01  1.631750763918e-01 -3.575633380387e-01  6.960595580837e-02 
 1.987296965357e-03  4.746042687912e-01 -7.973080325611e-02 -6.901453841710e-01  8.403587820940e-01  2.995967876050e-01 -2.005345462239e-01 -8.405533600373e-02 
 1.997296965357e-03  4.821489854949e-01 -1.698285109095e-02 -6.795289714355e-01  9.697604466928e-01  4.348251099582e-01 -4.271433621761e-02 -2.374441742408e-01 
 2.007296965357e-03  4.877908803173e-01  4.583212462874e-02 -6.661617890932e-01  1.095325568691e+00  5.683266997803e-01  1.152744477658e-01 -3.899542311875e-01 
 2.017296965357e-03  4.915076874313e-01  1.084662218912e-01 -6.500978791155e-01  1.216558888787e+00  6.995750176720e-01  2.728082961839e-01 -5.409826620572e-01 
 2.027296965357e-03  4.932847383316e-01  1.706722525294e-01 -6.314019029960e-01  1.332982234890e+00  8.280524061993e-01  4.292654949240e-01 -6.899324818049e-01 
 2.037296965357e-03  4.931150195771e-01  2.322047177596e-01 -6.101488852873e-01  1.444136407459e+00  9.532521341462e-01  5.840285787708e-01 -8.362149235762e-01 
 2.047296965357e-03  4.909992012545e-01  2.928207770530e-01 -5.864239194198e-01  1.549582995707e+00  1.074680395890e+00  7.364867686993e-01 -9.792517607177e-01 
 2.057296965357e-03  4.869456333690e-01  3.522812065165e-01 -5.603218314936e-01  1.648906104732e+00  1.191858260892e+00  8.860383817810e-01 -1.118477588857e+00 
 2.067296965357e-03  4.809703134815e-01  4.103513429999e-01 -5.319468067028e-01  1.741713998374e+00  1.304323563818e+00  1.032093206188e+00 -1.253342057228e+00 
 2.077296965357e-03  4.730968236108e-01  4.668020102041e-01 -5.014119789121e-01  1.827640645439e+00  1.411632728763e+00  1.174074830255e+00 -1.383312040214e+00 
 2.087296965357e-03  4.633562365780e-01  5.214104231356e-01 -4.688389838557e-01  1.906347164651e+00  1.513362520607e+00  1.311422917235e+00 -1.507873741835e+00 
 2.097296965357e-03  4.517869941774e-01  5.739610673368e-01 -4.343574801460e-01  1.977523162495e+00  1.609111715574e+00  1.443595417193e+00 -1.626534723466e+00 
 2.107296965357e-03  4.384347550804e-01  6.242465494230e-01 -3.981046376284e-01  2.040887957439e+00  1.698502683546e+00  1.570070705609e+00 -1.738825845695e+00 
 2.117296965357e-03  4.233522142167e-01  6.720684155698e-01 -3.602245964576e-01  2.096191687975e+00  1.781182881212e+00  1.690349642187e+00 -1.844303121759e+00 
 2.127296965357e-03  4.065988955554e-01  7.172379347192e-01 -3.208678989322e-01  2.143216300756e+00  1.856826240662e+00  1.803957541008e+00 -1.942549467088e+00 
 2.137296965357e-03  3.882409167709e-01  7.595768434151e-01 -2.801908950787e-01  2.181776408572e+00  1.925134458579e+00  1.910446043476e+00 -2.033176347566e+00 
 2.147296965357e-03  3.683507285314e-01  7.989180493276e-01 -2.383551267849e-01  2.211720025167e+00  1.985838173656e+00  2.009394888300e+00 -2.115825312101e+00 
 2.157296965357e-03  3.470068281167e-01  8.351062906905e-01 -1.955266899895e-01  2.232929162681e+00  2.038698028540e+00  2.100413569366e+00 -2.190169405990e+00 
 2.167296965357e-03  3.242934503942e-01  8.679987490477e-01 -1.518755798170e-01  2.245320298243e+00  2.083505615592e+00  2.183142877766e+00 -2.255914462511e+00 
 2.177296965357e-03  3.003002345795e-01  8.974656128934e-01 -1.075750200253e-01  2.248844705522e+00  2.120084299706e+00  2.257256318582e+00 -2.312800263059e+00 
 2.187296965357e-03  2.751218709745e-01  9.233905899780e-01 -6.280077958945e-02  2.243488642853e+00  2.148289914709e+00  2.322461400065e+00 -2.360601563687e+00 
 2.197296965357e-03  2.488577269833e-01  9.456713662610e-01 -1.773047948518e-02  2.229273414239e+00  2.168011334259e+00  2.378500787308e+00 -2.399128985241e+00 
 2.207296965357e-03  2.216114551702e-01  9.642200096975e-01  2.745710805539e-02  2.206255277153e+00  2.179170907475e+00  2.425153318560e+00 -2.428229757782e+00 
 2.217296965357e-03  1.934905843518e-01  9.789633172660e-01  7.258276475477e-02  2.174525231589e+00  2.181724769995e+00  2.462234877748e+00 -2.447788327948e+00 
 2.227296965357e-03  1.646060944768e-01  9.898431038670e-01  1.174675331713e-01  2.134208647534e+00  2.175663013011e+00  2.489599120687e+00 -2.457726809752e+00 
 2.237296965357e-03  1.350719794864e-01  9.968164319533e-01  1.619334228162e-01  2.085464782547e+00  2.161009724718e+00  2.507138053188e+00 -2.458005294999e+00 
 2.247296965357e-03  1.050047972822e-01  9.998557809848e-01  2.058041122509e-01  2.028486146592e+00  2.137822895776e+00  2.514782457380e+00 -2.448622010822e+00 
 2.257296965357e-03  7.452320899756e-02  9.989491560395e-01  2.489056444028e-01  1.963497743476e+00  2.106194189284e+00  2.512502163998e+00 -2.429613324231e+00 
 2.267296965357e-03  4.374751163414e-02  9.941001351517e-01  2.910671132850e-01  1.890756184934e+00  2.066248579882e+00  2.500306172413e+00 -2.401053600587e+00 
 2.277296965357e-03  1.279916285239e-02  9.853278551916e-01  3.321213377058e-01  1.810548676411e+00  2.018143859925e+00  2.478242614656e+00 -2.363054908263e+00 
 2.287296965357e-03 -1.819969843564e-02  9.726669363406e-01  3.719055210822e-01  1.723191883648e+00  1.962070018984e+00  2.446398565429e+00 -2.315766578565e+00 
 2.297296965357e-03 -4.912673364015e-02  9.561673454611e-01  4.102618937031e-01  1.629030684009e+00  1.898248491343e+00  2.404899698915e+00 -2.259374613908e+00 
 2.307296965357e-03 -7.985988816654e-02  9.358941989003e-01  4.470383346197e-01  1.528436805354e+00  1.826931284508e+00  2.353909791913e+00 -2.194100954557e+00 
 2.317296965357e-03 -1.102778722416e-01  9.119275055059e-01  4.820889724069e-01  1.421807357809e+00  1.748399983626e+00  2.293630078319e+00 -2.120202602981e+00 
 2.327296965357e-03 -1.402606399788e-01  8.843618508673e-01  5.152747600805e-01  1.309563268209e+00  1.662964639952e+00  2.224298454588e+00 -2.037970608172e+00 
 2.337296965357e-03 -1.696898629307e-01  8.533060240298e-01  5.464640239952e-01  1.192147618625e+00  1.570962549420e+00  2.146188541199e+00 -1.947728919569e+00 
 2.347296965357e-03 -1.984493976634e-01  8.188825881539e-01  5.755329824751e-01  1.070023897337e+00  1.472756918753e+00  2.059608601965e+00 -1.849833104232e+00 
 2.357296965357e-03 -2.264257431380e-01  7.812273968145e-01  6.023662354564e-01  9.436741702957e-01  1.368735434255e+00  1.964900328661e+00 -1.744668947897e+00 
 2.367296965357e-03 -2.535084896954e-01  7.404890578486e-01  6.268572182162e-01  8.135971780866e-01  1.259308731416e+00  1.862437491422e+00 -1.632650929333e+00 
 2.377296965357e-03 -2.795907540713e-01  6.968283468687e-01  6.489086225629e-01  6.803063685074e-01  1.144908773946e+00  1.752624464221e+00 -1.514220585555e+00 
 2.387296965357e-03 -3.045696014306e-01  6.504175727543e-01  6.684327806579e-01  5.443278700113e-01  1.025987149216e+00  1.635894629057e+00 -1.389844769064e+00 
 2.397296965357e-03 -3.283464517444e-01  6.014398976278e-01  6.853520097211e-01  4.061984149739e-01  9.030132868793e-01  1.512708665105e+00 -1.260013804801e+00 
 2.407296965357e-03 -3.508274686174e-01  5.500886139971e-01  6.995989200659e-01  2.664632220985e-01  7.764726052992e-01  1.383552731131e+00 -1.125239555790e+00 
 2.417296965357e-03 -3.719239298371e-01  4.965663819185e-01  7.111166798277e-01  1.256738446391e-01  6.468645969871e-01  1.248936546617e+00 -9.860534027641e-01 
 2.427296965357e-03 -3.915525771445e-01  4.410844291901e-01  7.198592384811e-01 -1.561400642095e-02  5.147008565255e-01  1.109391380101e+00 -8.430041458456e-01 
 2.437296965357e-03 -4.096359453397e-01  3.838617177319e-01  7.257915098453e-01 -1.568426552112e-01  3.805030619842e-01  9.654679526575e-01 -6.966558398664e-01 
 2.447296965357e-03 -4.261026676395e-01  3.251240794437e-01  7.288895093370e-01 -2.974546619225e-01  2.448009163490e-01  8.177342643030e-01 -5.475855677043e-01 
 2.457296965357e-03 -4.408877572860e-01  2.651033249489e-01  7.291404482676e-01 -4.368950228672e-01  1.081300568039e-01  6.667733523645e-01 -3.963811622609e-01 
 2.467296965357e-03 -4.539328644169e-01  2.040363287447e-01  7.265427849488e-01 -5.746133602224e-01 -2.897005885097e-02  5.131809906452e-01 -2.436388871255e-01 
 2.477296965357e-03 -4.651865059277e-01  1.421640943664e-01  7.211062299320e-01 -7.100660944125e-01 -1.659582812863e-01  3.575633380096e-01 -8.996108287372e-02 
 2.487296965357e-03 -4.746042687329e-01  7.973080325610e-02  7.128517077072e-01 -8.427185898181e-01 -3.022939051152e-01  2.005345462239e-01  6.404620995617e-02 
 2.497296965357e-03 -4.821489854949e-01  1.698285109094e-02  7.018112740479e-01 -9.720472631743e-01 -4.374388028518e-01  4.271433621761e-02  2.177756431962e-01 
 2.507296965357e-03 -4.877908802591e-01 -4.583212462875e-02  6.880279888865e-01 -1.097541651223e+00 -5.708595485194e-01 -1.152744477658e-01  3.706209574082e-01 
 2.517296965357e-03 -4.915076874895e-01 -1.084662218912e-01  6.715557465795e-01 -1.218706426211e+00 -7.020295226248e-01 -2.728082961839e-01  5.219793756173e-01 
 2.527296965357e-03 -4.932847382734e-01 -1.706722525294e-01  6.524590633344e-01 -1.335063346429e+00 -8.304309910163e-01 -4.292654948658e-01  6.712539809394e-01 
 2.537296965357e-03 -4.931150196935e-01 -2.322047177596e-01  6.308128213277e-01 -1.446153148310e+00 -9.555571469245e-01 -5.840285787708e-01  8.178560738660e-01 
 2.547296965357e-03 -4.909992013127e-01 -2.928207770530e-01  6.067019741749e-01 -1.551537356805e+00 -1.076914112316e+00 -7.364867686993e-01  9.612074946242e-01 
 2.557296965357e-03 -4.869456333690e-01 -3.522812065165e-01  5.802212111885e-01 -1.650800015312e+00 -1.194022886222e+00 -8.860383817810e-01  1.100742905431e+00 
 2.567296965357e-03 -4.809703134815e-01 -4.103513429999e-01  5.514745826367e-01 -1.743549328297e+00 -1.306421234971e+00 -1.032093206130e+00  1.235912022168e+00 
 2.577296965357e-03 -4.730968235526e-01 -4.668020102041e-01  5.205750904861e-01 -1.829419206828e+00 -1.413665516768e+00 -1.174074830196e+00  1.366181785107e+00 
 2.587296965357e-03 -4.633562365198e-01 -5.214104231356e-01  4.876442409004e-01 -1.908070713282e+00 -1.515332432464e+00 -1.311422917177e+00  1.491038463929e+00 
 2.597296965357e-03 -4.517869941192e-01 -5.739610673368e-01  4.528115652502e-01 -1.979193399660e+00 -1.611020695884e+00 -1.443595417077e+00  1.609989684794e+00 
 2.607296965357e-03 -4.384347551968e-01 -6.242465494230e-01  4.162141086417e-01 -2.042506532045e+00 -1.700352617074e+00 -1.570070705609e+00  1.722566373363e+00 
 2.617296965357e-03 -4.233522142167e-01 -6.720684155698e-01  3.779958888190e-01 -2.097760199104e+00 -1.782975594280e+00 -1.690349642187e+00  1.828324606380e+00 
 2.627296965357e-03 -4.065988956136e-01 -7.172379347192e-01  3.383073276491e-01 -2.144736296497e+00 -1.858563503483e+00 -1.803957541008e+00  1.926847364058e+00 
 2.637296965357e-03 -3.882409167709e-01 -7.595768434151e-01  2.973046576371e-01 -2.183249389287e+00 -1.926817986183e+00 -1.910446043476e+00  2.017746174332e+00 
 2.647296965357e-03 -3.683507285314e-01 -7.989180493276e-01  2.551493045758e-01 -2.213147444651e+00 -1.987469627988e+00 -2.009394888300e+00  2.100662649293e+00 
 2.657296965357e-03 -3.470068280585e-01 -8.351062906905e-01  2.120072509570e-01 -2.234312430490e+00 -2.040279020555e+00 -2.100413569366e+00  2.175269896577e+00 
 2.667296965357e-03 -3.242934504524e-01 -8.679987490477e-01  1.680483805540e-01 -2.246660780627e+00 -2.085037705721e+00 -2.183142877766e+00  2.241273810525e+00 
 2.677296965357e-03 -3.003002345795e-01 -8.974656128934e-01  1.234458076797e-01 -2.250143724959e+00 -2.121569000185e+00 -2.257256318582e+00  2.298414233427e+00 
 2.687296965357e-03 -2.751218710328e-01 -9.233905899780e-01  7.837519400346e-02 -2.244747482706e+00 -2.149728692602e+00 -2.322461400065e+00  2.346465983768e+00 
 2.697296965357e-03 -2.488577269833e-01 -9.456713662610e-01  3.301405516686e-02 -2.230493315961e+00 -2.169405608438e+00 -2.378500787308e+00  2.385239739295e+00 
 2.707296965357e-03 -2.216114551702e-01 -9.642200096975e-01 -1.245893995292e-02 -2.207437447738e+00 -2.180522055365e+00 -2.425153318560e+00  2.414582792157e+00 
 2.717296965357e-03 -1.934905843809e-01 -9.789633172660e-01 -5.786467447615e-02 -2.175670835655e+00 -2.183034126181e+00 -2.462234877748e+00  2.434379647520e+00 
 2.727296965357e-03 -1.646060943895e-01 -9.898431038670e-01 -1.030242905254e-01 -2.135318816639e+00 -2.176931868773e+00 -2.489599120570e+00  2.444552475478e+00 
 2.737296965357e-03 -1.350719796319e-01 -9.968164319533e-01 -1.477598952770e-01 -2.086540613323e+00 -2.162239333615e+00 -2.507138053305e+00  2.445061428278e+00 
 2.747296965357e-03 -1.050047972822e-01 -9.998557809848e-01 -1.918952630658e-01 -2.029528700979e+00 -2.139014471788e+00 -2.514782457380e+00  2.435904788517e+00 
 2.757296965357e-03 -7.452320899756e-02 -9.989491560395e-01 -2.352565310139e-01 -1.964508050121e+00 -2.107348908670e+00 -2.512502163998e+00  2.417118980206e+00 
 2.767296965357e-03 -4.374751163414e-02 -9.941001351517e-01 -2.776728852186e-01 -1.891735241748e+00 -2.067367582349e+00 -2.500306172413e+00  2.388778424088e+00 
 2.777296965357e-03 -1.279916285057e-02 -9.853278551916e-01 -3.189772353508e-01 -1.811497450108e+00 -2.019228250720e+00 -2.478242614656e+00  2.350995244940e+00 
 2.787296965357e-03  1.819969833377e-02 -9.726669363406e-01 -3.590068735066e-01 -1.724111310905e+00 -1.963120868430e+00 -2.446398565546e+00  2.303918827927e+00 
 2.797296965357e-03  4.912673366198e-02 -9.561673454611e-01 -3.976041171118e-01 -1.629921672633e+00 -1.899266837165e+00 -2.404899698915e+00  2.247735229674e+00 
 2.807296965357e-03  7.985988818109e-02 -9.358941989003e-01 -4.346169311902e-01 -1.529300234513e+00 -1.827918132069e+00 -2.353909791913e+00  2.182666444412e+00 
 2.817296965357e-03  1.102778723434e-01 -9.119275055059e-01 -4.698995279032e-01 -1.422644080129e+00 -1.749356306624e+00 -2.293630078202e+00  2.108969526305e+00 
 2.827296965357e-03  1.402606398624e-01 -8.843618508673e-01 -5.033129429794e-01 -1.310374110239e+00 -1.663891382981e+00 -2.224298454705e+00  2.026935578356e+00 
 2.837296965357e-03  1.696898628143e-01 -8.533060240298e-01 -5.347255832748e-01 -1.192933380138e+00 -1.571860627504e+00 -2.146188541315e+00  1.936888600410e+00 
 2.847296965357e-03  1.984493976925e-01 -8.188825881539e-01 -5.640137472656e-01 -1.070785354590e+00 -1.473627218278e+00 -2.059608601965e+00  1.839184211114e+00 
 2.857296965357e-03  2.264257431380e-01 -7.812273968144e-01 -5.910621118965e-01 -9.444120747503e-01 -1.369578814600e+00 -1.964900328661e+00  1.734208246525e+00 
 2.867296965357e-03  2.535084896663e-01 -7.404890578486e-01 -6.157641893951e-01 -8.143122583861e-01 -1.260126024950e+00 -1.862437491422e+00  1.622375235178e+00 
 2.877296965357e-03  2.795907540713e-01 -6.968283468687e-01 -6.380227465415e-01 -6.809993307106e-01 -1.145700787660e+00 -1.752624464221e+00  1.504126763623e+00 
 2.887296965357e-03  3.045696015470e-01 -6.504175727543e-01 -6.577501887223e-01 -5.449993980583e-01 -1.026754665305e+00 -1.635894628940e+00  1.379929732761e+00 
 2.897296965357e-03  3.283464517444e-01 -6.014398976278e-01 -6.748689062661e-01 -4.068491720827e-01 -9.037570628570e-01 -1.512708665105e+00  1.250274516281e+00 
 2.907296965357e-03  3.508274686174e-01 -5.500886139971e-01 -6.893115794519e-01 -2.670938505908e-01 -7.771933756303e-01 -1.383552731131e+00  1.115673023773e+00 
 2.917296965357e-03  3.719239298371e-01 -4.965663819185e-01 -7.010214463808e-01 -1.262849671330e-01 -6.475630732020e-01 -1.248936546559e+00  9.766566831190e-01 
 2.927296965357e-03  3.915525770863e-01 -4.410844291901e-01 -7.099525247468e-01  1.502178652481e-02 -5.153777280357e-01 -1.109391380101e+00  8.337743405988e-01 
 2.937296965357e-03  4.096359453397e-01 -3.838617177319e-01 -7.160697955405e-01  1.562687533151e-01 -3.811589971883e-01 -9.654679526575e-01  6.875900970288e-01 
 2.947296965357e-03  4.261026675813e-01 -3.251240794437e-01 -7.193493396044e-01  2.968985113548e-01 -2.454365627782e-01 -8.177342643030e-01  5.386810800770e-01 
 2.957296965357e-03  4.408877572860e-01 -2.651033249489e-01 -7.197784329765e-01  4.363560745842e-01 -1.087460420385e-01 -6.667733523645e-01  3.876351671884e-01 
 2.967296965357e-03  4.539328644169e-01 -2.040363287447e-01 -7.173555971822e-01  5.740910822060e-01  2.837312666452e-02 -5.131809906452e-01  2.350486659061e-01 
 2.977296965357e-03  4.651865058695e-01 -1.421640943663e-01 -7.120906050550e-01  7.095599710010e-01  1.653798128245e-01 -3.575633380387e-01  8.152396026510e-02 
 2.987296965357e-03  4.746042687912e-01 -7.973080325609e-02 -7.040044418536e-01  8.422281212406e-01  3.017333292519e-01 -2.005345462239e-01 -7.233286685795e-02 
 2.997296965357e-03  4.821489854367e-01 -1.698285109093e-02 -6.931292231893e-01  9.715719653759e-01  4.368955662358e-01 -4.271433621761e-02 -2.259144248254e-01 
 3.007296965357e-03  4.877908802591e-01  4.583212462876e-02 -6.795080677839e-01  1.097081055399e+00  5.703331147088e-01  1.152744477658e-01 -3.786144127263e-01 
 3.017296965357e-03  4.915076874895e-01  1.084662218912e-01 -6.631949277362e-01  1.218260076363e+00  7.015193720581e-01  2.728082961839e-01 -5.298300124914e-01 
 3.027296965357e-03  4.932847382734e-01  1.706722525294e-01 -6.442543754820e-01  1.334630802739e+00  8.299366197316e-01  4.292654948658e-01 -6.789642666659e-01 
 3.037296965357e-03  4.931150196353e-01  2.322047177596e-01 -6.227613489609e-01  1.445733983768e+00  9.550780671416e-01  5.840285787708e-01 -8.254284361022e-01 
 3.047296965357e-03  4.909992013127e-01  2.928207770530e-01 -5.988008560380e-01  1.551131157205e+00  1.076449851040e+00  7.364867686993e-01 -9.686443217372e-01 
 3.057296965357e-03  4.869456333690e-01  3.522812065165e-01 -5.724676395766e-01  1.650406379951e+00  1.193572985008e+00  8.860383817810e-01 -1.108046546615e+00 
 3.067296965357e-03  4.809703135397e-01  4.103513429999e-01 -5.438658023486e-01  1.743167868350e+00  1.305985249579e+00  1.032093206188e+00 -1.243084788431e+00 
 3.077296965357e-03  4.730968235526e-01  4.668020102041e-01 -5.131083976594e-01  1.829049546039e+00  1.413243016927e+00  1.174074830255e+00 -1.373225949916e+00 
 3.087296965357e-03  4.633562365198e-01  5.214104231356e-01 -4.803169820807e-01  1.907712486805e+00  1.514923000941e+00  1.311422917235e+00 -1.497956263555e+00 
 3.097296965357e-03  4.517869942938e-01  5.739610673368e-01 -4.456211366341e-01  1.978846253362e+00  1.610623928253e+00  1.443595417193e+00 -1.616783318779e+00 
 3.107296965357e-03  4.384347549640e-01  6.242465494230e-01 -4.091579550877e-01  2.042170123430e+00  1.699968122179e+00  1.570070705493e+00 -1.729238005103e+00 
 3.117296965357e-03  4.233522142749e-01  6.720684155698e-01 -3.710715028574e-01  2.097434195690e+00  1.782602992142e+00  1.690349642187e+00 -1.834876364054e+00 
 3.127296965357e-03  4.065988955554e-01  7.172379347192e-01 -3.315122485510e-01  2.144420376513e+00  1.858202426229e+00  1.803957541008e+00 -1.933281340108e+00 
 3.137296965357e-03  3.882409167709e-01  7.595768434151e-01 -2.906364707742e-01  2.182943241671e+00  1.926468077581e+00  1.910446043476e+00 -2.024064427320e+00 
 3.147296965357e-03  3.683507285314e-01  7.989180493276e-01 -2.486056403141e-01  2.212850766722e+00  1.987130542519e+00  2.009394888300e+00 -2.106867203267e+00 
 3.157296965357e-03  3.470068281167e-01  8.351062906905e-01 -2.055857840460e-01  2.234024928883e+00  2.039950423175e+00  2.100413569366e+00 -2.181362741795e+00 
 3.167296965357e-03  3.242934505688e-01  8.679987490477e-01 -1.617468289915e-01  2.246382171288e+00  2.084719272330e+00  2.183142877882e+00 -2.247256904880e+00 
 3.177296965357e-03  3.003002346377e-01  8.974656128934e-01 -1.172619321296e-01  2.249873733148e+00  2.121260416694e+00  2.257256318699e+00 -2.304289502044e+00 
 3.187296965357e-03  2.751218709163e-01  9.233905899780e-01 -7.230679698114e-02  2.244485842064e+00  2.149429653771e+00  2.322461400065e+00 -2.352235318765e+00 
 3.197296965357e-03  2.488577269251e-01  9.456713662610e-01 -2.705898021304e-02  2.230239768513e+00  2.169115819037e+00  2.378500787308e+00 -2.390905002129e+00 
 3.207296965357e-03  2.216114551702e-01  9.642200096975e-01  1.830280902504e-02  2.207191742025e+00  2.180241229944e+00  2.425153318560e+00 -2.420145813556e+00 
 3.217296965357e-03  1.934905843518e-01  9.789633172660e-01  6.359941433038e-02  2.175432730000e+00  2.182761985809e+00  2.462234877748e+00 -2.439842225122e+00 
 3.227296965357e-03  1.646060944768e-01  9.898431038670e-01  1.086519390810e-01  2.135088076815e+00  2.176668146625e+00  2.489599120687e+00 -2.449916380517e+00 
 3.237296965357e-03  1.350719795737e-01  9.968164319533e-01  1.532824523456e-01  2.086317009758e+00  2.161983768456e+00  2.507138053305e+00 -2.450328399061e+00 
 3.247296965357e-03  1.050047972531e-01  9.998557809848e-01  1.973146911769e-01  2.029312013416e+00  2.138766811695e+00  2.514782457380e+00 -2.441076535819e+00 
 3.257296965357e-03  7.452320896846e-02  9.989491560395e-01  2.405747559387e-01  1.964298065519e+00  2.107108908705e+00  2.512502163998e+00 -2.422197184824e+00 
 3.267296965357e-03  4.374751161959e-02  9.941001351517e-01  2.828917969600e-01  1.891531752190e+00  2.067135005957e+00  2.500306172413e+00 -2.393764739477e+00 
 3.277296965357e-03  1.279916283966e-02  9.853278551916e-01  3.240986883175e-01  1.811300254427e+00  2.019002868561e+00  2.478242614656e+00 -2.355891296153e+00 
 3.287296965357e-03 -1.819969834469e-02  9.726669363406e-01  3.640326878522e-01  1.723920214688e+00  1.962902457453e+00  2.446398565546e+00 -2.308726212056e+00 
 3.297296965357e-03 -4.912673367653e-02  9.561673454611e-01  4.025360787637e-01  1.629736487288e+00  1.899055181537e+00  2.404899698915e+00 -2.252455516802e+00 
 3.307296965357e-03 -7.985988818109e-02  9.358941989003e-01  4.394567925483e-01  1.529120777035e+00  1.827713022940e+00  2.353909791913e+00 -2.187301178102e+00 
 3.317296965357e-03 -1.102778722561e-01  9.119275055059e-01  4.746490091784e-01  1.422470173799e+00  1.749157541897e+00  2.293630078319e+00 -2.113520224739e+00 
 3.327296965357e-03 -1.402606399788e-01  8.843618508673e-01  5.079737317865e-01  1.310205582529e+00  1.663698766613e+00  2.224298454588e+00 -2.031403732806e+00 
 3.337296965357e-03 -1.696898629598e-01  8.533060240298e-01  5.392993360292e-01  1.192770065507e+00  1.571673968574e+00  2.146188541199e+00 -1.941275676541e+00 
 3.347296965357e-03 -1.984493976634e-01  8.188825881539e-01  5.685020887759e-01  1.070627091220e+00  1.473446332850e+00  2.059608601965e+00 -1.843491649995e+00 
 3.357296965357e-03 -2.264257431380e-01  7.812273968144e-01  5.954666377511e-01  9.442587068770e-01  1.369403524324e+00  1.964900328661e+00 -1.738437465188e+00 
 3.367296965357e-03 -2.535084896954e-01  7.404890578486e-01  6.200864644488e-01  8.141636343207e-01  1.259956156602e+00  1.862437491422e+00 -1.626527625245e+00 
 3.377296965357e-03 -2.795907541295e-01  6.968283468687e-01  6.422643068945e-01  6.808553036535e-01  1.145536173368e+00  1.752624464221e+00 -1.508203693318e+00 
 3.387296965357e-03 -3.045696015470e-01  6.504175727543e-01  6.619125416037e-01  5.448598258663e-01  1.026595142670e+00  1.635894628940e+00 -1.383932546996e+00 
 3.397296965357e-03 -3.283464517444e-01  6.014398976278e-01  6.789535306161e-01  4.067139169783e-01  9.036024744855e-01  1.512708665105e+00 -1.254204536539e+00 
 3.407296965357e-03 -3.508274687338e-01  5.500886139970e-01  6.933199272025e-01  2.669627790456e-01  7.770435687853e-01  1.383552731015e+00 -1.119531549128e+00 
 3.417296965357e-03 -3.719239298371e-01  4.965663819185e-01  7.049549415242e-01  1.261579498387e-01  6.474179000361e-01  1.248936546559e+00 -9.804449899433e-01 
 3.427296965357e-03 -3.915525771445e-01  4.410844291900e-01  7.138125653146e-01 -1.514487503118e-02  5.152370452997e-01  1.109391380101e+00 -8.374936834951e-01 
 3.437296965357e-03 -4.096359453397e-01  3.838617177319e-01  7.198577532545e-01 -1.563880346075e-01  3.810226658825e-01  9.654679525993e-01 -6.912417088304e-01 
 3.447296965357e-03 -4.261026675231e-01  3.251240794437e-01  7.230665602256e-01 -2.970141031547e-01  2.453044483555e-01  8.177342643030e-01 -5.422661719932e-01 
 3.457296965357e-03 -4.408877572278e-01  2.651033249489e-01  7.234262378188e-01 -4.364680910367e-01  1.086180140410e-01  6.667733523645e-01 -3.911549300123e-01 
 3.467296965357e-03 -4.539328644169e-01  2.040363287447e-01  7.209352824138e-01 -5.741996337892e-01 -2.849719461665e-02  5.131809906452e-01 -2.385042693633e-01 
 3.477296965357e-03 -4.651865058695e-01  1.421640943663e-01  7.156034428626e-01 -7.096651650500e-01 -1.655000431929e-01  3.575633380096e-01 -8.491655413404e-02 
 3.487296965357e-03 -4.746042687329e-01  7.973080325609e-02  7.074516804423e-01 -8.423300614813e-01 -3.018498408492e-01  2.005345462385e-01  6.900215313119e-02 
 3.497296965357e-03 -4.821489854949e-01  1.698285109093e-02  6.965120875975e-01 -9.716707525076e-01 -4.370084739057e-01  4.271433621761e-02  2.226444812252e-01 
 3.507296965357e-03 -4.877908802591e-01 -4.583212462876e-02  6.828277601162e-01 -1.097176786745e+00 -5.704425300937e-01 -1.152744477658e-01  3.754041486200e-01 
 3.517296965357e-03 -4.915076874313e-01 -1.084662218913e-01  6.664526276290e-01 -1.218352847034e+00 -7.016254031332e-01 -2.728082961839e-01  5.266783562220e-01 
 3.527296965357e-03 -4.932847382734e-01 -1.706722525294e-01  6.474512406858e-01 -1.334720703773e+00 -8.300393712707e-01 -4.292654948658e-01  6.758701653776e-01 
 3.537296965357e-03 -4.931150196935e-01 -2.322047177596e-01  6.258985154564e-01 -1.445821104106e+00 -9.551776404260e-01 -5.840285787708e-01  8.223908550997e-01 
 3.547296965357e-03 -4.909992012545e-01 -2.928207770531e-01  6.018794387346e-01 -1.551215582993e+00 -1.076546344208e+00 -7.364867686410e-01  9.656622440785e-01 
 3.557296965357e-03 -4.869456333690e-01 -3.522812065166e-01  5.754887324292e-01 -1.650488194078e+00 -1.193666493520e+00 -8.860383817810e-01  1.105118973984e+00 
 3.567296965357e-03 -4.809703134815e-01 -4.103513429999e-01  5.468304789392e-01 -1.743247152073e+00 -1.306075865868e+00 -1.032093206188e+00  1.240210739568e+00 
 3.577296965357e-03 -4.730968236108e-01 -4.668020102041e-01  5.160177113721e-01 -1.829126377357e+00 -1.413330830401e+00 -1.174074830255e+00  1.370404461022e+00 
 3.587296965357e-03 -4.633562365780e-01 -5.214104231356e-01  4.831719668000e-01 -1.907786941389e+00 -1.515008098213e+00 -1.311422917293e+00  1.495186387245e+00 
 3.597296965357e-03 -4.517869941774e-01 -5.739610673368e-01  4.484228070942e-01 -1.978918405250e+00 -1.610706393607e+00 -1.443595417193e+00  1.614064124434e+00 
 3.607296965357e-03 -4.384347551386e-01 -6.242465494230e-01  4.119073066395e-01 -2.042240043636e+00 -1.700048036641e+00 -1.570070705609e+00  1.726568578865e+00 
 3.617296965357e-03 -4.233522141585e-01 -6.720684155698e-01  3.737695126329e-01 -2.097501953132e+00 -1.782680434873e+00 -1.690349642187e+00  1.832255807376e+00 
 3.627296965357e-03 -4.065988955554e-01 -7.172379347192e-01  3.341598754632e-01 -2.144486037549e+00 -1.858277473366e+00 -1.803957541008e+00  1.930708770623e+00 
 3.637296965357e-03 -3.882409167127e-01 -7.595768434151e-01  2.932346554589e-01 -2.183006871492e+00 -1.926540803397e+00 -1.910446043476e+00  2.021538978495e+00 
 3.647296965357e-03 -3.683507284150e-01 -7.989180493277e-01  2.511553061486e-01 -2.212912429124e+00 -1.987201018957e+00 -2.009394888184e+00  2.104388023672e+00 
 3.657296965357e-03 -3.470068281749e-01 -8.351062906905e-01  2.080878370907e-01 -2.234084683936e+00 -2.040018719388e+00 -2.100413569366e+00  2.178928994756e+00 
 3.667296965357e-03 -3.242934504524e-01 -8.679987490477e-01  1.642021583393e-01 -2.246440077666e+00 -2.084785456304e+00 -2.183142877766e+00  2.244867768945e+00 
 3.677296965357e-03 -3.003002346959e-01 -8.974656128934e-01  1.196714103135e-01 -2.249929849524e+00 -2.121324553154e+00 -2.257256318699e+00  2.301944169760e+00 
 3.687296965357e-03 -2.751218710328e-01 -9.233905899780e-01  7.467128026474e-02 -2.244540222455e+00 -2.149491806049e+00 -2.322461400065e+00  2.349932997085e+00 
 3.697296965357e-03 -2.488577269542e-01 -9.456713662610e-01  2.937930880580e-02 -2.230292466935e+00 -2.169176049996e+00 -2.378500787308e+00  2.388644913565e+00 
 3.707296965357e-03 -2.216114552575e-01 -9.642200096975e-01 -1.602581056795e-02 -2.207242810167e+00 -2.180299597327e+00 -2.425153318676e+00  2.417927191443e+00 
 3.717296965357e-03 -1.934905842936e-01 -9.789633172660e-01 -6.136493686063e-02 -2.175482218154e+00 -2.182818548288e+00 -2.462234877748e+00  2.437664318785e+00 
 3.727296965357e-03 -1.646060943604e-01 -9.898431038670e-01 -1.064591885370e-01 -2.135136034340e+00 -2.176722959150e+00 -2.489599120570e+00  2.447778450933e+00 
 3.737296965357e-03 -1.350719795737e-01 -9.968164319533e-01 -1.511306495522e-01 -2.086363484152e+00 -2.162036885973e+00 -2.507138053305e+00  2.448229722180e+00 
 3.747296965357e-03 -1.050047972531e-01 -9.998557809848e-01 -1.952030714019e-01 -2.029357050313e+00 -2.138818285894e+00 -2.514782457380e+00  2.439016398483e+00 
 3.757296965357e-03 -7.452320898301e-02 -9.989491560395e-01 -2.385025688563e-01 -1.964341709157e+00 -2.107158791274e+00 -2.512502163998e+00  2.420174888414e+00 
 3.767296965357e-03 -4.374751172145e-02 -9.941001351517e-01 -2.808583061560e-01 -1.891574046109e+00 -2.067183345556e+00 -2.500306172529e+00  2.391779596315e+00 
 3.777296965357e-03 -1.279916281783e-02 -9.853278551916e-01 -3.221031712601e-01 -1.811341240071e+00 -2.019049712690e+00 -2.478242614656e+00  2.353942630997e+00 
 3.787296965357e-03  1.819969835924e-02 -9.726669363406e-01 -3.620744352811e-01 -1.723959932569e+00 -1.962947852444e+00 -2.446398565546e+00  2.306813362112e+00 
 3.797296965357e-03  4.912673358922e-02 -9.561673454611e-01 -4.006143948645e-01 -1.629774976755e+00 -1.899099172559e+00 -2.404899699031e+00  2.250577831523e+00 
 3.807296965357e-03  7.985988832661e-02 -9.358941989003e-01 -4.375709944870e-01 -1.529158076039e+00 -1.827755653299e+00 -2.353909791796e+00  2.185458017628e+00 
 3.817296965357e-03  1.102778723434e-01 -9.119275055059e-01 -4.727984266938e-01 -1.422506318893e+00 -1.749198853737e+00 -2.293630078202e+00  2.111710961243e+00 
 3.827296965357e-03  1.402606398624e-01 -8.843618508673e-01 -5.061577073066e-01 -1.310240609804e+00 -1.663738800678e+00 -2.224298454705e+00  2.029627749612e+00 
 3.837296965357e-03  1.696898629307e-01 -8.533060240298e-01 -5.375172242057e-01 -1.192804009421e+00 -1.571712764213e+00 -2.146188541199e+00  1.939532367358e+00 
 3.847296965357e-03  1.984493975760e-01 -8.188825881539e-01 -5.667532564839e-01 -1.070659985067e+00 -1.473483928712e+00 -2.059608602081e+00  1.841780420498e+00 
 3.857296965357e-03  2.264257431962e-01 -7.812273968144e-01 -5.937504634494e-01 -9.442905832548e-01 -1.369439956965e+00 -1.964900328661e+00  1.736757730187e+00 
 3.867296965357e-03  2.535084897245e-01 -7.404890578486e-01 -6.184023382375e-01 -8.141945246607e-01 -1.259991462575e+00 -1.862437491422e+00  1.624878811573e+00 
 3.877296965357e-03  2.795907540713e-01 -6.968283468687e-01 -6.406116301659e-01 -6.808852386894e-01 -1.145570387598e+00 -1.752624464221e+00  1.506585237352e+00 
 3.887296965357e-03  3.045696014306e-01 -6.504175727543e-01 -6.602907271590e-01 -5.448888350511e-01 -1.026628298452e+00 -1.635894629057e+00  1.382343894805e+00 
 3.897296965357e-03  3.283464517444e-01 -6.014398976278e-01 -6.773620021995e-01 -4.067420287756e-01 -9.036346046487e-01 -1.512708665105e+00  1.252645144523e+00 
 3.907296965357e-03  3.508274686756e-01 -5.500886139970e-01 -6.917581191519e-01 -2.669900213368e-01 -7.770747052273e-01 -1.383552731131e+00  1.118000883700e+00 
 3.917296965357e-03  3.719239298953e-01 -4.965663819185e-01 -7.034222990042e-01 -1.261843494140e-01 -6.474480731413e-01 -1.248936546559e+00  9.789425264801e-01 
 3.927296965357e-03  3.915525771445e-01 -4.410844291900e-01 -7.123085436178e-01  1.511929200933e-02 -5.152662851615e-01 -1.109391380101e+00  8.360189075592e-01 
 3.937296965357e-03  4.096359453979e-01 -3.838617177319e-01 -7.183818176854e-01  1.563632428879e-01 -3.810510013718e-01 -9.654679525993e-01  6.897941144829e-01 
 3.947296965357e-03  4.261026675813e-01 -3.251240794437e-01 -7.216181865660e-01  2.969900783501e-01 -2.453319073247e-01 -8.177342643030e-01  5.408452629284e-01 
 3.957296965357e-03  4.408877572860e-01 -2.651033249489e-01 -7.220049113967e-01  4.364448092529e-01 -1.086446237168e-01 -6.667733523645e-01  3.897602187866e-01 
 3.967296965357e-03  4.539328644169e-01 -2.040363287447e-01 -7.195404981030e-01  5.741770720342e-01  2.847140800804e-02 -5.131809906452e-01  2.371352771370e-01 
 3.977296965357e-03  4.651865058695e-01 -1.421640943664e-01 -7.142347046174e-01  7.096433013212e-01  1.654750542075e-01 -3.575633380387e-01  8.357281024918e-02 
 3.987296965357e-03  4.746042687912e-01 -7.973080325611e-02 -7.061085023452e-01  8.423088740092e-01  3.018256247742e-01 -2.005345462239e-01 -7.032110993576e-02 
 3.997296965357e-03  4.821489854367e-01 -1.698285109094e-02 -6.951939921128e-01  9.716502203373e-01  4.369850069052e-01 -4.271433621761e-02 -2.239391044726e-01 
 4.007296965357e-03  4.877908803173e-01  4.583212462874e-02 -6.815342790214e-01  1.097156889737e+00  5.704197889427e-01  1.152744477658e-01 -3.766748835390e-01 
 4.017296965357e-03  4.915076874313e-01  1.084662218912e-01 -6.651833012002e-01  1.218333565164e+00  7.016033653636e-01  2.728082961694e-01 -5.279256398921e-01 
 4.027296965357e-03  4.932847382734e-01  1.706722525294e-01 -6.462056178134e-01  1.334702018416e+00  8.300180151127e-01  4.292654948658e-01 -6.770944271950e-01 
 4.037296965357e-03  4.931150196353e-01  2.322047177596e-01 -6.246761535294e-01  1.445802996634e+00  9.551569448086e-01  5.840285787708e-01 -8.235925165443e-01 
 4.047296965357e-03  4.909992013127e-01  2.928207770530e-01 -6.006799032912e-01  1.551198035479e+00  1.076526288874e+00  7.364867686993e-01 -9.668417195291e-01 
 4.057296965357e-03  4.869456333690e-01  3.522812065165e-01 -5.743115972728e-01  1.650471189758e+00  1.193647058215e+00  8.860383817810e-01 -1.106276669205e+00 
 4.067296965357e-03  4.809703135397e-01  4.103513429999e-01 -5.456753256731e-01  1.743230673717e+00  1.306057031732e+00  1.032093206188e+00 -1.241347054210e+00 
 4.077296965357e-03  4.730968236108e-01  4.668020102041e-01 -5.148841296323e-01  1.829110408435e+00  1.413312578807e+00  1.174074830255e+00 -1.371519786706e+00 
 4.087296965357e-03  4.633562365780e-01  5.214104231356e-01 -4.820595538476e-01  1.907771466533e+00  1.514990411466e+00  1.311422917293e+00 -1.496281109072e+00 
 4.097296965357e-03  4.517869943520e-01  5.739610673367e-01 -4.473311673501e-01  1.978903409094e+00  1.610689253779e+00  1.443595417310e+00 -1.615138620227e+00 
 4.107296965357e-03  4.384347549640e-01  6.242465494230e-01 -4.108360524406e-01  2.042225511279e+00  1.700031427201e+00  1.570070705493e+00 -1.727623219231e+00 
 4.117296965357e-03  4.233522142167e-01  6.720684155698e-01 -3.727182631847e-01  2.097487870138e+00  1.782664339058e+00  1.690349642187e+00 -1.833290956926e+00 
 4.127296965357e-03  4.065988955554e-01  7.172379347191e-01 -3.331282571307e-01  2.144472390879e+00  1.858261875343e+00  1.803957541008e+00 -1.931724786868e+00 
 4.137296965357e-03  3.882409167709e-01  7.595768434150e-01 -2.922223017667e-01  2.182993646711e+00  1.926525688032e+00  1.910446043476e+00 -2.022536212891e+00 
 4.147296965357e-03  3.683507284150e-01  7.989180493276e-01 -2.501618572860e-01  2.212899612729e+00  1.987186370883e+00  2.009394888184e+00 -2.105366820545e+00 
 4.157296965357e-03  3.470068281749e-01  8.351062906904e-01 -2.071129399992e-01  2.234072264284e+00  2.040004524402e+00  2.100413569366e+00 -2.179889693019e+00 
 4.167296965357e-03  3.242934505688e-01  8.679987490477e-01 -1.632454666251e-01  2.246428043116e+00  2.084771700669e+00  2.183142877882e+00 -2.245810701370e+00 
 4.177296965357e-03  3.003002345795e-01  8.974656128934e-01 -1.187325840001e-01  2.249918185174e+00  2.121311223134e+00  2.257256318582e+00 -2.302869662235e+00 
 4.187296965357e-03  2.751218710910e-01  9.233905899780e-01 -7.374998570594e-02  2.244528919458e+00  2.149478888139e+00  2.322461400181e+00 -2.350841370159e+00 
 4.197296965357e-03  2.488577269251e-01  9.456713662610e-01 -2.847521862714e-02  2.230281513650e+00  2.169163530692e+00  2.378500787308e+00 -2.389536480844e+00 
 4.207296965357e-03  2.216114552284e-01  9.642200096975e-01  1.691301763640e-02  2.207232195884e+00  2.180287466384e+00  2.425153318676e+00 -2.418802264040e+00 
 4.217296965357e-03  1.934905842936e-01  9.789633172659e-01  6.223557611520e-02  2.175471932627e+00  2.182806791738e+00  2.462234877748e+00 -2.438523198054e+00 
 4.227296965357e-03  1.646060943604e-01  9.898431038670e-01  1.073135693441e-01  2.135126066394e+00  2.176711567212e+00  2.489599120570e+00 -2.448621436431e+00 
 4.237296965357e-03  1.350719795155e-01  9.968164319533e-01  1.519690755231e-01  2.086353824707e+00  2.162025846075e+00  2.507138053188e+00 -2.449057104885e+00 
 4.247296965357e-03  1.050047972822e-01  9.998557809848e-01  1.960258405306e-01  2.029347689589e+00  2.138807587791e+00  2.514782457380e+00 -2.439828466290e+00 
 4.257296965357e-03  7.452320898301e-02  9.989491560395e-01  2.393099734618e-01  1.964332638076e+00  2.107148423325e+00  2.512502163998e+00 -2.420971921882e+00 
 4.267296965357e-03  4.374751163414e-02  9.941001351517e-01  2.816506332019e-01  1.891565255355e+00  2.067173298215e+00  2.500306172413e+00 -2.392561872804e+00 
 4.277296965357e-03  1.279916285421e-02  9.853278551916e-01  3.228807022679e-01  1.811332721729e+00  2.019039976178e+00  2.478242614656e+00 -2.354710422458e+00 
 4.287296965357e-03 -1.819969843564e-02  9.726669363406e-01  3.628374465625e-01  1.723951677326e+00  1.962938417215e+00  2.446398565429e+00 -2.307566935074e+00 
 4.297296965357e-03 -4.912673364015e-02  9.561673454611e-01  4.013631575508e-01  1.629766976926e+00  1.899090029299e+00  2.404899698915e+00 -2.251317447940e+00 
 4.307296965357e-03 -7.985988825385e-02  9.358941989003e-01  4.383057747618e-01  1.529150323709e+00  1.827746792696e+00  2.353909791796e+00 -2.186183934469e+00 
 4.317296965357e-03 -1.102778722125e-01  9.119275055059e-01  4.735194855020e-01  1.422498806380e+00  1.749190267408e+00  2.293630078319e+00 -2.112423431004e+00 
 4.327296965357e-03 -1.402606399788e-01  8.843618508673e-01  5.068653009366e-01  1.310233329656e+00  1.663730479544e+00  2.224298454588e+00 -2.030327019194e+00 
 4.337296965357e-03 -1.696898629016e-01  8.533060240298e-01  5.382116042310e-01  1.192796954187e+00  1.571704700822e+00  2.146188541199e+00 -1.940218681277e+00 
 4.347296965357e-03 -1.984493976342e-01  8.188825881540e-01  5.674346695887e-01  1.070653148228e+00  1.473476114450e+00  2.059608601965e+00 -1.842454016588e+00 
 4.357296965357e-03 -2.264257431088e-01  7.812273968145e-01  5.944191515446e-01  9.442839579424e-01  1.369432384614e+00  1.964900328661e+00 -1.737418843374e+00 
 4.367296965357e-03 -2.535084896663e-01  7.404890578487e-01  6.190585391596e-01  8.141881043557e-01  1.259984124219e+00  1.862437491422e+00 -1.625527671602e+00 
 4.377296965357e-03 -2.795907540713e-01  6.968283468688e-01  6.412555772113e-01  6.808790168725e-01  1.145563276252e+00  1.752624464221e+00 -1.507222070504e+00 
 4.387296965357e-03 -3.045696015470e-01  6.504175727544e-01  6.609226490837e-01  5.448828056687e-01  1.026621407247e+00  1.635894628940e+00 -1.382968922908e+00 
 4.397296965357e-03 -3.283464516862e-01  6.014398976279e-01  6.779821235687e-01  4.067361859488e-01  9.036279264838e-01  1.512708665105e+00 -1.253258585332e+00 
 4.407296965357e-03 -3.508274686174e-01  5.500886139971e-01  6.923666602233e-01  2.669843592448e-01  7.770682336995e-01  1.383552731131e+00 -1.118602950894e+00 
 4.417296965357e-03 -3.719239297789e-01  4.965663819186e-01  7.040194760775e-01  1.261788624688e-01  6.474418019643e-01  1.248936546559e+00 -9.795334301292e-01 
 4.427296965357e-03 -3.915525771445e-01  4.410844291902e-01  7.128945689183e-01 -1.512460923732e-02  5.152602078742e-01  1.109391380101e+00 -8.365988532526e-01 
 4.437296965357e-03 -4.096359453397e-01  3.838617177320e-01  7.189568994800e-01 -1.563683956047e-01  3.810451119789e-01  9.654679526575e-01 -6.903633046659e-01 
 4.447296965357e-03 -4.261026675813e-01  3.251240794438e-01  7.221825293964e-01 -2.969950716943e-01  2.453262002091e-01  8.177342643030e-01 -5.414038964086e-01 
 4.457296965357e-03 -4.408877572860e-01  2.651033249490e-01  7.225587152643e-01 -4.364496481139e-01  1.086390931014e-01  6.667733523645e-01 -3.903084898458e-01 
 4.467296965357e-03 -4.539328644169e-01  2.040363287449e-01  7.200839603320e-01 -5.741817612434e-01 -2.847676752936e-02  5.131809906452e-01 -2.376733776923e-01 
 4.477296965357e-03 -4.651865059277e-01  1.421640943665e-01  7.147680182243e-01 -7.096478455933e-01 -1.654802479607e-01  3.575633380096e-01 -8.410092793220e-02 
 4.487296965357e-03 -4.746042687912e-01  7.973080325623e-02  7.066318566212e-01 -8.423132775351e-01 -3.018306578742e-01  2.005345462385e-01  6.980279083298e-02 
 4.497296965357e-03 -4.821489854367e-01  1.698285109107e-02  6.957075733226e-01 -9.716544877738e-01 -4.369898843579e-01  4.271433622125e-02  2.234304027504e-01 
 4.507296965357e-03 -4.877908803173e-01 -4.583212462861e-02  6.820382694714e-01 -1.097161025042e+00 -5.704245154047e-01 -1.152744477658e-01  3.761756215482e-01 
 4.517296965357e-03 -4.915076874313e-01 -1.084662218911e-01  6.656778801698e-01 -1.218337572878e+00 -7.016079456080e-01 -2.728082961694e-01  5.274356431269e-01 
 4.527296965357e-03 -4.932847382734e-01 -1.706722525293e-01  6.466909607407e-01 -1.334705902031e+00 -8.300224537961e-01 -4.292654948658e-01  6.766135248747e-01 
 4.537296965357e-03 -4.931150196353e-01 -2.322047177595e-01  6.251524331747e-01 -1.445806760108e+00 -9.551612461219e-01 -5.840285787708e-01  8.231205401003e-01 
 4.547296965357e-03 -4.909992013127e-01 -2.928207770529e-01  6.011472889222e-01 -1.551201682538e+00 -1.076530457241e+00 -7.364867686993e-01  9.663785041179e-01 
 4.557296965357e-03 -4.869456333690e-01 -3.522812065164e-01  5.747702547815e-01 -1.650474723894e+00 -1.193651097827e+00 -8.860383817810e-01  1.105822053126e+00 
 4.567296965357e-03 -4.809703134815e-01 -4.103513429997e-01  5.461254182737e-01 -1.743234098656e+00 -1.306060946314e+00 -1.032093206188e+00  1.240900877918e+00 
 4.577296965357e-03 -4.730968235526e-01 -4.668020102040e-01  5.153258171049e-01 -1.829113727435e+00 -1.413316372316e+00 -1.174074830196e+00  1.371081894436e+00 
 4.587296965357e-03 -4.633562364615e-01 -5.214104231355e-01  4.824929931783e-01 -1.907774682855e+00 -1.514994087629e+00 -1.311422917177e+00  1.495851347507e+00 
 4.597296965357e-03 -4.517869941192e-01 -5.739610673366e-01  4.477565125562e-01 -1.978906525765e+00 -1.610692816321e+00 -1.443595417077e+00  1.614716839016e+00 
 4.607296965357e-03 -4.384347551386e-01 -6.242465494229e-01  4.112534546875e-01 -2.042228531558e+00 -1.700034879381e+00 -1.570070705609e+00  1.727209270995e+00 
 4.617296965357e-03 -4.233522142167e-01 -6.720684155697e-01  3.731278708437e-01 -2.097490796819e+00 -1.782667684136e+00 -1.690349642187e+00  1.832884695970e+00 
 4.627296965357e-03 -4.065988956136e-01 -7.172379347191e-01  3.335302157211e-01 -2.144475227222e+00 -1.858265117276e+00 -1.803957541008e+00  1.931326071865e+00 
 4.637296965357e-03 -3.882409168291e-01 -7.595768434149e-01  2.926167540136e-01 -2.182996395044e+00 -1.926528829383e+00 -1.910446043476e+00  2.022144903619e+00 
 4.647296965357e-03 -3.683507285314e-01 -7.989180493275e-01  2.505489435862e-01 -2.212902276311e+00 -1.987189415377e+00 -2.009394888300e+00  2.104982780391e+00 
 4.657296965357e-03 -3.470068282331e-01 -8.351062906904e-01  2.074927977810e-01 -2.234074845910e+00 -2.040007475065e+00 -2.100413569482e+00  2.179512787466e+00 
 4.667296965357e-03 -3.242934503942e-01 -8.679987490476e-01  1.636182308721e-01 -2.246430544183e+00 -2.084774559364e+00 -2.183142877766e+00  2.245440797123e+00 
 4.677296965357e-03 -3.003002346377e-01 -8.974656128933e-01  1.190983872220e-01 -2.249920609873e+00 -2.121313993819e+00 -2.257256318699e+00  2.302506631208e+00 
 4.687296965357e-03 -2.751218709745e-01 -9.233905899779e-01  7.410895785142e-02 -2.244531269185e+00 -2.149481573142e+00 -2.322461400065e+00  2.350485084325e+00 
 4.697296965357e-03 -2.488577269542e-01 -9.456713662609e-01  2.882748728371e-02 -2.230283790268e+00 -2.169166133273e+00 -2.378500787308e+00  2.389186816197e+00 
 4.707296965357e-03 -2.216114551702e-01 -9.642200096974e-01 -1.656732729316e-02 -2.207234402187e+00 -2.180289987475e+00 -2.425153318560e+00  2.418459096102e+00 
 4.717296965357e-03 -1.934905843227e-01 -9.789633172659e-01 -6.189634122711e-02 -2.175474070478e+00 -2.182809235528e+00 -2.462234877748e+00  2.438186408332e+00 
 4.727296965357e-03 -1.646060944768e-01 -9.898431038669e-01 -1.069806693849e-01 -2.135128138121e+00 -2.176713935100e+00 -2.489599120687e+00  2.448290905798e+00 
 4.737296965357e-03 -1.350719795446e-01 -9.968164319533e-01 -1.516423921857e-01 -2.086355832638e+00 -2.162028140854e+00 -2.507138053305e+00  2.448732717654e+00 
 4.747296965357e-03 -1.050047972531e-01 -9.998557809848e-01 -1.957052576763e-01 -2.029349634890e+00 -2.138809810858e+00 -2.514782457380e+00  2.439510107747e+00 
 4.757296965357e-03 -7.452320896846e-02 -9.989491560395e-01 -2.389953772654e-01 -1.964334523305e+00 -2.107150577940e+00 -2.512502163998e+00  2.420659481536e+00 
 4.767296965357e-03 -4.374751171417e-02 -9.941001351517e-01 -2.813419118174e-01 -1.891567082610e+00 -2.067175386474e+00 -2.500306172529e+00  2.392255240984e+00 
 4.777296965357e-03 -1.279916281237e-02 -9.853278551917e-01 -3.225777459447e-01 -1.811334491940e+00 -2.019041999709e+00 -2.478242614656e+00  2.354409490828e+00 
 4.787296965357e-03  1.819969836288e-02 -9.726669363406e-01 -3.625401477329e-01 -1.723953393288e+00 -1.962940378115e+00 -2.446398565546e+00  2.307271598398e+00 
 4.797296965357e-03  4.912673369108e-02 -9.561673454611e-01 -4.010714105680e-01 -1.629768639570e+00 -1.899091929663e+00 -2.404899698915e+00  2.251027602429e+00 
 4.807296965357e-03  7.985988819564e-02 -9.358941989004e-01 -4.380194757832e-01 -1.529151935130e+00 -1.827748634387e+00 -2.353909791913e+00  2.185899478376e+00 
 4.817296965357e-03  1.102778722561e-01 -9.119275055060e-01 -4.732385330135e-01 -1.422500367742e+00 -1.749192051822e+00 -2.293630078319e+00  2.112144264003e+00 
 4.827296965357e-03  1.402606399788e-01 -8.843618508674e-01 -5.065895951120e-01 -1.310234842589e+00 -1.663732209243e+00 -2.224298454588e+00  2.030053044164e+00 
 4.837296965357e-03  1.696898628143e-01 -8.533060240299e-01 -5.379410466412e-01 -1.192798420554e+00 -1.571706376504e+00 -2.146188541315e+00  1.939949800532e+00 
 4.847296965357e-03  1.984493976925e-01 -8.188825881540e-01 -5.671691646567e-01 -1.070654569194e+00 -1.473477738677e+00 -2.059608601965e+00  1.842190136880e+00 
 4.857296965357e-03  2.264257431671e-01 -7.812273968146e-01 -5.941586047411e-01 -9.442853349028e-01 -1.369433958316e+00 -1.964900328661e+00  1.737159871251e+00 
 4.867296965357e-03  2.535084896954e-01 -7.404890578488e-01 -6.188028578181e-01 -8.141894388245e-01 -1.259985649725e+00 -1.862437491422e+00  1.625273516754e+00 
 4.877296965357e-03  2.795907540713e-01 -6.968283468689e-01 -6.410046705278e-01 -6.808803100139e-01 -1.145564754261e+00 -1.752624464221e+00  1.506972642827e+00 
 4.887296965357e-03  3.045696014306e-01 -6.504175727545e-01 -6.606764277676e-01 -5.448840588797e-01 -1.026622839388e+00 -1.635894629057e+00  1.382724134829e+00 
 4.897296965357e-03  3.283464517444e-01 -6.014398976280e-01 -6.777405001922e-01 -4.067374003353e-01 -9.036293145036e-01 -1.512708665105e+00  1.253018350878e+00 
 4.907296965357e-03  3.508274687920e-01 -5.500886139973e-01 -6.921295489883e-01 -2.669855360291e-01 -7.770695787622e-01 -1.383552731015e+00  1.118367185490e+00 
 4.917296965357e-03  3.719239298371e-01 -4.965663819187e-01 -7.037867926992e-01 -1.261800028878e-01 -6.474431053502e-01 -1.248936546559e+00  9.793020510042e-01 
 4.927296965357e-03  3.915525770863e-01 -4.410844291903e-01 -7.126662307419e-01  1.512350410121e-02 -5.152614709223e-01 -1.109391380101e+00  8.363717790908e-01 
 4.937296965357e-03  4.096359453397e-01 -3.838617177322e-01 -7.187328252476e-01  1.563673246419e-01 -3.810463360860e-01 -9.654679526575e-01  6.901404554321e-01 
 4.947296965357e-03  4.261026675813e-01 -3.251240794439e-01 -7.219626394799e-01  2.969940338517e-01 -2.453273863939e-01 -8.177342643030e-01  5.411851935517e-01 
 4.957296965357e-03  4.408877572860e-01 -2.651033249491e-01 -7.223429317819e-01  4.364486424602e-01 -1.086402425863e-01 -6.667733523645e-01  3.900938567068e-01 
 4.967296965357e-03  4.539328644169e-01 -2.040363287450e-01 -7.198722063331e-01  5.741807868471e-01  2.847565363118e-02 -5.131809906452e-01  2.374627384341e-01 
 4.977296965357e-03  4.651865058695e-01 -1.421640943666e-01 -7.145602185046e-01  7.096469009994e-01  1.654791685287e-01 -3.575633380387e-01  8.389420852961e-02 
 4.987296965357e-03  4.746042687329e-01 -7.973080325636e-02 -7.064279374899e-01  8.423123622779e-01  3.018296118244e-01 -2.005345462385e-01 -7.000566304472e-02 
 4.997296965357e-03  4.821489854949e-01 -1.698285109120e-02 -6.955074621364e-01  9.716536008054e-01  4.369888706133e-01 -4.271433621761e-02 -2.236294994537e-01 
 5.007296965357e-03  4.877908803173e-01  4.583212462849e-02 -6.818418952171e-01  1.097160165431e+00  5.704235330923e-01  1.152744477658e-01 -3.763710127085e-01 
 5.017296965357e-03  4.915076874313e-01  1.084662218910e-01 -6.654851729982e-01  1.218336740043e+00  7.016069936799e-01  2.728082961694e-01 -5.276273976034e-01 
 5.027296965357e-03  4.932847382734e-01  1.706722525292e-01 -6.465018523159e-01  1.334705094807e+00  8.300215312047e-01  4.292654948658e-01 -6.768017099554e-01 
 5.037296965357e-03  4.931150196353e-01  2.322047177593e-01 -6.249668559758e-01  1.445805978030e+00  9.551603521686e-01  5.840285787708e-01 -8.233052226072e-01 
 5.047296965357e-03  4.909992012545e-01  2.928207770528e-01 -6.009651774075e-01  1.551200924441e+00  1.076529590879e+00  7.364867686410e-01 -9.665597484866e-01 
 5.057296965357e-03  4.869456333690e-01  3.522812065163e-01 -5.745915439911e-01  1.650473989546e+00  1.193650258239e+00  8.860383817810e-01 -1.105999923618e+00 
 5.067296965357e-03  4.809703134233e-01  4.103513429996e-01 -5.459500447614e-01  1.743233386660e+00  1.306060132803e+00  1.032093206130e+00 -1.241075437164e+00 
 5.077296965357e-03  4.730968236108e-01  4.668020102039e-01 -5.151537185884e-01  1.829113037791e+00  1.413315583952e+00  1.174074830255e+00 -1.371253203961e+00 
 5.087296965357e-03  4.633562365198e-01  5.214104231354e-01 -4.823241083650e-01  1.907774014398e+00  1.514993323479e+00  1.311422917235e+00 -1.496019467556e+00 
 5.097296965357e-03  4.517869943520e-01  5.739610673365e-01 -4.475907816086e-01  1.978905878263e+00  1.610692076152e+00  1.443595417310e+00 -1.614881829368e+00 
 5.107296965357e-03  4.384347550804e-01  6.242465494228e-01 -4.110908185830e-01  2.042227904079e+00  1.700034161797e+00  1.570070705609e+00 -1.727371188809e+00 
 5.117296965357e-03  4.233522140421e-01  6.720684155696e-01 -3.729682717822e-01  2.097490188666e+00  1.782666989136e+00  1.690349642071e+00 -1.833043599222e+00 
 5.127296965357e-03  4.065988956136e-01  7.172379347190e-01 -3.333735970082e-01  2.144474637695e+00  1.858264443465e+00  1.803957541008e+00 -1.931482016142e+00 
 5.137296965357e-03  3.882409167709e-01  7.595768434149e-01 -2.924630601192e-01  2.182995824143e+00  1.926528176526e+00  1.910446043476e+00 -2.022297943986e+00 
 5.147296965357e-03  3.683507285314e-01  7.989180493275e-01 -2.503981197369e-01  2.212901722640e+00  1.987188782543e+00  2.009394888300e+00 -2.105132970806e+00 
 5.157296965357e-03  3.470068281749e-01  8.351062906903e-01 -2.073447904259e-01  2.234074309468e+00  2.040006861556e+00  2.100413569482e+00 -2.179660180665e+00 
 5.167296965357e-03  3.242934505106e-01  8.679987490476e-01 -1.634729874495e-01  2.246430024039e+00  2.084773965413e+00  2.183142877882e+00 -2.245585446132e+00 
 5.177296965357e-03  3.003002345213e-01  8.974656128932e-01 -1.189558560727e-01  2.249920105562e+00  2.121313417796e+00  2.257256318582e+00 -2.302648585650e+00 
 5.187296965357e-03  2.751218710910e-01  9.233905899779e-01 -7.396908834926e-02  2.244530780707e+00  2.149481015280e+00  2.322461400181e+00 -2.350624395524e+00 
 5.197296965357e-03  2.488577269251e-01  9.456713662609e-01 -2.869022973027e-02  2.230283317156e+00  2.169165591709e+00  2.378500787308e+00 -2.389323531610e+00 
 5.207296965357e-03  2.216114551120e-01  9.642200096974e-01  1.670202168316e-02  2.207233943511e+00  2.180289463606e+00  2.425153318560e+00 -2.418593266028e+00 
 5.217296965357e-03  1.934905843518e-01  9.789633172659e-01  6.202852031129e-02  2.175473626237e+00  2.182808727492e+00  2.462234877748e+00 -2.438318078882e+00 
 5.227296965357e-03  1.646060943604e-01  9.898431038669e-01  1.071103801514e-01  2.135127707850e+00  2.176713442430e+00  2.489599120570e+00 -2.448420123261e+00 
 5.237296965357e-03  1.350719796028e-01  9.968164319533e-01  1.517696806986e-01  2.086355415173e+00  2.162027663551e+00  2.507138053305e+00 -2.448859528415e+00 
 5.247296965357e-03  1.050047972531e-01  9.998557809848e-01  1.958301692212e-01  2.029349230696e+00  2.138809348922e+00  2.514782457380e+00 -2.439634556858e+00 
 5.257296965357e-03  7.452320898301e-02  9.989491560395e-01  2.391179561382e-01  1.964334131451e+00  2.107150129974e+00  2.512502163998e+00 -2.420781611969e+00 
 5.267296965357e-03  4.374751162686e-02  9.941001351517e-01  2.814622016740e-01  1.891566702863e+00  2.067174952477e+00  2.500306172413e+00 -2.392375096278e+00 
 5.277296965357e-03  1.279916294698e-02  9.853278551917e-01  3.226957895095e-01  1.811334124068e+00  2.019041579217e+00  2.478242614772e+00 -2.354527113565e+00 
 5.287296965357e-03 -1.819969846474e-02  9.726669363407e-01  3.626559869153e-01  1.723953036591e+00  1.962939970661e+00  2.446398565429e+00 -2.307387029563e+00 
 5.297296965357e-03 -4.912673356012e-02  9.561673454612e-01  4.011850864626e-01  1.629768294049e+00  1.899091534549e+00  2.404899699031e+00 -2.251140882888e+00 
 5.307296965357e-03 -7.985988831206e-02  9.358941989004e-01  4.381310289609e-01  1.529151600087e+00  1.827748251613e+00  2.353909791796e+00 -2.186010648220e+00 
 5.317296965357e-03 -1.102778722416e-01  9.119275055060e-01  4.733480029972e-01  1.422500043409e+00  1.749191681156e+00  2.293630078319e+00 -2.112253362898e+00 
 5.327296965357e-03 -1.402606398915e-01  8.843618508674e-01  5.066970207845e-01  1.310234528268e+00  1.663731849752e+00  2.224298454705e+00 -2.030160110005e+00 
 5.337296965357e-03 -1.696898629307e-01  8.533060240300e-01  5.380464664195e-01  1.192798115779e+00  1.571706028422e+00  2.146188541199e+00 -1.940054871692e+00 
 5.347296965357e-03 -1.984493976634e-01  8.188825881541e-01  5.672726156190e-01  1.070654273732e+00  1.473477401072e+00  2.059608601965e+00 -1.842293249855e+00 
 5.357296965357e-03 -2.264257431380e-01  7.812273968147e-01  5.942601239076e-01  9.442850486375e-01  1.369433631422e+00  1.964900328661e+00 -1.737261063147e+00 
 5.367296965357e-03 -2.535084896663e-01  7.404890578489e-01  6.189024812775e-01  8.141891615232e-01  1.259985332610e+00  1.862437491422e+00 -1.625372822730e+00 
 5.377296965357e-03 -2.795907541295e-01  6.968283468690e-01  6.411024334375e-01  6.808800413273e-01  1.145564447157e+00  1.752624464221e+00 -1.507070098185e+00 
 5.387296965357e-03 -3.045696015470e-01  6.504175727546e-01  6.607723652851e-01  5.448837983422e-01  1.026622541831e+00  1.635894628940e+00 -1.382819774290e+00 
 5.397296965357e-03 -3.283464517444e-01  6.014398976281e-01  6.778346460778e-01  4.067371478886e-01  9.036290260265e-01  1.512708665105e+00 -1.253112207911e+00 
 5.407296965357e-03 -3.508274686174e-01  5.500886139974e-01  6.922219367698e-01  2.669852914987e-01  7.770692991326e-01  1.383552731131e+00 -1.118459293448e+00 
 5.417296965357e-03 -3.719239298371e-01  4.965663819188e-01  7.038774550892e-01  1.261797658517e-01  6.474428344518e-01  1.248936546559e+00 -9.793924421342e-01 
 5.427296965357e-03 -3.915525771445e-01  4.410844291904e-01  7.127552001039e-01 -1.512373379410e-02  5.152612084639e-01  1.109391380101e+00 -8.364604855814e-01 
 5.437296965357e-03 -4.096359453979e-01  3.838617177323e-01  7.188201332465e-01 -1.563675472862e-01  3.810460816603e-01  9.654679525993e-01 -6.902275085989e-01 
 5.447296965357e-03 -4.261026675231e-01  3.251240794440e-01  7.220483171986e-01 -2.969942495110e-01  2.453271398554e-01  8.177342643030e-01 -5.412706244484e-01 
 5.457296965357e-03 -4.408877572278e-01  2.651033249492e-01  7.224270094885e-01 -4.364488514257e-01  1.086400037020e-01  6.667733523645e-01 -3.901776952519e-01 
 5.467296965357e-03 -4.539328644169e-01  2.040363287451e-01  7.199547138298e-01 -5.741809892934e-01 -2.847588512304e-02  5.131809906452e-01 -2.375450141098e-01 
 5.477296965357e-03 -4.651865058695e-01  1.421640943667e-01  7.146411854774e-01 -7.096470973920e-01 -1.654793928319e-01  3.575633380096e-01 -8.397495087616e-02 
 5.487296965357e-03 -4.746042687329e-01  7.973080325648e-02  7.065073924605e-01 -8.423125526169e-01 -3.018298291718e-01  2.005345462385e-01  6.992642573853e-02 
 5.497296965357e-03 -4.821489854367e-01  1.698285109133e-02  6.955854332773e-01 -9.716537852073e-01 -4.369890812668e-01  4.271433622125e-02  2.235517392192e-01 
 5.507296965357e-03 -4.877908803173e-01 -4.583212462836e-02  6.819184103515e-01 -1.097160344478e+00 -5.704237374011e-01 -1.152744477658e-01  3.762947021882e-01 
 5.517296965357e-03 -4.915076874895e-01 -1.084662218908e-01  6.655602591345e-01 -1.218336912803e+00 -7.016071915859e-01 -2.728082961839e-01  5.275525097309e-01 
 5.527296965357e-03 -4.932847382734e-01 -1.706722525290e-01  6.465755362296e-01 -1.334705262678e+00 -8.300217230571e-01 -4.292654948658e-01  6.767282181880e-01 
 5.537296965357e-03 -4.931150196935e-01 -2.322047177592e-01  6.250391642097e-01 -1.445806140779e+00 -9.551605380839e-01 -5.840285787708e-01  8.232331006352e-01 
 5.547296965357e-03 -4.909992013127e-01 -2.928207770527e-01  6.010361351073e-01 -1.551201082300e+00 -1.076529770857e+00 -7.364867686993e-01  9.664889711062e-01 
 5.557296965357e-03 -4.869456333690e-01 -3.522812065162e-01  5.746611766517e-01 -1.650474142050e+00 -1.193650432862e+00 -8.860383817810e-01  1.105930465858e+00 
 5.567296965357e-03 -4.809703135397e-01 -4.103513429995e-01  5.460183770629e-01 -1.743233534740e+00 -1.306060301838e+00 -1.032093206188e+00  1.241007274286e+00 
 5.577296965357e-03 -4.730968236108e-01 -4.668020102037e-01  5.152207748033e-01 -1.829113180982e+00 -1.413315747865e+00 -1.174074830255e+00  1.371186311927e+00 
 5.587296965357e-03 -4.633562366362e-01 -5.214104231353e-01  4.823899124749e-01 -1.907774153166e+00 -1.514993482269e+00 -1.311422917293e+00  1.495953822615e+00 
 5.597296965357e-03 -4.517869943520e-01 -5.739610673364e-01  4.476553568384e-01 -1.978906012839e+00 -1.610692229820e+00 -1.443595417310e+00  1.614817408064e+00 
 5.607296965357e-03 -4.384347549640e-01 -6.242465494227e-01  4.111541879247e-01 -2.042228034232e+00 -1.700034310808e+00 -1.570070705493e+00  1.727307968616e+00 
 5.617296965357e-03 -4.233522142167e-01 -6.720684155695e-01  3.730304577039e-01 -2.097490314860e+00 -1.782667133491e+00 -1.690349642187e+00  1.832981558078e+00 
 5.627296965357e-03 -4.065988955554e-01 -7.172379347189e-01  3.334346217453e-01 -2.144474759698e+00 -1.858264583396e+00 -1.803957541008e+00  1.931421131521e+00 
 5.637296965357e-03 -3.882409167709e-01 -7.595768434148e-01  2.925229452085e-01 -2.182995942421e+00 -1.926528312033e+00 -1.910446043476e+00  2.022238194643e+00 
 5.647296965357e-03 -3.683507285314e-01 -7.989180493274e-01  2.504568865697e-01 -2.212901837658e+00 -1.987188913859e+00 -2.009394888300e+00  2.105074335524e+00 
 5.657296965357e-03 -3.470068281167e-01 -8.351062906902e-01  2.074024598405e-01 -2.234074420761e+00 -2.040006989148e+00 -2.100413569366e+00  2.179602639013e+00 
 5.667296965357e-03 -3.242934504524e-01 -8.679987490475e-01  1.635295799351e-01 -2.246430132072e+00 -2.084774088580e+00 -2.183142877766e+00  2.245528976982e+00 
 5.677296965357e-03 -3.003002345795e-01 -8.974656128932e-01  1.190113917401e-01 -2.249920210335e+00 -2.121313537471e+00 -2.257256318582e+00  2.302593169938e+00 
 5.687296965357e-03 -2.751218709745e-01 -9.233905899778e-01  7.402358693071e-02 -2.244530881755e+00 -2.149481130764e+00 -2.322461400065e+00  2.350570012528e+00 
 5.697296965357e-03 -2.488577269833e-01 -9.456713662608e-01  2.874371061262e-02 -2.230283415411e+00 -2.169165704399e+00 -2.378500787308e+00  2.389270163689e+00 
 5.707296965357e-03 -2.216114551993e-01 -9.642200096974e-01 -1.664953951331e-02 -2.207234038971e+00 -2.180289571639e+00 -2.425153318560e+00  2.418540892188e+00 
 5.717296965357e-03 -1.934905844682e-01 -9.789633172659e-01 -6.197701820201e-02 -2.175473718438e+00 -2.182808833197e+00 -2.462234877865e+00  2.438266682800e+00 
 5.727296965357e-03 -1.646060944477e-01 -9.898431038669e-01 -1.070598398073e-01 -2.135127797257e+00 -2.176713544875e+00 -2.489599120687e+00  2.448369685652e+00 
 5.737296965357e-03 -1.350719794864e-01 -9.968164319533e-01 -1.517200841627e-01 -2.086355501786e+00 -2.162027762737e+00 -2.507138053188e+00  2.448810031146e+00 
 5.747296965357e-03 -1.050047972676e-01 -9.998557809848e-01 -1.957814987982e-01 -2.029349314747e+00 -2.138809444383e+00 -2.514782457380e+00  2.439585982105e+00 
 5.757296965357e-03 -7.452320898301e-02 -9.989491560395e-01 -2.390701946861e-01 -1.964334212942e+00 -2.107150223106e+00 -2.512502163998e+00  2.420733943839e+00 
 5.767296965357e-03 -4.374751162686e-02 -9.941001351518e-01 -2.814153320505e-01 -1.891566781793e+00 -2.067175042816e+00 -2.500306172413e+00  2.392328317180e+00 
 5.777296965357e-03 -1.279916284693e-02 -9.853278551917e-01 -3.226497951546e-01 -1.811334200203e+00 -2.019041666528e+00 -2.478242614656e+00  2.354481206605e+00 
 5.787296965357e-03  1.819969833741e-02 -9.726669363407e-01 -3.626108514727e-01 -1.723953110864e+00 -1.962940055411e+00 -2.446398565546e+00  2.307341979179e+00 
 5.797296965357e-03  4.912673366925e-02 -9.561673454612e-01 -4.011407939252e-01 -1.629768365761e+00 -1.899091616971e+00 -2.404899698915e+00  2.251096672841e+00 
 5.807296965357e-03  7.985988819564e-02 -9.358941989005e-01 -4.380875634961e-01 -1.529151669703e+00 -1.827748331008e+00 -2.353909791913e+00  2.185967262440e+00 
 5.817296965357e-03  1.102778723434e-01 -9.119275055061e-01 -4.733053492964e-01 -1.422500110464e+00 -1.749191758223e+00 -2.293630078202e+00  2.112210786333e+00 
 5.827296965357e-03  1.402606399497e-01 -8.843618508675e-01 -5.066551635391e-01 -1.310234593460e+00 -1.663731924258e+00 -2.224298454588e+00  2.030118327374e+00 
 5.837296965357e-03  1.696898629016e-01 -8.533060240300e-01 -5.380053907866e-01 -1.192798179341e+00 -1.571706100600e+00 -2.146188541199e+00  1.940013868429e+00 
 5.847296965357e-03  1.984493976342e-01 -8.188825881542e-01 -5.672323071631e-01 -1.070654335432e+00 -1.473477471154e+00 -2.059608601965e+00  1.842253011671e+00 
 5.857296965357e-03  2.264257431380e-01 -7.812273968147e-01 -5.942205679603e-01 -9.442851081258e-01 -1.369433699176e+00 -1.964900328661e+00  1.737221575112e+00 
 5.867296965357e-03  2.535084896954e-01 -7.404890578489e-01 -6.188636641018e-01 -8.141892190324e-01 -1.259985398501e+00 -1.862437491422e+00  1.625334071571e+00 
 5.877296965357e-03  2.795907541295e-01 -6.968283468691e-01 -6.410643411800e-01 -6.808800970903e-01 -1.145564510720e+00 -1.752624464221e+00  1.507032069642e+00 
 5.887296965357e-03  3.045696014888e-01 -6.504175727547e-01 -6.607349842088e-01 -5.448838524753e-01 -1.026622603647e+00 -1.635894628940e+00  1.382782455238e+00 
 5.897296965357e-03  3.283464516862e-01 -6.014398976282e-01 -6.777979630278e-01 -4.067372003919e-01 -9.036290859804e-01 -1.512708665105e+00  1.253075585020e+00 
 5.907296965357e-03  3.508274687338e-01 -5.500886139975e-01 -6.921859389404e-01 -2.669853421976e-01 -7.770693572238e-01 -1.383552731015e+00  1.118423353737e+00 
 5.917296965357e-03  3.719239297789e-01 -4.965663819189e-01 -7.038421294419e-01 -1.261798151536e-01 -6.474428907968e-01 -1.248936546559e+00  9.793571730312e-01 
 5.927296965357e-03  3.915525771445e-01 -4.410844291905e-01 -7.127205341822e-01  1.512368610202e-02 -5.152612629463e-01 -1.109391380043e+00  8.364258742805e-01 
 5.937296965357e-03  4.096359452815e-01 -3.838617177324e-01 -7.187861147104e-01  1.563675009238e-01 -3.810461345129e-01 -9.654679526575e-01  6.901935431676e-01 
 5.947296965357e-03  4.261026675231e-01 -3.251240794441e-01 -7.220149338245e-01  2.969942046911e-01 -2.453271911072e-01 -8.177342643030e-01  5.412372924595e-01 
 5.957296965357e-03  4.408877572278e-01 -2.651033249494e-01 -7.223942495184e-01  4.364488080610e-01 -1.086400533532e-01 -6.667733523645e-01  3.901449850639e-01 
 5.967296965357e-03  4.539328643586e-01 -2.040363287452e-01 -7.199225656223e-01  5.741809472675e-01  2.847583703260e-02 -5.131809906452e-01  2.375129141793e-01 
 5.977296965357e-03  4.651865059277e-01 -1.421640943669e-01 -7.146096375072e-01  7.096470564138e-01  1.654793462367e-01 -3.575633380387e-01  8.394344956906e-02 
 5.987296965357e-03  4.746042687912e-01 -7.973080325662e-02 -7.064764336683e-01  8.423125130357e-01  3.018297840026e-01 -2.005345462239e-01 -6.995733929613e-02 
 5.997296965357e-03  4.821489854949e-01 -1.698285109145e-02 -6.955550526036e-01  9.716537467903e-01  4.369890374946e-01 -4.271433622125e-02 -2.235820760576e-01 
 6.007296965357e-03  4.877908803173e-01  4.583212462823e-02 -6.818885970861e-01  1.097160307458e+00  5.704236947931e-01  1.152744477658e-01 -3.763244727265e-01 
 6.017296965357e-03  4.915076874313e-01  1.084662218907e-01 -6.655310026836e-01  1.218336876947e+00  7.016071504913e-01  2.728082961839e-01 -5.275817249122e-01 
 6.027296965357e-03  4.932847383316e-01  1.706722525289e-01 -6.465468261158e-01  1.334705227753e+00  8.300216831267e-01  4.292654949240e-01 -6.767568883149e-01 
 6.037296965357e-03  4.931150195771e-01  2.322047177591e-01 -6.250109900720e-01  1.445806106785e+00  9.551604993176e-01  5.840285787708e-01 -8.232612357777e-01 
 6.047296965357e-03  4.909992012545e-01  2.928207770525e-01 -6.010084871668e-01  1.551201049704e+00  1.076529733604e+00  7.364867686993e-01 -9.665165816251e-01 
 6.057296965357e-03  4.869456333690e-01  3.522812065160e-01 -5.746340450132e-01  1.650474110385e+00  1.193650396541e+00  8.860383817810e-01 -1.105957561066e+00 
 6.067296965357e-03  4.809703134815e-01  4.103513429994e-01 -5.459917521803e-01  1.743233503774e+00  1.306060266914e+00  1.032093206188e+00 -1.241033864080e+00 
 6.077296965357e-03  4.730968236108e-01  4.668020102036e-01 -5.151946470723e-01  1.829113151180e+00  1.413315713638e+00  1.174074830255e+00 -1.371212405327e+00 
 6.087296965357e-03  4.633562365780e-01  5.214104231351e-01 -4.823642726406e-01  1.907774124295e+00  1.514993449440e+00  1.311422917235e+00 -1.495979429460e+00 
 6.097296965357e-03  4.517869941774e-01  5.739610673363e-01 -4.476301957620e-01  1.978905984899e+00  1.610692197690e+00  1.443595417193e+00 -1.614842536735e+00 
 6.107296965357e-03  4.384347550222e-01  6.242465494226e-01 -4.111294967588e-01  2.042228007223e+00  1.700034280075e+00  1.570070705493e+00 -1.727332629008e+00 
 6.117296965357e-03  4.233522141585e-01  6.720684155694e-01 -3.730062277173e-01  2.097490288783e+00  1.782667103689e+00  1.690349642071e+00 -1.833005758107e+00 
 6.127296965357e-03  4.065988955554e-01  7.172379347188e-01 -3.334108441486e-01  2.144474734552e+00  1.858264554292e+00  1.803957541008e+00 -1.931444879919e+00 
 6.137296965357e-03  3.882409168291e-01  7.595768434147e-01 -2.924996116199e-01  2.182995918207e+00  1.926528283861e+00  1.910446043476e+00 -2.022261500024e+00 
 6.147296965357e-03  3.683507285314e-01  7.989180493273e-01 -2.504339887237e-01  2.212901814375e+00  1.987188886618e+00  2.009394888300e+00 -2.105097206037e+00 
 6.157296965357e-03  3.470068282331e-01  8.351062906902e-01 -2.073799895879e-01  2.234074397478e+00  2.040006962605e+00  2.100413569482e+00 -2.179625082750e+00 
 6.167296965357e-03  3.242934505106e-01  8.679987490474e-01 -1.635075293016e-01  2.246430110186e+00  2.084774062969e+00  2.183142877882e+00 -2.245551001974e+00 
 6.177296965357e-03  3.003002345213e-01  8.974656128931e-01 -1.189897528820e-01  2.249920188915e+00  2.121313512325e+00  2.257256318582e+00 -2.302614783505e+00 
 6.187296965357e-03  2.751218710910e-01  9.233905899778e-01 -7.400235216483e-02  2.244530861266e+00  2.149481107015e+00  2.322461400181e+00 -2.350591223576e+00 
 6.197296965357e-03  2.488577269251e-01  9.456713662608e-01 -2.872287237915e-02  2.230283394922e+00  2.169165681116e+00  2.378500787308e+00 -2.389290978498e+00 
 6.207296965357e-03  2.216114552284e-01  9.642200096973e-01  1.666998861037e-02  2.207234019414e+00  2.180289549753e+00  2.425153318676e+00 -2.418561319347e+00 
 6.217296965357e-03  1.934905843227e-01  9.789633172658e-01  6.199708543136e-02  2.175473699346e+00  2.182808811311e+00  2.462234877748e+00 -2.438286727918e+00 
 6.227296965357e-03  1.646060943312e-01  9.898431038669e-01  1.070795322885e-01  2.135127778631e+00  2.176713523455e+00  2.489599120570e+00 -2.448389356517e+00 
 6.237296965357e-03  1.350719795155e-01  9.968164319533e-01  1.517394089024e-01  2.086355484091e+00  2.162027742248e+00  2.507138053188e+00 -2.448829335349e+00 
 6.247296965357e-03  1.050047972822e-01  9.998557809848e-01  1.958004627086e-01  2.029349297751e+00  2.138809425291e+00  2.514782457380e+00 -2.439604926862e+00 
 6.257296965357e-03  7.452320898301e-02  9.989491560395e-01  2.390888044320e-01  1.964334196178e+00  2.107150204014e+00  2.512502163998e+00 -2.420752534419e+00 
 6.267296965357e-03  4.374751163414e-02  9.941001351518e-01  2.814335942385e-01  1.891566765262e+00  2.067175023956e+00  2.500306172413e+00 -2.392346560443e+00 
 6.277296965357e-03  1.279916285239e-02  9.853278551917e-01  3.226677163038e-01  1.811334184837e+00  2.019041648600e+00  2.478242614656e+00 -2.354499109760e+00 
 6.287296965357e-03 -1.819969833377e-02  9.726669363407e-01  3.626284379861e-01  1.723953095265e+00  1.962940038182e+00  2.446398565546e+00 -2.307359548396e+00 
 6.297296965357e-03 -4.912673366198e-02  9.561673454612e-01  4.011580520892e-01  1.629768351093e+00  1.899091599742e+00  2.404899698915e+00 -2.251113913713e+00 
 6.307296965357e-03 -7.985988816654e-02  9.358941989005e-01  4.381044993643e-01  1.529151655268e+00  1.827748314943e+00  2.353909791913e+00 -2.185984182204e+00 
 6.317296965357e-03 -1.102778722416e-01  9.119275055061e-01  4.733219687478e-01  1.422500096727e+00  1.749191742158e+00  2.293630078319e+00 -2.112227389754e+00 
 6.327296965357e-03 -1.402606399206e-01  8.843618508676e-01  5.066714725690e-01  1.310234580189e+00  1.663731908891e+00  2.224298454705e+00 -2.030134621001e+00 
 6.337296965357e-03 -1.696898629598e-01  8.533060240301e-01  5.380213954486e-01  1.192798166070e+00  1.571706085699e+00  2.146188541199e+00 -1.940029858068e+00 
 6.347296965357e-03 -1.984493976925e-01  8.188825881543e-01  5.672480128706e-01  1.070654322626e+00  1.473477456719e+00  2.059608601965e+00 -1.842268702822e+00 
 6.357296965357e-03 -2.264257431671e-01  7.812273968148e-01  5.942359805340e-01  9.442850957857e-01  1.369433685439e+00  1.964900328661e+00 -1.737236973858e+00 
 6.367296965357e-03 -2.535084896954e-01  7.404890578490e-01  6.188787887804e-01  8.141892070416e-01  1.259985384997e+00  1.862437491422e+00 -1.625349182685e+00 
 6.377296965357e-03 -2.795907541295e-01  6.968283468692e-01  6.410791834351e-01  6.808800854487e-01  1.145564497681e+00  1.752624464221e+00 -1.507046898799e+00 
 6.387296965357e-03 -3.045696014306e-01  6.504175727548e-01  6.607495492790e-01  5.448838411830e-01  1.026622590725e+00  1.635894629057e+00 -1.382797007386e+00 
 6.397296965357e-03 -3.283464517444e-01  6.014398976283e-01  6.778122561518e-01  4.067371895071e-01  9.036290735239e-01  1.512708665105e+00 -1.253089865572e+00 
 6.407296965357e-03 -3.508274687920e-01  5.500886139976e-01  6.921999650076e-01  2.669853316620e-01  7.770693450002e-01  1.383552731015e+00 -1.118437367466e+00 
 6.417296965357e-03 -3.719239297789e-01  4.965663819190e-01  7.038558936911e-01  1.261798048799e-01  6.474428790389e-01  1.248936546559e+00 -9.793709254674e-01 
 6.427296965357e-03 -3.915525771445e-01  4.410844291906e-01  7.127340412699e-01 -1.512369597731e-02  5.152612516540e-01  1.109391380101e+00 -8.364393700219e-01 
 6.437296965357e-03 -4.096359453397e-01  3.838617177325e-01  7.187993697589e-01 -1.563675105863e-01  3.810461235116e-01  9.654679526575e-01 -6.902067871037e-01 
 6.447296965357e-03 -4.261026675813e-01  3.251240794443e-01  7.220279411413e-01 -2.969942140626e-01  2.453271804552e-01  8.177342643030e-01 -5.412502890140e-01 
 6.457296965357e-03 -4.408877572860e-01  2.651033249495e-01  7.224070141092e-01 -4.364488170831e-01  1.086400430213e-01  6.667733523645e-01 -3.901577392136e-01 
 6.467296965357e-03 -4.539328644169e-01  2.040363287454e-01  7.199350919109e-01 -5.741809559986e-01 -2.847584704068e-02  5.131809906452e-01 -2.375254303516e-01 
 6.477296965357e-03 -4.651865059277e-01  1.421640943670e-01  7.146219299175e-01 -7.096470650285e-01 -1.654793559574e-01  3.575633380096e-01 -8.395573220949e-02 
 6.487296965357e-03 -4.746042687912e-01  7.973080325674e-02  7.064884963911e-01 -8.423125213012e-01 -3.018297934323e-01  2.005345462385e-01  6.994528605117e-02 
 6.497296965357e-03 -4.821489854949e-01  1.698285109158e-02  6.955668900628e-01 -9.716537547065e-01 -4.369890466332e-01  4.271433622125e-02  2.235702477843e-01 
 6.507296965357e-03 -4.877908803173e-01 -4.583212462810e-02  6.819002134725e-01 -1.097160314908e+00 -5.704237037571e-01 -1.152744477658e-01  3.763128653504e-01 
 6.517296965357e-03 -4.915076874313e-01 -1.084662218906e-01  6.655424020719e-01 -1.218336884631e+00 -7.016071589896e-01 -2.728082961694e-01  5.275703340677e-01 
 6.527296965357e-03 -4.932847382734e-01 -1.706722525288e-01  6.465580128133e-01 -1.334705234971e+00 -8.300216915086e-01 -4.292654948658e-01  6.767457099858e-01 
 6.537296965357e-03 -4.931150196353e-01 -2.322047177590e-01  6.250219679205e-01 -1.445806113770e+00 -9.551605074666e-01 -5.840285787417e-01  8.232502661804e-01 
 6.547296965357e-03 -4.909992013127e-01 -2.928207770524e-01  6.010192598915e-01 -1.551201056223e+00 -1.076529741287e+00 -7.364867686993e-01  9.665058166852e-01 
 6.557296965357e-03 -4.869456333690e-01 -3.522812065159e-01  5.746446165722e-01 -1.650474116905e+00 -1.193650403991e+00 -8.860383817810e-01  1.105946997000e+00 
 6.567296965357e-03 -4.809703135397e-01 -4.103513429993e-01  5.460021262988e-01 -1.743233510060e+00 -1.306060273899e+00 -1.032093206188e+00  1.241023497046e+00 
 6.577296965357e-03 -4.730968236108e-01 -4.668020102035e-01  5.152048274758e-01 -1.829113157466e+00 -1.413315720856e+00 -1.174074830255e+00  1.371202232182e+00 
 6.587296965357e-03 -4.633562365198e-01 -5.214104231350e-01  4.823742629378e-01 -1.907774130581e+00 -1.514993456192e+00 -1.311422917235e+00  1.495969445896e+00 
 6.597296965357e-03 -4.517869943520e-01 -5.739610673362e-01  4.476399995037e-01 -1.978905990720e+00 -1.610692204442e+00 -1.443595417310e+00  1.614832739959e+00 
 6.607296965357e-03 -4.384347550804e-01 -6.242465494225e-01  4.111391173792e-01 -2.042228012811e+00 -1.700034286361e+00 -1.570070705609e+00  1.727323014770e+00 
 6.617296965357e-03 -4.233522142167e-01 -6.720684155693e-01  3.730156686506e-01 -2.097490294371e+00 -1.782667109743e+00 -1.690349642187e+00  1.832996323324e+00 
 6.627296965357e-03 -4.065988955554e-01 -7.172379347187e-01  3.334201088292e-01 -2.144474740140e+00 -1.858264560346e+00 -1.803957541008e+00  1.931435621329e+00 
 6.637296965357e-03 -3.882409167127e-01 -7.595768434146e-01  2.925087033072e-01 -2.182995923329e+00 -1.926528289914e+00 -1.910446043476e+00  2.022252414310e+00 
 6.647296965357e-03 -3.683507285314e-01 -7.989180493272e-01  2.504429105902e-01 -2.212901819497e+00 -1.987188892672e+00 -2.009394888300e+00  2.105088290260e+00 
 6.657296965357e-03 -3.470068281167e-01 -8.351062906901e-01  2.073887448641e-01 -2.234074402135e+00 -2.040006968426e+00 -2.100413569366e+00  2.179616333213e+00 
 6.667296965357e-03 -3.242934504524e-01 -8.679987490474e-01  1.635161210725e-01 -2.246430114377e+00 -2.084774068557e+00 -2.183142877766e+00  2.245542415767e+00 
 6.677296965357e-03 -3.003002346959e-01 -8.974656128931e-01  1.189981842181e-01 -2.249920193106e+00 -2.121313517448e+00 -2.257256318699e+00  2.302606357500e+00 
 6.687296965357e-03 -2.751218710910e-01 -9.233905899777e-01  7.401062607823e-02 -2.244530864991e+00 -2.149481112137e+00 -2.322461400181e+00  2.350582954818e+00 
 6.697296965357e-03 -2.488577269251e-01 -9.456713662608e-01  2.873099176213e-02 -2.230283399113e+00 -2.169165685773e+00 -2.378500787308e+00  2.389282863804e+00 
 6.707296965357e-03 -2.216114552575e-01 -9.642200096973e-01 -1.666202085107e-02 -2.207234023605e+00 -2.180289554410e+00 -2.425153318676e+00  2.418553356305e+00 
 6.717296965357e-03 -1.934905842936e-01 -9.789633172658e-01 -6.198926646175e-02 -2.175473703537e+00 -2.182808815967e+00 -2.462234877748e+00  2.438278913607e+00 
 6.727296965357e-03 -1.646060943312e-01 -9.898431038669e-01 -1.070718593401e-01 -2.135127782822e+00 -2.176713528112e+00 -2.489599120570e+00  2.448381688256e+00 
 6.737296965357e-03 -1.350719796028e-01 -9.968164319533e-01 -1.517318792176e-01 -2.086355488049e+00 -2.162027746439e+00 -2.507138053305e+00  2.448821809972e+00 
 6.747296965357e-03 -1.050047972531e-01 -9.998557809848e-01 -1.957930736244e-01 -2.029349301243e+00 -2.138809429016e+00 -2.514782457380e+00  2.439597541503e+00 
 6.757296965357e-03 -7.452320898301e-02 -9.989491560395e-01 -2.390815533290e-01 -1.964334199671e+00 -2.107150208205e+00 -2.512502163998e+00  2.420745287536e+00 
 6.767296965357e-03 -4.374751161959e-02 -9.941001351518e-01 -2.814264786430e-01 -1.891566768754e+00 -2.067175027914e+00 -2.500306172413e+00  2.392339448819e+00 
 6.777296965357e-03 -1.279916284147e-02 -9.853278551918e-01 -3.226607335382e-01 -1.811334188096e+00 -2.019041651860e+00 -2.478242614656e+00  2.354492130271e+00 
 6.787296965357e-03  1.819969834469e-02 -9.726669363408e-01 -3.626215856057e-01 -1.723953098524e+00 -1.962940041674e+00 -2.446398565546e+00  2.307352699524e+00 
 6.797296965357e-03  4.912673367653e-02 -9.561673454613e-01 -4.011513275909e-01 -1.629768354120e+00 -1.899091603467e+00 -2.404899698915e+00  2.251107192953e+00 
 6.807296965357e-03  7.985988828295e-02 -9.358941989006e-01 -4.380979005364e-01 -1.529151658295e+00 -1.827748318203e+00 -2.353909791796e+00  2.185977586546e+00 
 6.817296965357e-03  1.102778722270e-01 -9.119275055062e-01 -4.733154932037e-01 -1.422500099521e+00 -1.749191745650e+00 -2.293630078319e+00  2.112220917743e+00 
 6.827296965357e-03  1.402606400079e-01 -8.843618508676e-01 -5.066651179804e-01 -1.310234582750e+00 -1.663731911918e+00 -2.224298454588e+00  2.030128269378e+00 
 6.837296965357e-03  1.696898629307e-01 -8.533060240302e-01 -5.380151594291e-01 -1.192798168864e+00 -1.571706088958e+00 -2.146188541199e+00  1.940023625362e+00 
 6.847296965357e-03  1.984493976342e-01 -8.188825881543e-01 -5.672418933827e-01 -1.070654325187e+00 -1.473477459745e+00 -2.059608601965e+00  1.842262586444e+00 
 6.857296965357e-03  2.264257431380e-01 -7.812273968149e-01 -5.942299752496e-01 -9.442850983469e-01 -1.369433688233e+00 -1.964900328661e+00  1.737230971420e+00 
 6.867296965357e-03  2.535084896081e-01 -7.404890578491e-01 -6.188728956040e-01 -8.141892097192e-01 -1.259985387791e+00 -1.862437491538e+00  1.625343292414e+00 
 6.877296965357e-03  2.795907541295e-01 -6.968283468692e-01 -6.410734002711e-01 -6.808800878935e-01 -1.145564500475e+00 -1.752624464221e+00  1.507041118452e+00 
 6.887296965357e-03  3.045696015470e-01 -6.504175727549e-01 -6.607438742649e-01 -5.448838435113e-01 -1.026622593403e+00 -1.635894628940e+00  1.382791334955e+00 
 6.897296965357e-03  3.283464517444e-01 -6.014398976284e-01 -6.778066870756e-01 -4.067371917772e-01 -9.036290762015e-01 -1.512708665105e+00  1.253084299195e+00 
 6.907296965357e-03  3.508274687920e-01 -5.500886139977e-01 -6.921944998903e-01 -2.669853338157e-01 -7.770693476778e-01 -1.383552731015e+00  1.118431905048e+00 
 6.917296965357e-03  3.719239298371e-01 -4.965663819191e-01 -7.038505306700e-01 -1.261798070191e-01 -6.474428814836e-01 -1.248936546559e+00  9.793655648543e-01 
 6.927296965357e-03  3.915525771445e-01 -4.410844291907e-01 -7.127287783660e-01  1.512369391276e-02 -5.152612539823e-01 -1.109391380101e+00  8.364341094674e-01 
 6.937296965357e-03  4.096359453397e-01 -3.838617177326e-01 -7.187942051096e-01  1.563675085781e-01 -3.810461257817e-01 -9.654679526575e-01  6.902016247451e-01 
 6.947296965357e-03  4.261026675231e-01 -3.251240794444e-01 -7.220228731167e-01  2.969942120835e-01 -2.453271826671e-01 -8.177342643030e-01  5.412452232798e-01 
 6.957296965357e-03  4.408877572860e-01 -2.651033249496e-01 -7.224020404974e-01  4.364488152205e-01 -1.086400451750e-01 -6.667733523645e-01  3.901527677753e-01 
 6.967296965357e-03  4.539328644169e-01 -2.040363287455e-01 -7.199302110821e-01  5.741809540195e-01  2.847584493429e-02 -5.131809906452e-01  2.375205516487e-01 
 6.977296965357e-03  4.651865058695e-01 -1.421640943671e-01 -7.146171402419e-01  7.096470632823e-01  1.654793538910e-01 -3.575633380387e-01  8.395094467764e-02 
 6.987296965357e-03  4.746042687329e-01 -7.973080325687e-02 -7.064837962389e-01  8.423125194386e-01  3.018297914532e-01 -2.005345462239e-01 -6.994998414731e-02 
 6.997296965357e-03  4.821489854367e-01 -1.698285109172e-02 -6.955622778041e-01  9.716537531931e-01  4.369890447124e-01 -4.271433622125e-02 -2.235748580455e-01 
 7.007296965357e-03  4.877908802591e-01  4.583212462798e-02 -6.818956872448e-01  1.097160313511e+00  5.704237018945e-01  1.152744477658e-01 -3.763173896392e-01 
 7.017296965357e-03  4.915076874313e-01  1.084662218905e-01 -6.655379603617e-01  1.218336882768e+00  7.016071572434e-01  2.728082961694e-01 -5.275747740139e-01 
 7.027296965357e-03  4.932847383316e-01  1.706722525287e-01 -6.465536541073e-01  1.334705233574e+00  8.300216897624e-01  4.292654948949e-01 -6.767500669864e-01 
 7.037296965357e-03  4.931150195771e-01  2.322047177588e-01 -6.250176904723e-01  1.445806112140e+00  9.551605057204e-01  5.840285787417e-01 -8.232545418070e-01 
 7.047296965357e-03  4.909992013127e-01  2.928207770523e-01 -6.010150624206e-01  1.551201055059e+00  1.076529739425e+00  7.364867686993e-01 -9.665100122766e-01 
 7.057296965357e-03  4.869456333690e-01  3.522812065158e-01 -5.746404975653e-01  1.650474115741e+00  1.193650402594e+00  8.860383817810e-01 -1.105951114594e+00 
 7.067296965357e-03  4.809703134815e-01  4.103513429992e-01 -5.459980841260e-01  1.743233508663e+00  1.306060272502e+00  1.032093206188e+00 -1.241027537747e+00 
 7.077296965357e-03  4.730968236108e-01  4.668020102034e-01 -5.152008607402e-01  1.829113156069e+00  1.413315719226e+00  1.174074830255e+00 -1.371206197272e+00 
 7.087296965357e-03  4.633562365780e-01  5.214104231349e-01 -4.823703703005e-01  1.907774129184e+00  1.514993454563e+00  1.311422917293e+00 -1.495973336947e+00 
 7.097296965357e-03  4.517869941774e-01  5.739610673361e-01 -4.476361795678e-01  1.978905989556e+00  1.610692203045e+00  1.443595417193e+00 -1.614836558308e+00 
 7.107296965357e-03  4.384347550804e-01  6.242465494224e-01 -4.111353688641e-01  2.042228012113e+00  1.700034285197e+00  1.570070705609e+00 -1.727326762106e+00 
 7.117296965357e-03  4.233522141585e-01  6.720684155692e-01 -3.730119901011e-01  2.097490293439e+00  1.782667108579e+00  1.690349642187e+00 -1.833000000636e+00 
 7.127296965357e-03  4.065988955554e-01  7.172379347186e-01 -3.334164989647e-01  2.144474738743e+00  1.858264559414e+00  1.803957541008e+00 -1.931439230248e+00 
 7.137296965357e-03  3.882409167127e-01  7.595768434145e-01 -2.925051608472e-01  2.182995922398e+00  1.926528288750e+00  1.910446043476e+00 -2.022255955592e+00 
 7.147296965357e-03  3.683507284732e-01  7.989180493272e-01 -2.504394343123e-01  2.212901817635e+00  1.987188891275e+00  2.009394888184e+00 -2.105091765069e+00 
 7.157296965357e-03  3.470068281749e-01  8.351062906900e-01 -2.073853334878e-01  2.234074401204e+00  2.040006966796e+00  2.100413569366e+00 -2.179619743004e+00 
 7.167296965357e-03  3.242934503942e-01  8.679987490473e-01 -1.635127733753e-01  2.246430113446e+00  2.084774067160e+00  2.183142877766e+00 -2.245545761996e+00 
 7.177296965357e-03  3.003002345795e-01  8.974656128930e-01 -1.189948990359e-01  2.249920192640e+00  2.121313516982e+00  2.257256318582e+00 -2.302609642087e+00 
 7.187296965357e-03  2.751218710328e-01  9.233905899777e-01 -7.400740223238e-02  2.244530864060e+00  2.149481110740e+00  2.322461400065e+00 -2.350586177196e+00 
 7.197296965357e-03  2.488577270997e-01  9.456713662607e-01 -2.872782813938e-02  2.230283398181e+00  2.169165684842e+00  2.378500787425e+00 -2.389286026658e+00 
 7.207296965357e-03  2.216114551411e-01  9.642200096973e-01  1.666512539305e-02  2.207234022673e+00  2.180289553478e+00  2.425153318560e+00 -2.418556459787e+00 
 7.217296965357e-03  1.934905844391e-01  9.789633172658e-01  6.199231302890e-02  2.175473702606e+00  2.182808815036e+00  2.462234877865e+00 -2.438281959376e+00 
 7.227296965357e-03  1.646060944477e-01  9.898431038669e-01  1.070748490019e-01  2.135127781890e+00  2.176713527180e+00  2.489599120687e+00 -2.448384677091e+00 
 7.237296965357e-03  1.350719795737e-01  9.968164319532e-01  1.517348130583e-01  2.086355487118e+00  2.162027745973e+00  2.507138053305e+00 -2.448824743306e+00 
 7.247296965357e-03  1.050047972385e-01  9.998557809848e-01  1.957959526917e-01  2.029349300079e+00  2.138809428085e+00  2.514782457380e+00 -2.439600419613e+00 
 7.257296965357e-03  7.452320893935e-02  9.989491560395e-01  2.390843786125e-01  1.964334199205e+00  2.107150207274e+00  2.512502163998e+00 -2.420748111833e+00 
 7.267296965357e-03  4.374751161231e-02  9.941001351518e-01  2.814292510739e-01  1.891566768056e+00  2.067175027216e+00  2.500306172413e+00 -2.392342220533e+00 
 7.277296965357e-03  1.279916293424e-02  9.853278551918e-01  3.226634543389e-01  1.811334187165e+00  2.019041651627e+00  2.478242614772e+00 -2.354494850921e+00 
 7.287296965357e-03 -1.819969847566e-02  9.726669363408e-01  3.626242555911e-01  1.723953097826e+00  1.962940040743e+00  2.446398565429e+00 -2.307355368437e+00 
 7.297296965357e-03 -4.912673366925e-02  9.561673454613e-01  4.011539477506e-01  1.629768353421e+00  1.899091602769e+00  2.404899698915e+00 -2.251109812411e+00 
 7.307296965357e-03 -7.985988818109e-02  9.358941989006e-01  4.381004716852e-01  1.529151657829e+00  1.827748317504e+00  2.353909791913e+00 -2.185980157088e+00 
 7.317296965357e-03 -1.102778722561e-01  9.119275055062e-01  4.733180163312e-01  1.422500099055e+00  1.749191744719e+00  2.293630078319e+00 -2.112223439900e+00 
 7.327296965357e-03 -1.402606399788e-01  8.843618508677e-01  5.066675940761e-01  1.310234582052e+00  1.663731911220e+00  2.224298454588e+00 -2.030130744794e+00 
 7.337296965357e-03 -1.696898629598e-01  8.533060240303e-01  5.380175892496e-01  1.192798168166e+00  1.571706088260e+00  2.146188541199e+00 -1.940026054445e+00 
 7.347296965357e-03 -1.984493975469e-01  8.188825881544e-01  5.672442778014e-01  1.070654324722e+00  1.473477459047e+00  2.059608602081e+00 -1.842264970242e+00 
 7.357296965357e-03 -2.264257431671e-01  7.812273968150e-01  5.942323150812e-01  9.442850977648e-01  1.369433687534e+00  1.964900328661e+00 -1.737233310515e+00 
 7.367296965357e-03 -2.535084896081e-01  7.404890578492e-01  6.188751917798e-01  8.141892091371e-01  1.259985387092e+00  1.862437491538e+00 -1.625345587882e+00 
 7.377296965357e-03 -2.795907541877e-01  6.968283468693e-01  6.410756537225e-01  6.808800873114e-01  1.145564500010e+00  1.752624464221e+00 -1.507043371371e+00 
 7.387296965357e-03 -3.045696014888e-01  6.504175727550e-01  6.607460854575e-01  5.448838430457e-01  1.026622592937e+00  1.635894628940e+00 -1.382793545732e+00 
 7.397296965357e-03 -3.283464517444e-01  6.014398976285e-01  6.778088570572e-01  4.067371912533e-01  9.036290756194e-01  1.512708665105e+00 -1.253086468586e+00 
 7.407296965357e-03 -3.508274687338e-01  5.500886139978e-01  6.921966293594e-01  2.669853334082e-01  7.770693470957e-01  1.383552731015e+00 -1.118434033985e+00 
 7.417296965357e-03 -3.719239297789e-01  4.965663819192e-01  7.038526202086e-01  1.261798066262e-01  6.474428809015e-01  1.248936546617e+00 -9.793676538607e-01 
 7.427296965357e-03 -3.915525771445e-01  4.410844291909e-01  7.127308291383e-01 -1.512369434568e-02  5.152612535749e-01  1.109391380101e+00 -8.364361598241e-01 
 7.437296965357e-03 -4.096359453397e-01  3.838617177328e-01  7.187962173484e-01 -1.563675089856e-01  3.810461253743e-01  9.654679526575e-01 -6.902036365685e-01 
 7.447296965357e-03 -4.261026675813e-01  3.251240794445e-01  7.220248477533e-01 -2.969942124910e-01  2.453271822014e-01  8.177342643030e-01 -5.412471973847e-01 
 7.457296965357e-03 -4.408877572860e-01  2.651033249497e-01  7.224039784633e-01 -4.364488156280e-01  1.086400447239e-01  6.667733523645e-01 -3.901547052823e-01 
 7.467296965357e-03 -4.539328644169e-01  2.040363287456e-01  7.199321129592e-01 -5.741809546016e-01 -2.847584539268e-02  5.131809906452e-01 -2.375224530599e-01 
 7.477296965357e-03 -4.651865058695e-01  1.421640943672e-01  7.146190064959e-01 -7.096470635151e-01 -1.654793543566e-01  3.575633380096e-01 -8.395281045854e-02 
 7.487296965357e-03 -4.746042687912e-01  7.973080325699e-02  7.064856276847e-01 -8.423125197878e-01 -3.018297918607e-01  2.005345462385e-01  6.994815317445e-02 
 7.497296965357e-03 -4.821489854949e-01  1.698285109184e-02  6.955640749075e-01 -9.716537535423e-01 -4.369890451198e-01  4.271433622125e-02  2.235730614150e-01 
 7.507296965357e-03 -4.877908802591e-01 -4.583212462785e-02  6.818974508205e-01 -1.097160313977e+00 -5.704237022437e-01 -1.152744477658e-01  3.763156264198e-01 
 7.517296965357e-03 -4.915076874313e-01 -1.084662218903e-01  6.655396911083e-01 -1.218336883467e+00 -7.016071577091e-01 -2.728082961694e-01  5.275730437399e-01 
 7.527296965357e-03 -4.932847382734e-01 -1.706722525285e-01  6.465553523740e-01 -1.334705233807e+00 -8.300216901116e-01 -4.292654948658e-01  6.767483690175e-01 
 7.537296965357e-03 -4.931150195771e-01 -2.322047177587e-01  6.250193570741e-01 -1.445806112606e+00 -9.551605060697e-01 -5.840285787417e-01  8.232528755612e-01 
 7.547296965357e-03 -4.909992013127e-01 -2.928207770522e-01  6.010166979395e-01 -1.551201055292e+00 -1.076529739890e+00 -7.364867686993e-01  9.665083772299e-01 
 7.557296965357e-03 -4.869456333690e-01 -3.522812065157e-01  5.746421024669e-01 -1.650474115741e+00 -1.193650403060e+00 -8.860383817810e-01  1.105949510164e+00 
 7.567296965357e-03 -4.809703134815e-01 -4.103513429990e-01  5.459996589925e-01 -1.743233509129e+00 -1.306060272735e+00 -1.032093206188e+00  1.241025963120e+00 
 7.577296965357e-03 -4.730968236108e-01 -4.668020102033e-01  5.152024063864e-01 -1.829113156302e+00 -1.413315719459e+00 -1.174074830255e+00  1.371204651865e+00 
 7.587296965357e-03 -4.633562365198e-01 -5.214104231348e-01  4.823718869593e-01 -1.907774129417e+00 -1.514993454795e+00 -1.311422917235e+00  1.495971820469e+00 
 7.597296965357e-03 -4.517869942938e-01 -5.739610673360e-01  4.476376679959e-01 -1.978905989788e+00 -1.610692203278e+00 -1.443595417193e+00  1.614835070235e+00 
 7.607296965357e-03 -4.384347549640e-01 -6.242465494223e-01  4.111368294107e-01 -2.042228011880e+00 -1.700034285197e+00 -1.570070705493e+00  1.727325301449e+00 
 7.617296965357e-03 -4.233522142167e-01 -6.720684155691e-01  3.730134233483e-01 -2.097490292974e+00 -1.782667108579e+00 -1.690349642187e+00  1.832998567453e+00 
 7.627296965357e-03 -4.065988956136e-01 -7.172379347185e-01  3.334179054946e-01 -2.144474738743e+00 -1.858264559414e+00 -1.803957541008e+00  1.931437823782e+00 
 7.637296965357e-03 -3.882409168291e-01 -7.595768434145e-01  2.925065411837e-01 -2.182995921932e+00 -1.926528288517e+00 -1.910446043476e+00  2.022254575144e+00 
 7.647296965357e-03 -3.683507284150e-01 -7.989180493271e-01  2.504407887754e-01 -2.212901818566e+00 -1.987188891275e+00 -2.009394888184e+00  2.105090410553e+00 
 7.657296965357e-03 -3.470068282913e-01 -8.351062906900e-01  2.073866627179e-01 -2.234074401669e+00 -2.040006967261e+00 -2.100413569482e+00  2.179618414361e+00 
 7.667296965357e-03 -3.242934503942e-01 -8.679987490472e-01  1.635140777798e-01 -2.246430113446e+00 -2.084774067625e+00 -2.183142877766e+00  2.245544458062e+00 
 7.677296965357e-03 -3.003002346959e-01 -8.974656128930e-01  1.189961790660e-01 -2.249920192640e+00 -2.121313516516e+00 -2.257256318699e+00  2.302608361713e+00 
 7.687296965357e-03 -2.751218710910e-01 -9.233905899776e-01  7.400865836826e-02 -2.244530864991e+00 -2.149481110740e+00 -2.322461400181e+00  2.350584921123e+00 
 7.697296965357e-03 -2.488577269251e-01 -9.456713662607e-01  2.872906081029e-02 -2.230283398647e+00 -2.169165685307e+00 -2.378500787308e+00  2.389284794283e+00 
 7.707296965357e-03 -2.216114552575e-01 -9.642200096972e-01 -1.666391573963e-02 -2.207234022673e+00 -2.180289553478e+00 -2.425153318676e+00  2.418555250255e+00 
 7.717296965357e-03 -1.934905843227e-01 -9.789633172658e-01 -6.199112597096e-02 -2.175473702606e+00 -2.182808815036e+00 -2.462234877748e+00  2.438280772207e+00 
 7.727296965357e-03 -1.646060943312e-01 -9.898431038668e-01 -1.070736841066e-01 -2.135127781425e+00 -2.176713527180e+00 -2.489599120570e+00  2.448383512084e+00 
 7.737296965357e-03 -1.350719796028e-01 -9.968164319532e-01 -1.517336699471e-01 -2.086355487118e+00 -2.162027745508e+00 -2.507138053305e+00  2.448823599763e+00 
 7.747296965357e-03 -1.050047972676e-01 -9.998557809848e-01 -1.957948309137e-01 -2.029349300778e+00 -2.138809428085e+00 -2.514782457380e+00  2.439599297869e+00 
 7.757296965357e-03 -7.452320896846e-02 -9.989491560395e-01 -2.390832777892e-01 -1.964334198972e+00 -2.107150207739e+00 -2.512502163998e+00  2.420747011509e+00 
 7.767296965357e-03 -4.374751161959e-02 -9.941001351518e-01 -2.814281708561e-01 -1.891566768289e+00 -2.067175027216e+00 -2.500306172413e+00  2.392341140327e+00 
 7.777296965357e-03 -1.279916284329e-02 -9.853278551918e-01 -3.226623942028e-01 -1.811334187398e+00 -2.019041651627e+00 -2.478242614656e+00  2.354493790698e+00 
 7.787296965357e-03  1.819969834105e-02 -9.726669363408e-01 -3.626232152455e-01 -1.723953098059e+00 -1.962940040976e+00 -2.446398565546e+00  2.307354328463e+00 
 7.797296965357e-03  4.912673367653e-02 -9.561673454613e-01 -4.011529268464e-01 -1.629768353421e+00 -1.899091603002e+00 -2.404899698915e+00  2.251108791736e+00 
 7.807296965357e-03  7.985988818109e-02 -9.358941989007e-01 -4.380994698731e-01 -1.529151657829e+00 -1.827748317504e+00 -2.353909791913e+00  2.185979155280e+00 
 7.817296965357e-03  1.102778722561e-01 -9.119275055063e-01 -4.733170332038e-01 -1.422500099055e+00 -1.749191744952e+00 -2.293630078319e+00  2.112222457009e+00 
 7.827296965357e-03  1.402606398915e-01 -8.843618508677e-01 -5.066666293424e-01 -1.310234582284e+00 -1.663731911452e+00 -2.224298454705e+00  2.030129780384e+00 
 7.837296965357e-03  1.696898629889e-01 -8.533060240303e-01 -5.380166424438e-01 -1.192798168398e+00 -1.571706088493e+00 -2.146188541199e+00  1.940025107847e+00 
 7.847296965357e-03  1.984493976925e-01 -8.188825881545e-01 -5.672433486907e-01 -1.070654324722e+00 -1.473477459047e+00 -2.059608601965e+00  1.842264040989e+00 
 7.857296965357e-03  2.264257431671e-01 -7.812273968151e-01 -5.942314034328e-01 -9.442850979976e-01 -1.369433687767e+00 -1.964900328661e+00  1.737232399103e+00 
 7.867296965357e-03  2.535084896954e-01 -7.404890578493e-01 -6.188742971281e-01 -8.141892091371e-01 -1.259985387092e+00 -1.862437491422e+00  1.625344693146e+00 
 7.877296965357e-03  2.795907541295e-01 -6.968283468694e-01 -6.410747757182e-01 -6.808800874278e-01 -1.145564500010e+00 -1.752624464221e+00  1.507042493428e+00 
 7.887296965357e-03  3.045696015470e-01 -6.504175727551e-01 -6.607452238677e-01 -5.448838431621e-01 -1.026622592937e+00 -1.635894628940e+00  1.382792684087e+00 
 7.897296965357e-03  3.283464517444e-01 -6.014398976286e-01 -6.778080114163e-01 -4.067371913698e-01 -9.036290756194e-01 -1.512708665105e+00  1.253085622949e+00 
 7.907296965357e-03  3.508274686174e-01 -5.500886139979e-01 -6.921957996674e-01 -2.669853335829e-01 -7.770693472121e-01 -1.383552731131e+00  1.118433204529e+00 
 7.917296965357e-03  3.719239298371e-01 -4.965663819193e-01 -7.038518059999e-01 -1.261798066553e-01 -6.474428810179e-01 -1.248936546559e+00  9.793668397134e-01 
 7.927296965357e-03  3.915525771445e-01 -4.410844291910e-01 -7.127300300635e-01  1.512369425291e-02 -5.152612536331e-01 -1.109391380101e+00  8.364353608107e-01 
 7.937296965357e-03  4.096359453979e-01 -3.838617177329e-01 -7.187954332912e-01  1.563675089565e-01 -3.810461254325e-01 -9.654679525993e-01  6.902028525144e-01 
 7.947296965357e-03  4.261026675231e-01 -3.251240794446e-01 -7.220240782481e-01  2.969942124328e-01 -2.453271822887e-01 -8.177342643030e-01  5.412464280280e-01 
 7.957296965357e-03  4.408877572278e-01 -2.651033249499e-01 -7.224032233935e-01  4.364488154533e-01 -1.086400448112e-01 -6.667733523645e-01  3.901539503611e-01 
 7.967296965357e-03  4.539328644169e-01 -2.040363287457e-01 -7.199313718593e-01  5.741809543688e-01  2.847584527626e-02 -5.131809906452e-01  2.375217120793e-01 
 7.977296965357e-03  4.651865058695e-01 -1.421640943674e-01 -7.146182792494e-01  7.096470633987e-01  1.654793542111e-01 -3.575633380387e-01  8.395208336045e-02 
 7.987296965357e-03  4.746042687329e-01 -7.973080325713e-02 -7.064849140588e-01  8.423125199042e-01  3.018297918024e-01 -2.005345462239e-01 -6.994886668111e-02 
 7.997296965357e-03  4.821489854949e-01 -1.698285109197e-02 -6.955633746693e-01  9.716537534259e-01  4.369890450034e-01 -4.271433622125e-02 -2.235737615340e-01 
 8.007296965357e-03  4.877908802591e-01  4.583212462772e-02 -6.818967636209e-01  1.097160313511e+00  5.704237021273e-01  1.152744477658e-01 -3.763163135003e-01 
 8.017296965357e-03  4.915076874313e-01  1.084662218902e-01 -6.655390167143e-01  1.218336883234e+00  7.016071574762e-01  2.728082961839e-01 -5.275737178983e-01 
 8.027296965357e-03  4.932847383316e-01  1.706722525284e-01 -6.465546906693e-01  1.334705233807e+00  8.300216898788e-01  4.292654948949e-01 -6.767490305449e-01 
 8.037296965357e-03  4.931150196353e-01  2.322047177586e-01 -6.250187077094e-01  1.445806112606e+00  9.551605060697e-01  5.840285787708e-01 -8.232535249815e-01 
 8.047296965357e-03  4.909992012545e-01  2.928207770520e-01 -6.010160606820e-01  1.551201055059e+00  1.076529739890e+00  7.364867686410e-01 -9.665090144266e-01 
 8.057296965357e-03  4.869456333690e-01  3.522812065156e-01 -5.746414770838e-01  1.650474115973e+00  1.193650402827e+00  8.860383817810e-01 -1.105950135312e+00 
 8.067296965357e-03  4.809703135397e-01  4.103513429989e-01 -5.459990454838e-01  1.743233509129e+00  1.306060272735e+00  1.032093206188e+00 -1.241026576684e+00 
 8.077296965357e-03  4.730968236108e-01  4.668020102032e-01 -5.152018040535e-01  1.829113156069e+00  1.413315719459e+00  1.174074830255e+00 -1.371205254196e+00 
 8.087296965357e-03  4.633562365780e-01  5.214104231347e-01 -4.823712960351e-01  1.907774129417e+00  1.514993455028e+00  1.311422917235e+00 -1.495972411681e+00 
 8.097296965357e-03  4.517869942356e-01  5.739610673359e-01 -4.476370880730e-01  1.978905989556e+00  1.610692203045e+00  1.443595417193e+00 -1.614835649865e+00 
 8.107296965357e-03  4.384347550222e-01  6.242465494222e-01 -4.111362603144e-01  2.042228012113e+00  1.700034285430e+00  1.570070705493e+00 -1.727325870834e+00 
 8.117296965357e-03  4.233522142167e-01  6.720684155690e-01 -3.730128649040e-01  2.097490293439e+00  1.782667108579e+00  1.690349642187e+00 -1.832999125895e+00 
 8.127296965357e-03  4.065988956136e-01  7.172379347184e-01 -3.334173574112e-01  2.144474739209e+00  1.858264559647e+00  1.803957541008e+00 -1.931438372096e+00 
 8.137296965357e-03  3.882409168291e-01  7.595768434144e-01 -2.925060034031e-01  2.182995922398e+00  1.926528288983e+00  1.910446043476e+00 -2.022255113388e+00 
 8.147296965357e-03  3.683507284150e-01  7.989180493270e-01 -2.504402610357e-01  2.212901818566e+00  1.987188891508e+00  2.009394888184e+00 -2.105090938523e+00 
 8.157296965357e-03  3.470068281749e-01  8.351062906899e-01 -2.073861447861e-01  2.234074401669e+00  2.040006967494e+00  2.100413569366e+00 -2.179618932407e+00 
 8.167296965357e-03  3.242934504524e-01  8.679987490472e-01 -1.635135695396e-01  2.246430113446e+00  2.084774067858e+00  2.183142877766e+00 -2.245544966591e+00 
 8.177296965357e-03  3.003002346959e-01  8.974656128929e-01 -1.189956803428e-01  2.249920192640e+00  2.121313516982e+00  2.257256318699e+00 -2.302608860900e+00 
 8.187296965357e-03  2.751218710328e-01  9.233905899776e-01 -7.400816892914e-02  2.244530864060e+00  2.149481110740e+00  2.322461400065e+00 -2.350585410502e+00 
 8.197296965357e-03  2.488577269542e-01  9.456713662606e-01 -2.872858051705e-02  2.230283398647e+00  2.169165685307e+00  2.378500787308e+00 -2.389285274603e+00 
 8.207296965357e-03  2.216114551702e-01  9.642200096972e-01  1.666438706525e-02  2.207234022673e+00  2.180289553013e+00  2.425153318560e+00 -2.418555721025e+00 
 8.217296965357e-03  1.934905843518e-01  9.789633172657e-01  6.199158849631e-02  2.175473702606e+00  2.182808815036e+00  2.462234877748e+00 -2.438281234759e+00 
 8.227296965357e-03  1.646060944768e-01  9.898431038668e-01  1.070741379954e-01  2.135127781425e+00  2.176713527180e+00  2.489599120687e+00 -2.448383966117e+00 
 8.237296965357e-03  1.350719796028e-01  9.968164319532e-01  1.517341153522e-01  2.086355486885e+00  2.162027745508e+00  2.507138053305e+00 -2.448824045166e+00 
 8.247296965357e-03  1.050047972676e-01  9.998557809848e-01  1.957952679950e-01  2.029349299846e+00  2.138809428085e+00  2.514782457380e+00 -2.439599734948e+00 
 8.257296965357e-03  7.452320895391e-02  9.989491560395e-01  2.390837067214e-01  1.964334199205e+00  2.107150207274e+00  2.512502163998e+00 -2.420747439959e+00 
 8.267296965357e-03  4.374751161959e-02  9.941001351518e-01  2.814285917557e-01  1.891566768289e+00  2.067175027216e+00  2.500306172413e+00 -2.392341561225e+00 
 8.277296965357e-03  1.279916284329e-02  9.853278551918e-01  3.226628072443e-01  1.811334187398e+00  2.019041651627e+00  2.478242614656e+00 -2.354494203738e+00 
 8.287296965357e-03 -1.819969844291e-02  9.726669363408e-01  3.626236206037e-01  1.723953098059e+00  1.962940040976e+00  2.446398565429e+00 -2.307354733718e+00 
 8.297296965357e-03 -4.912673364743e-02  9.561673454614e-01  4.011533245794e-01  1.629768353421e+00  1.899091602536e+00  2.404899698915e+00 -2.251109189031e+00 
 8.307296965357e-03 -7.985988826840e-02  9.358941989007e-01  4.380998601555e-01  1.529151657596e+00  1.827748317737e+00  2.353909791796e+00 -2.185979545706e+00 
 8.317296965357e-03 -1.102778722125e-01  9.119275055063e-01  4.733174162684e-01  1.422500099055e+00  1.749191744719e+00  2.293630078319e+00 -2.112222839883e+00 
 8.327296965357e-03 -1.402606399788e-01  8.843618508678e-01  5.066670052474e-01  1.310234582517e+00  1.663731911452e+00  2.224298454588e+00 -2.030130156200e+00 
 8.337296965357e-03 -1.696898628143e-01  8.533060240304e-01  5.380170113640e-01  1.192798168398e+00  1.571706088493e+00  2.146188541315e+00 -1.940025476940e+00 
 8.347296965357e-03 -1.984493976634e-01  8.188825881546e-01  5.672437106259e-01  1.070654324722e+00  1.473477459047e+00  2.059608601965e+00 -1.842264402952e+00 
 8.357296965357e-03 -2.264257431380e-01  7.812273968151e-01  5.942317584995e-01  9.442850978812e-01  1.369433687767e+00  1.964900328661e+00 -1.737232754198e+00 
 8.367296965357e-03 -2.535084896954e-01  7.404890578494e-01  6.188746457919e-01  8.141892092535e-01  1.259985387092e+00  1.862437491422e+00 -1.625345041809e+00 
 8.377296965357e-03 -2.795907541295e-01  6.968283468695e-01  6.410751177464e-01  6.808800874278e-01  1.145564500010e+00  1.752624464221e+00 -1.507042835455e+00 
 8.387296965357e-03 -3.045696015470e-01  6.504175727552e-01  6.607455596095e-01  5.448838430457e-01  1.026622592937e+00  1.635894628940e+00 -1.382793019828e+00 
 8.397296965357e-03 -3.283464517444e-01  6.014398976287e-01  6.778083409881e-01  4.067371913698e-01  9.036290757358e-01  1.512708665105e+00 -1.253085952636e+00 
 8.407296965357e-03 -3.508274687338e-01  5.500886139980e-01  6.921961228363e-01  2.669853335246e-01  7.770693472121e-01  1.383552731015e+00 -1.118433527581e+00 
 8.417296965357e-03 -3.719239298371e-01  4.965663819195e-01  7.038521233480e-01  1.261798066553e-01  6.474428811343e-01  1.248936546559e+00 -9.793671571767e-01 
 8.427296965357e-03 -3.915525771445e-01  4.410844291911e-01  7.127303413581e-01 -1.512369426200e-02  5.152612536331e-01  1.109391380101e+00 -8.364356721040e-01 
 8.437296965357e-03 -4.096359453979e-01  3.838617177330e-01  7.187957388815e-01 -1.563675089565e-01  3.810461254325e-01  9.654679525993e-01 -6.902031581034e-01 
 8.447296965357e-03 -4.261026675231e-01  3.251240794447e-01  7.220243781339e-01 -2.969942124328e-01  2.453271822596e-01  8.177342643030e-01 -5.412467278836e-01 
 8.457296965357e-03 -4.408877572860e-01  2.651033249500e-01  7.224035175750e-01 -4.364488154533e-01  1.086400447966e-01  6.667733523645e-01 -3.901542444687e-01 
 8.467296965357e-03 -4.539328643586e-01  2.040363287459e-01  7.199316605693e-01 -5.741809544852e-01 -2.847584530173e-02  5.131809906452e-01 -2.375220008209e-01 
 8.477296965357e-03 -4.651865059277e-01  1.421640943675e-01  7.146185626043e-01 -7.096470636316e-01 -1.654793542693e-01  3.575633380096e-01 -8.395236659779e-02 
 8.487296965357e-03 -4.746042687912e-01  7.973080325726e-02  7.064851921750e-01 -8.423125199042e-01 -3.018297918024e-01  2.005345462239e-01  6.994858862422e-02 
 8.497296965357e-03 -4.821489853784e-01  1.698285109210e-02  6.955636475468e-01 -9.716537535423e-01 -4.369890450616e-01  4.271433622125e-02  2.235734885993e-01 
 8.507296965357e-03 -4.877908803173e-01 -4.583212462759e-02  6.818970313761e-01 -1.097160313744e+00 -5.704237023601e-01 -1.152744477586e-01  3.763160460371e-01 
 8.517296965357e-03 -4.915076874313e-01 -1.084662218901e-01  6.655392794637e-01 -1.218336883234e+00 -7.016071575927e-01 -2.728082961694e-01  5.275734552664e-01 
 8.527296965357e-03 -4.932847383316e-01 -1.706722525283e-01  6.465549485292e-01 -1.334705234040e+00 -8.300216899952e-01 -4.292654948949e-01  6.767487728024e-01 
 8.537296965357e-03 -4.931150196935e-01 -2.322047177585e-01  6.250189607963e-01 -1.445806112606e+00 -9.551605060697e-01 -5.840285787708e-01  8.232532719538e-01 
 8.547296965357e-03 -4.909992013127e-01 -2.928207770519e-01  6.010163088795e-01 -1.551201055059e+00 -1.076529739890e+00 -7.364867686993e-01  9.665087662884e-01 
 8.557296965357e-03 -4.869456333690e-01 -3.522812065154e-01  5.746417207411e-01 -1.650474115741e+00 -1.193650402594e+00 -8.860383817810e-01  1.105949891423e+00 
 8.567296965357e-03 -4.809703134815e-01 -4.103513429988e-01  5.459992844844e-01 -1.743233508896e+00 -1.306060272967e+00 -1.032093206130e+00  1.241026337859e+00 
 8.577296965357e-03 -4.730968236108e-01 -4.668020102031e-01  5.152020388050e-01 -1.829113156302e+00 -1.413315719459e+00 -1.174074830255e+00  1.371205019445e+00 
 8.587296965357e-03 -4.633562365780e-01 -5.214104231346e-01  4.823715262464e-01 -1.907774129184e+00 -1.514993455028e+00 -1.311422917293e+00  1.495972181471e+00 
 8.597296965357e-03 -4.517869944102e-01 -5.739610673358e-01  4.476373140933e-01 -1.978905989788e+00 -1.610692203278e+00 -1.443595417426e+00  1.614835424253e+00 
 8.607296965357e-03 -4.384347550222e-01 -6.242465494221e-01  4.111364820274e-01 -2.042228011880e+00 -1.700034285430e+00 -1.570070705609e+00  1.727325649122e+00 
 8.617296965357e-03 -4.233522141585e-01 -6.720684155689e-01  3.730130824842e-01 -2.097490292974e+00 -1.782667108579e+00 -1.690349642187e+00  1.832998908257e+00 
 8.627296965357e-03 -4.065988955554e-01 -7.172379347183e-01  3.334175709751e-01 -2.144474739209e+00 -1.858264559414e+00 -1.803957541008e+00  1.931438158242e+00 
 8.637296965357e-03 -3.882409167709e-01 -7.595768434143e-01  2.925062128925e-01 -2.182995922398e+00 -1.926528288983e+00 -1.910446043476e+00  2.022254903842e+00 
 8.647296965357e-03 -3.683507284150e-01 -7.989180493269e-01  2.504404666252e-01 -2.212901818100e+00 -1.987188891508e+00 -2.009394888184e+00  2.105090732935e+00 
 8.657296965357e-03 -3.470068281167e-01 -8.351062906898e-01  2.073863465921e-01 -2.234074401204e+00 -2.040006966796e+00 -2.100413569366e+00  2.179618729845e+00 
 8.667296965357e-03 -3.242934504524e-01 -8.679987490471e-01  1.635137675330e-01 -2.246430113446e+00 -2.084774067160e+00 -2.183142877766e+00  2.245544767900e+00 
 8.677296965357e-03 -3.003002346959e-01 -8.974656128928e-01  1.189958746545e-01 -2.249920193106e+00 -2.121313516982e+00 -2.257256318699e+00  2.302608666589e+00 
 8.687296965357e-03 -2.751218710328e-01 -9.233905899775e-01  7.400835961744e-02 -2.244530864526e+00 -2.149481110740e+00 -2.322461400181e+00  2.350585219815e+00 
 8.697296965357e-03 -2.488577269251e-01 -9.456713662606e-01  2.872876764377e-02 -2.230283398181e+00 -2.169165685307e+00 -2.378500787308e+00  2.389285087448e+00 
 8.707296965357e-03 -2.216114551702e-01 -9.642200096972e-01 -1.666420343099e-02 -2.207234022673e+00 -2.180289553478e+00 -2.425153318560e+00  2.418555537857e+00 
 8.717296965357e-03 -1.934905843227e-01 -9.789633172657e-01 -6.199140828539e-02 -2.175473702606e+00 -2.182808815036e+00 -2.462234877748e+00  2.438281054520e+00 
 8.727296965357e-03 -1.646060943604e-01 -9.898431038668e-01 -1.070739611459e-01 -2.135127781890e+00 -2.176713527180e+00 -2.489599120570e+00  2.448383789151e+00 
 8.737296965357e-03 -1.350719796028e-01 -9.968164319532e-01 -1.517339417769e-01 -2.086355487118e+00 -2.162027745508e+00 -2.507138053305e+00  2.448823871592e+00 
 8.747296965357e-03 -1.050047972676e-01 -9.998557809848e-01 -1.957950976794e-01 -2.029349300079e+00 -2.138809428085e+00 -2.514782457380e+00  2.439599564633e+00 
 8.757296965357e-03 -7.452320898301e-02 -9.989491560395e-01 -2.390835396072e-01 -1.964334199205e+00 -2.107150207274e+00 -2.512502163998e+00  2.420747272875e+00 
 8.767296965357e-03 -4.374751162686e-02 -9.941001351518e-01 -2.814284277847e-01 -1.891566768056e+00 -2.067175027216e+00 -2.500306172413e+00  2.392341397262e+00 
 8.777296965357e-03 -1.279916284511e-02 -9.853278551918e-01 -3.226626463002e-01 -1.811334187165e+00 -2.019041651627e+00 -2.478242614656e+00  2.354494042796e+00 
 8.787296965357e-03  1.819969833741e-02 -9.726669363409e-01 -3.626234626863e-01 -1.723953098059e+00 -1.962940040976e+00 -2.446398565546e+00  2.307354575906e+00 
 8.797296965357e-03  4.912673356739e-02 -9.561673454614e-01 -4.011531696306e-01 -1.629768353654e+00 -1.899091602769e+00 -2.404899699031e+00  2.251109034396e+00 
 8.807296965357e-03  7.985988832661e-02 -9.358941989007e-01 -4.380997081171e-01 -1.529151657829e+00 -1.827748317737e+00 -2.353909791796e+00  2.185979393610e+00 
 8.817296965357e-03  1.102778722561e-01 -9.119275055064e-01 -4.733172669658e-01 -1.422500099055e+00 -1.749191744719e+00 -2.293630078319e+00  2.112222690538e+00 
 8.827296965357e-03  1.402606399788e-01 -8.843618508679e-01 -5.066668586805e-01 -1.310234582284e+00 -1.663731911220e+00 -2.224298454588e+00  2.030130009401e+00 
 8.837296965357e-03  1.696898629016e-01 -8.533060240304e-01 -5.380168677075e-01 -1.192798168398e+00 -1.571706088493e+00 -2.146188541199e+00  1.940025333197e+00 
 8.847296965357e-03  1.984493975760e-01 -8.188825881546e-01 -5.672435696470e-01 -1.070654324954e+00 -1.473477459280e+00 -2.059608602081e+00  1.842264262294e+00 
 8.857296965357e-03  2.264257431671e-01 -7.812273968152e-01 -5.942316203145e-01 -9.442850978812e-01 -1.369433687767e+00 -1.964900328661e+00  1.737232615984e+00 
 8.867296965357e-03  2.535084896954e-01 -7.404890578495e-01 -6.188745098189e-01 -8.141892091371e-01 -1.259985387092e+00 -1.862437491422e+00  1.625344905836e+00 
 8.877296965357e-03  2.795907541295e-01 -6.968283468696e-01 -6.410749843344e-01 -6.808800874278e-01 -1.145564500010e+00 -1.752624464221e+00  1.507042702044e+00 
 8.887296965357e-03  3.045696015470e-01 -6.504175727553e-01 -6.607454287587e-01 -5.448838431621e-01 -1.026622592937e+00 -1.635894628940e+00  1.382792888977e+00 
 8.897296965357e-03  3.283464517444e-01 -6.014398976288e-01 -6.778082126984e-01 -4.067371913698e-01 -9.036290757358e-01 -1.512708665105e+00  1.253085824347e+00 
 8.907296965357e-03  3.508274686756e-01 -5.500886139981e-01 -6.921959968749e-01 -2.669853335829e-01 -7.770693472121e-01 -1.383552731131e+00  1.118433401678e+00 
 8.917296965357e-03  3.719239298371e-01 -4.965663819196e-01 -7.038519997150e-01 -1.261798066553e-01 -6.474428811343e-01 -1.248936546559e+00  9.793670335441e-01 
 8.927296965357e-03  3.915525771445e-01 -4.410844291912e-01 -7.127302200533e-01  1.512369427292e-02 -5.152612536331e-01 -1.109391380101e+00  8.364355507997e-01 
 8.937296965357e-03  4.096359453397e-01 -3.838617177331e-01 -7.187956197886e-01  1.563675088983e-01 -3.810461254325e-01 -9.654679526575e-01  6.902030390692e-01 
 8.947296965357e-03  4.261026675813e-01 -3.251240794449e-01 -7.220242613694e-01  2.969942123746e-01 -2.453271822887e-01 -8.177342643030e-01  5.412466110904e-01 
 8.957296965357e-03  4.408877572860e-01 -2.651033249501e-01 -7.224034029059e-01  4.364488155697e-01 -1.086400447966e-01 -6.667733523645e-01  3.901541298001e-01 
 8.967296965357e-03  4.539328644169e-01 -2.040363287460e-01 -7.199315481121e-01  5.741809544852e-01  2.847584530173e-02 -5.131809906452e-01  2.375218883059e-01 
 8.977296965357e-03  4.651865058695e-01 -1.421640943676e-01 -7.146184522426e-01  7.096470636316e-01  1.654793542984e-01 -3.575633380387e-01  8.395225626561e-02 
 8.987296965357e-03  4.746042687912e-01 -7.973080325737e-02 -7.064850837924e-01  8.423125199042e-01  3.018297918607e-01 -2.005345462385e-01 -6.994869706466e-02 
 8.997296965357e-03  4.821489854949e-01 -1.698285109222e-02 -6.955635411432e-01  9.716537534259e-01  4.369890450616e-01 -4.271433622125e-02 -2.235735951189e-01 
 9.007296965357e-03  4.877908803173e-01  4.583212462746e-02 -6.818969270680e-01  1.097160313511e+00  5.704237022437e-01  1.152744477658e-01 -3.763161502284e-01 
 9.017296965357e-03  4.915076874313e-01  1.084662218899e-01 -6.655391771346e-01  1.218336883234e+00  7.016071574762e-01  2.728082961548e-01 -5.275735574787e-01 
 9.027296965357e-03  4.932847382734e-01  1.706722525281e-01 -6.465548479464e-01  1.334705233807e+00  8.300216899952e-01  4.292654948658e-01 -6.767488733267e-01 
 9.037296965357e-03  4.931150195771e-01  2.322047177583e-01 -6.250188620761e-01  1.445806112606e+00  9.551605060697e-01  5.840285787417e-01 -8.232533705572e-01 
 9.047296965357e-03  4.909992011962e-01  2.928207770518e-01 -6.010162122548e-01  1.551201055292e+00  1.076529739890e+00  7.364867686410e-01 -9.665088627963e-01 
 9.057296965357e-03  4.869456333690e-01  3.522812065153e-01 -5.746416257462e-01  1.650474115973e+00  1.193650402827e+00  8.860383817810e-01 -1.105949986650e+00 
 9.067296965357e-03  4.809703135397e-01  4.103513429987e-01 -5.459991913522e-01  1.743233509129e+00  1.306060272735e+00  1.032093206188e+00 -1.241026430816e+00 
 9.077296965357e-03  4.730968236108e-01  4.668020102030e-01 -5.152019473608e-01  1.829113156302e+00  1.413315719459e+00  1.174074830255e+00 -1.371205110889e+00 
 9.087296965357e-03  4.633562365780e-01  5.214104231345e-01 -4.823714365484e-01  1.907774129417e+00  1.514993454795e+00  1.311422917235e+00 -1.495972270936e+00 
 9.097296965357e-03  4.517869942356e-01  5.739610673357e-01 -4.476372260251e-01  1.978905989556e+00  1.610692203278e+00  1.443595417193e+00 -1.614835512146e+00 
 9.107296965357e-03  4.384347551386e-01  6.242465494220e-01 -4.111363956472e-01  2.042228012113e+00  1.700034285430e+00  1.570070705609e+00 -1.727325735618e+00 
 9.117296965357e-03  4.233522142167e-01  6.720684155688e-01 -3.730129977339e-01  2.097490293439e+00  1.782667108811e+00  1.690349642187e+00 -1.832998993298e+00 
 9.127296965357e-03  4.065988955554e-01  7.172379347183e-01 -3.334174877964e-01  2.144474738743e+00  1.858264559181e+00  1.803957541008e+00 -1.931438241187e+00 
 9.137296965357e-03  3.882409167127e-01  7.595768434142e-01 -2.925061312271e-01  2.182995922398e+00  1.926528288983e+00  1.910446043476e+00 -2.022254985448e+00 
 9.147296965357e-03  3.683507285314e-01  7.989180493268e-01 -2.504403865314e-01  2.212901818100e+00  1.987188891508e+00  2.009394888300e+00 -2.105090813144e+00 
 9.157296965357e-03  3.470068281167e-01  8.351062906897e-01 -2.073862679827e-01  2.234074401204e+00  2.040006967261e+00  2.100413569366e+00 -2.179618808920e+00 
 9.167296965357e-03  3.242934504524e-01  8.679987490471e-01 -1.635136904079e-01  2.246430113446e+00  2.084774067160e+00  2.183142877766e+00 -2.245544845025e+00 
 9.177296965357e-03  3.003002346959e-01  8.974656128928e-01 -1.189957989409e-01  2.249920193106e+00  2.121313516982e+00  2.257256318699e+00 -2.302608742302e+00 
 9.187296965357e-03  2.751218709163e-01  9.233905899775e-01 -7.400828532991e-02  2.244530864526e+00  2.149481111206e+00  2.322461400065e+00 -2.350585294451e+00 
 9.197296965357e-03  2.488577269542e-01  9.456713662605e-01 -2.872869474231e-02  2.230283398647e+00  2.169165685307e+00  2.378500787308e+00 -2.389285160378e+00 
 9.207296965357e-03  2.216114552575e-01  9.642200096971e-01  1.666427497548e-02  2.207234022673e+00  2.180289553944e+00  2.425153318676e+00 -2.418555609955e+00 
 9.217296965357e-03  1.934905842936e-01  9.789633172657e-01  6.199147849111e-02  2.175473702140e+00  2.182808815036e+00  2.462234877748e+00 -2.438281124696e+00 
 9.227296965357e-03  1.646060944768e-01  9.898431038668e-01  1.070740300493e-01  2.135127781890e+00  2.176713527180e+00  2.489599120687e+00 -2.448383858171e+00 
 9.237296965357e-03  1.350719795737e-01  9.968164319532e-01  1.517340094142e-01  2.086355486885e+00  2.162027745973e+00  2.507138053305e+00 -2.448823939665e+00 
 9.247296965357e-03  1.050047972531e-01  9.998557809848e-01  1.957951640361e-01  2.029349300079e+00  2.138809428085e+00  2.514782457380e+00 -2.439599630975e+00 
 9.257296965357e-03  7.452320896846e-02  9.989491560396e-01  2.390836046834e-01  1.964334198972e+00  2.107150207274e+00  2.512502163998e+00 -2.420747337936e+00 
 9.267296965357e-03  4.374751172145e-02  9.941001351519e-01  2.814284916385e-01  1.891566768289e+00  2.067175026983e+00  2.500306172529e+00 -2.392341460977e+00 
 9.277296965357e-03  1.279916291060e-02  9.853278551919e-01  3.226627090480e-01  1.811334187398e+00  2.019041651394e+00  2.478242614772e+00 -2.354494105376e+00 
 9.287296965357e-03 -1.819969839562e-02  9.726669363409e-01  3.626235241536e-01  1.723953098059e+00  1.962940040976e+00  2.446398565546e+00 -2.307354637315e+00 
 9.297296965357e-03 -4.912673361105e-02  9.561673454615e-01  4.011532300501e-01  1.629768353421e+00  1.899091602536e+00  2.404899699031e+00 -2.251109094539e+00 
 9.307296965357e-03 -7.985988825385e-02  9.358941989008e-01  4.380997673725e-01  1.529151657829e+00  1.827748317737e+00  2.353909791913e+00 -2.185979452938e+00 
 9.317296965357e-03 -1.102778722998e-01  9.119275055064e-01  4.733173251734e-01  1.422500099055e+00  1.749191744719e+00  2.293630078319e+00 -2.112222748701e+00 
 9.327296965357e-03 -1.402606400079e-01  8.843618508679e-01  5.066669157823e-01  1.310234582517e+00  1.663731911685e+00  2.224298454588e+00 -2.030130066939e+00 
 9.337296965357e-03 -1.696898629307e-01  8.533060240305e-01  5.380169237033e-01  1.192798168631e+00  1.571706088493e+00  2.146188541199e+00 -1.940025389164e+00 
 9.347296965357e-03 -1.984493976634e-01  8.188825881547e-01  5.672436245950e-01  1.070654324722e+00  1.473477459280e+00  2.059608601965e+00 -1.842264317154e+00 
 9.357296965357e-03 -2.264257431671e-01  7.812273968153e-01  5.942316739820e-01  9.442850978812e-01  1.369433687767e+00  1.964900328661e+00 -1.737232669651e+00 
 9.367296965357e-03 -2.535084896954e-01  7.404890578495e-01  6.188745627878e-01  8.141892091371e-01  1.259985387092e+00  1.862437491422e+00 -1.625344958805e+00 
 9.377296965357e-03 -2.795907540713e-01  6.968283468697e-01  6.410750363721e-01  6.808800874278e-01  1.145564499777e+00  1.752624464221e+00 -1.507042753907e+00 
 9.387296965357e-03 -3.045696015470e-01  6.504175727554e-01  6.607454798650e-01  5.448838431621e-01  1.026622593054e+00  1.635894628940e+00 -1.382792940200e+00 
 9.397296965357e-03 -3.283464517444e-01  6.014398976289e-01  6.778082626406e-01  4.067371913698e-01  9.036290757358e-01  1.512708665105e+00 -1.253085874288e+00 
 9.407296965357e-03 -3.508274686174e-01  5.500886139982e-01  6.921960461186e-01  2.669853336411e-01  7.770693472121e-01  1.383552731131e+00 -1.118433450980e+00 
 9.417296965357e-03 -3.719239297789e-01  4.965663819197e-01  7.038520479109e-01  1.261798067135e-01  6.474428811343e-01  1.248936546617e+00 -9.793670817981e-01 
 9.427296965357e-03 -3.915525771445e-01  4.410844291913e-01  7.127302674344e-01 -1.512369427655e-02  5.152612536331e-01  1.109391380101e+00 -8.364355981806e-01 
 9.437296965357e-03 -4.096359453397e-01  3.838617177332e-01  7.187956660055e-01 -1.563675089274e-01  3.810461254907e-01  9.654679526575e-01 -6.902030853441e-01 
 9.447296965357e-03 -4.261026676395e-01  3.251240794450e-01  7.220243068878e-01 -2.969942124910e-01  2.453271822887e-01  8.177342643030e-01 -5.412466565504e-01 
 9.457296965357e-03 -4.408877573442e-01  2.651033249502e-01  7.224034476094e-01 -4.364488155115e-01  1.086400448112e-01  6.667733523645e-01 -3.901541744597e-01 
 9.467296965357e-03 -4.539328643586e-01  2.040363287461e-01  7.199315918842e-01 -5.741809544852e-01 -2.847584530173e-02  5.131809906452e-01 -2.375219321361e-01 
 9.477296965357e-03 -4.651865059859e-01  1.421640943677e-01  7.146184951998e-01 -7.096470636316e-01 -1.654793542693e-01  3.575633380096e-01 -8.395229913538e-02 
 9.487296965357e-03 -4.746042687329e-01  7.973080325751e-02  7.064851259347e-01 -8.423125197878e-01 -3.018297918607e-01  2.005345462239e-01  6.994865486428e-02 
 9.497296965357e-03 -4.821489854367e-01  1.698285109235e-02  6.955635825871e-01 -9.716537534259e-01 -4.369890450616e-01  4.271433622125e-02  2.235735536170e-01 
 9.507296965357e-03 -4.877908802591e-01 -4.583212462734e-02  6.818969675805e-01 -1.097160313511e+00 -5.704237022437e-01 -1.152744477658e-01  3.763161096579e-01 
 9.517296965357e-03 -4.915076874313e-01 -1.084662218898e-01  6.655392170651e-01 -1.218336883234e+00 -7.016071574762e-01 -2.728082961548e-01  5.275735175484e-01 
 9.527296965357e-03 -4.932847382734e-01 -1.706722525280e-01  6.465548871784e-01 -1.334705234040e+00 -8.300216899952e-01 -4.292654948658e-01  6.767488340949e-01 
 9.537296965357e-03 -4.931150196353e-01 -2.322047177582e-01  6.250189006096e-01 -1.445806112606e+00 -9.551605061861e-01 -5.840285787417e-01  8.232533321985e-01 
 9.547296965357e-03 -4.909992013127e-01 -2.928207770517e-01  6.010162499733e-01 -1.551201055059e+00 -1.076529740123e+00 -7.364867686993e-01  9.665088254271e-01 
 9.557296965357e-03 -4.869456333690e-01 -3.522812065152e-01  5.746416627662e-01 -1.650474115741e+00 -1.193650402827e+00 -8.860383817810e-01  1.105949949630e+00 
 9.567296965357e-03 -4.809703135397e-01 -4.103513429986e-01  5.459992275573e-01 -1.743233509129e+00 -1.306060272735e+00 -1.032093206188e+00  1.241026394611e+00 
 9.577296965357e-03 -4.730968236108e-01 -4.668020102028e-01  5.152019829839e-01 -1.829113156302e+00 -1.413315719459e+00 -1.174074830255e+00  1.371205075266e+00 
 9.587296965357e-03 -4.633562365198e-01 -5.214104231344e-01  4.823714715312e-01 -1.907774129417e+00 -1.514993455028e+00 -1.311422917235e+00  1.495972236128e+00 
 9.597296965357e-03 -4.517869942356e-01 -5.739610673356e-01  4.476372603094e-01 -1.978905989556e+00 -1.610692203045e+00 -1.443595417193e+00  1.614835477629e+00 
 9.607296965357e-03 -4.384347549640e-01 -6.242465494219e-01  4.111364293494e-01 -2.042228012113e+00 -1.700034285197e+00 -1.570070705493e+00  1.727325701509e+00 
 9.617296965357e-03 -4.233522141003e-01 -6.720684155687e-01  3.730130307376e-01 -2.097490293439e+00 -1.782667108579e+00 -1.690349642071e+00  1.832998959945e+00 
 9.627296965357e-03 -4.065988955554e-01 -7.172379347182e-01  3.334175202181e-01 -2.144474739209e+00 -1.858264559414e+00 -1.803957541008e+00  1.931438208999e+00 
 9.637296965357e-03 -3.882409167709e-01 -7.595768434141e-01  2.925061630667e-01 -2.182995921932e+00 -1.926528288983e+00 -1.910446043476e+00  2.022254953667e+00 
 9.647296965357e-03 -3.683507285314e-01 -7.989180493268e-01  2.504404177889e-01 -2.212901818566e+00 -1.987188891275e+00 -2.009394888300e+00  2.105090781654e+00 
 9.657296965357e-03 -3.470068281749e-01 -8.351062906897e-01  2.073862985708e-01 -2.234074401204e+00 -2.040006967029e+00 -2.100413569366e+00  2.179618778158e+00 
 9.667296965357e-03 -3.242934504524e-01 -8.679987490470e-01  1.635137204721e-01 -2.246430113446e+00 -2.084774067625e+00 -2.183142877766e+00  2.245544815426e+00 
 9.677296965357e-03 -3.003002346959e-01 -8.974656128927e-01  1.189958284667e-01 -2.249920192640e+00 -2.121313516516e+00 -2.257256318699e+00  2.302608712311e+00 
 9.687296965357e-03 -2.751218710328e-01 -9.233905899774e-01  7.400831428822e-02 -2.244530864060e+00 -2.149481111206e+00 -2.322461400065e+00  2.350585265610e+00 
 9.697296965357e-03 -2.488577269542e-01 -9.456713662605e-01  2.872872315493e-02 -2.230283398647e+00 -2.169165685307e+00 -2.378500787308e+00  2.389285131966e+00 
 9.707296965357e-03 -2.216114552866e-01 -9.642200096971e-01 -1.666424709038e-02 -2.207234022673e+00 -2.180289553478e+00 -2.425153318676e+00  2.418555581633e+00 
 9.717296965357e-03 -1.934905842936e-01 -9.789633172657e-01 -6.199145113351e-02 -2.175473702606e+00 -2.182808815036e+00 -2.462234877748e+00  2.438281097339e+00 
 9.727296965357e-03 -1.646060943604e-01 -9.898431038668e-01 -1.070740032155e-01 -2.135127781425e+00 -2.176713527180e+00 -2.489599120570e+00  2.448383831221e+00 
 9.737296965357e-03 -1.350719794864e-01 -9.968164319532e-01 -1.517339831044e-01 -2.086355487118e+00 -2.162027745973e+00 -2.507138053188e+00  2.448823913268e+00 
 9.747296965357e-03 -1.050047972967e-01 -9.998557809848e-01 -1.957951381919e-01 -2.029349300545e+00 -2.138809428085e+00 -2.514782457380e+00  2.439599605175e+00 
 9.757296965357e-03 -7.452320899756e-02 -9.989491560396e-01 -2.390835793340e-01 -1.964334198972e+00 -2.107150207274e+00 -2.512502163998e+00  2.420747312616e+00 
 9.767296965357e-03 -4.374751173600e-02 -9.941001351519e-01 -2.814284667838e-01 -1.891566768289e+00 -2.067175027216e+00 -2.500306172529e+00  2.392341436370e+00 
 9.777296965357e-03 -1.279916282874e-02 -9.853278551919e-01 -3.226626846008e-01 -1.811334187398e+00 -2.019041651627e+00 -2.478242614656e+00  2.354494081080e+00 
 9.787296965357e-03  1.819969845383e-02 -9.726669363409e-01 -3.626235001720e-01 -1.723953098059e+00 -1.962940040976e+00 -2.446398565429e+00  2.307354613276e+00 
 9.797296965357e-03  4.912673365470e-02 -9.561673454615e-01 -4.011532064178e-01 -1.629768353421e+00 -1.899091602536e+00 -2.404899698915e+00  2.251109070863e+00 
 9.807296965357e-03  7.985988826840e-02 -9.358941989008e-01 -4.380997442640e-01 -1.529151657829e+00 -1.827748317504e+00 -2.353909791796e+00  2.185979429582e+00 
 9.817296965357e-03  1.102778721979e-01 -9.119275055065e-01 -4.733173025306e-01 -1.422500099055e+00 -1.749191744719e+00 -2.293630078319e+00  2.112222726161e+00 
 9.827296965357e-03  1.402606399497e-01 -8.843618508680e-01 -5.066668935469e-01 -1.310234582517e+00 -1.663731911685e+00 -2.224298454588e+00  2.030130044762e+00 
 9.837296965357e-03  1.696898629307e-01 -8.533060240306e-01 -5.380169018172e-01 -1.192798168631e+00 -1.571706088493e+00 -2.146188541199e+00  1.940025367278e+00 
 9.847296965357e-03  1.984493976342e-01 -8.188825881548e-01 -5.672436031746e-01 -1.070654324722e+00 -1.473477459513e+00 -2.059608601965e+00  1.842264295996e+00 
 9.857296965357e-03  2.264257431380e-01 -7.812273968154e-01 -5.942316530272e-01 -9.442850979976e-01 -1.369433687767e+00 -1.964900328661e+00  1.737232648726e+00 
 9.867296965357e-03  2.535084896954e-01 -7.404890578496e-01 -6.188745421823e-01 -8.141892091371e-01 -1.259985387325e+00 -1.862437491422e+00  1.625344938432e+00 
 9.877296965357e-03  2.795907540713e-01 -6.968283468698e-01 -6.410750161158e-01 -6.808800873114e-01 -1.145564500010e+00 -1.752624464221e+00  1.507042733883e+00 
 9.887296965357e-03  3.045696014306e-01 -6.504175727555e-01 -6.607454599580e-01 -5.448838432785e-01 -1.026622592937e+00 -1.635894629057e+00  1.382792920293e+00 
 9.897296965357e-03  3.283464517444e-01 -6.014398976290e-01 -6.778082430828e-01 -4.067371913698e-01 -9.036290756194e-01 -1.512708665105e+00  1.253085854614e+00 
 9.907296965357e-03  3.508274687338e-01 -5.500886139983e-01 -6.921960269101e-01 -2.669853335246e-01 -7.770693472121e-01 -1.383552731015e+00  1.118433431655e+00 
 9.917296965357e-03  3.719239298371e-01 -4.965663819198e-01 -7.038520291680e-01 -1.261798066553e-01 -6.474428811343e-01 -1.248936546559e+00  9.793670629971e-01 
 9.927296965357e-03  3.915525771445e-01 -4.410844291914e-01 -7.127302489243e-01  1.512369425654e-02 -5.152612536331e-01 -1.109391380101e+00  8.364355796706e-01 
 9.937296965357e-03  4.096359453397e-01 -3.838617177333e-01 -7.187956479611e-01  1.563675089274e-01 -3.810461254325e-01 -9.654679526575e-01  6.902030672416e-01 
 9.947296965357e-03  4.261026675813e-01 -3.251240794451e-01 -7.220242891926e-01  2.969942124328e-01 -2.453271822887e-01 -8.177342643030e-01  5.412466389135e-01 
 9.957296965357e-03  4.408877572860e-01 -2.651033249504e-01 -7.224034301471e-01  4.364488154533e-01 -1.086400448112e-01 -6.667733523645e-01  3.901541570557e-01 
 9.967296965357e-03  4.539328644169e-01 -2.040363287462e-01 -7.199315747712e-01  5.741809543688e-01  2.847584527626e-02 -5.131809906452e-01  2.375219149904e-01 
 9.977296965357e-03  4.651865058695e-01 -1.421640943679e-01 -7.146184784360e-01  7.096470633987e-01  1.654793542111e-01 -3.575633380387e-01  8.395228254627e-02 
 9.987296965357e-03  4.746042687912e-01 -7.973080325763e-02 -7.064851095201e-01  8.423125197878e-01  3.018297918024e-01 -2.005345462385e-01 -6.994867127877e-02 
 9.993648482678e-03  4.795983798103e-01 -3.989716811259e-02 -6.998675519135e-01  9.248781115748e-01  3.878636442823e-01 -1.003471704389e-01 -1.675938018040e-01 
 1.000000000000e-02  4.838316612295e-01 -2.449293598295e-15 -6.921353082871e-01  1.005970655475e+00  4.732769674156e-01 -6.160329010819e-15 -2.649722604689e-01 
