 time                v(agudos)           v(entrada)          v(graves)           v(medio_alto)       v(medios)           v(pre)              v(salida)          
 0.000000000000e+00  0.000000000000e+00  0.000000000000e+00  0.000000000000e+00  0.000000000000e+00  0.000000000000e+00  0.000000000000e+00  0.000000000000e+00 
 1.000000000000e-07  1.575482970793e-03  6.283184893763e-04  2.948085574550e-07  1.579968686201e-03  3.940461602792e-06  1.580312225769e-03 -1.579711922106e-03 
 1.084010469878e-07  1.707804837224e-03  6.811038130560e-04  3.216562177166e-07  1.712699049676e-03  4.299305878419e-06  1.713074978738e-03 -1.712418949644e-03 
 1.252031409635e-07  1.972378217033e-03  7.866744545750e-04  3.795127825335e-07  1.978152704169e-03  5.072589751798e-06  1.978600469783e-03 -1.977822408278e-03 
 1.588073289149e-07  2.501103101167e-03  9.978157101337e-04  5.201925927789e-07  2.509017603188e-03  6.952571583341e-06  2.509651382866e-03 -2.508565831080e-03 
 2.260157048177e-07  3.556867526640e-03  1.420098078388e-03  9.014110827765e-07  3.570577699520e-03  1.204461418070e-05  3.571752849894e-03 -3.569799272707e-03 
 3.604324566233e-07  5.661672228598e-03  2.264661979888e-03  2.063220635229e-06  5.693018603779e-03  2.754441878849e-05  5.695953683698e-03 -5.691257102993e-03 
 6.292659602344e-07  9.844522166532e-03  3.953784334384e-03  5.983825424494e-06  9.935179397871e-03  7.970650028710e-05  9.944341647042e-03 -9.930172771552e-03 
 1.166932967457e-06  1.810427075907e-02  7.331990381706e-03  2.020891924559e-05  1.840858610740e-02  2.678831104959e-04  1.844102033556e-02 -1.839228921965e-02 
 2.242266981901e-06  3.420849197573e-02  1.408811289097e-02  7.416182982922e-05  3.531149388436e-02  9.733581017599e-04  3.543364936377e-02 -3.525587088384e-02 
 4.392935010790e-06  6.482153759862e-02  2.759812013383e-02  2.838105060050e-04  6.893972530088e-02  3.651914780221e-03  6.941327908498e-02 -6.875698785689e-02 
 8.694271068567e-06  1.201540209731e-01  5.460055039813e-02  1.107846988589e-03  1.354702850222e-01  1.370996375590e-02  1.373283116700e-01 -1.349712918325e-01 
 1.729694318412e-05  2.106223725132e-01  1.084660833979e-01  4.355623681477e-03  2.655053246417e-01  4.998334546690e-02  2.728079478402e-01 -2.649602818204e-01 
 2.729694318412e-05  2.881719165598e-01  1.706721152582e-01  1.076441624355e-02  4.112695523654e-01  1.140805884352e-01  4.292651496362e-01 -4.130152691774e-01 
 3.729694318412e-05  3.430702385376e-01  2.322045822523e-01  1.993137438330e-02  5.508249478880e-01  1.956393184955e-01  5.840282379359e-01 -5.586386968617e-01 
 4.729694318412e-05  3.809788053622e-01  2.928206438443e-01  3.176855232959e-02  6.837636079872e-01  2.893540010555e-01  7.364864335977e-01 -7.020985503531e-01 
 5.729694318412e-05  4.060200896929e-01  3.522810761322e-01  4.617842305743e-02  8.096992917126e-01  3.910098621272e-01  8.860380538972e-01 -8.432050020576e-01 
 6.729694318412e-05  4.212001097039e-01  4.103512159545e-01  6.305424550374e-02  9.282690841937e-01  4.972454966628e-01  1.032092886628e+00 -9.814959258868e-01 
 7.729694318412e-05  4.287154841586e-01  4.668018869990e-01  8.228046847216e-02  1.039134963299e+00  6.053685884690e-01  1.174074520415e+00 -1.116360075659e+00 
 8.729694318412e-05  4.301765424898e-01  5.214103042570e-01  1.037331696425e-01  1.141985262977e+00  7.132129195379e-01  1.311422618339e+00 -1.247117643200e+00 
 9.729694318412e-05  4.267694233567e-01  5.739609532539e-01  1.272805278422e-01  1.236536029028e+00  8.190274670487e-01  1.443595130346e+00 -1.373071925960e+00 
 1.072969431841e-04  4.193738211179e-01  6.242464405861e-01  1.527833269211e-01  1.322532264749e+00  9.213904343778e-01  1.570070431801e+00 -1.493541608250e+00 
 1.172969431841e-04  4.086484909640e-01  6.720683124083e-01  1.800954890205e-01  1.399749051780e+00  1.019142651348e+00  1.690349382698e+00 -1.607880199812e+00 
 1.272969431841e-04  3.950933157466e-01  7.172378376403e-01  2.090646353900e-01  1.467992554652e+00  1.111336007947e+00  1.803957296768e+00 -1.715487097135e+00 
 1.372969431841e-04  3.790943313506e-01  7.595767528020e-01  2.395326720434e-01  1.527100896696e+00  1.197193557862e+00  1.910445815534e+00 -1.815813298003e+00 
 1.472969431841e-04  3.609563608188e-01  7.989179655379e-01  2.713363984949e-01  1.576944905799e+00  1.276078667492e+00  2.009394677589e+00 -1.908363793350e+00 
 1.572969431841e-04  3.409266347298e-01  8.351062140547e-01  3.043081372743e-01  1.617428729311e+00  1.347471172223e+00  2.100413376698e+00 -1.992697973435e+00 
 1.672969431841e-04  3.192118588486e-01  8.679986798684e-01  3.382763801492e-01  1.648490312276e+00  1.410948952660e+00  2.183142703841e+00 -2.068428917942e+00 
 1.772969431841e-04  2.959905094467e-01  8.974655514436e-01  3.730664514005e-01  1.670101741794e+00  1.466173695866e+00  2.257256164099e+00 -2.135222115825e+00 
 1.872969431841e-04  2.714216596214e-01  9.233905365002e-01  4.085011826246e-01  1.682269450743e+00  1.512879882939e+00  2.322461265489e+00 -2.192793954009e+00 
 1.972969431841e-04  2.456512773642e-01  9.456713209662e-01  4.444015981862e-01  1.685034284135e+00  1.550866253208e+00  2.378500673454e+00 -2.240910165118e+00 
 2.072969431841e-04  2.188166824926e-01  9.642199727645e-01  4.805876080645e-01  1.678471427877e+00  1.579989163671e+00  2.425153225777e+00 -2.279384336690e+00 
 2.172969431841e-04  1.910496640194e-01  9.789632888406e-01  5.168787047733e-01  1.662690197816e+00  1.600157393841e+00  2.462234806269e+00 -2.308076530328e+00 
 2.272969431841e-04  1.624786182947e-01  9.898430840613e-01  5.530946631916e-01  1.637833692366e+00  1.611328044208e+00  2.489599070861e+00 -2.326892018126e+00 
 2.372969431841e-04  1.332299747155e-01  9.968164208456e-01  5.890562385321e-01  1.604078307049e+00  1.613503250759e+00  2.507138025248e+00 -2.335780120886e+00 
 2.472969431841e-04  1.034291013639e-01  9.998557786189e-01  6.245858609909e-01  1.561633119592e+00  1.606727509759e+00  2.514782451442e+00 -2.334733133182e+00 
 2.572969431841e-04  7.320083024388e-02  9.989491624246e-01  6.595083251595e-01  1.510739137419e+00  1.591085443040e+00  2.512502180063e+00 -2.323785303303e+00 
 2.672969431841e-04  4.266970733443e-02  9.941001502627e-01  6.936514675617e-01  1.451668422902e+00  1.566699882271e+00  2.500306210364e+00 -2.303011845120e+00 
 2.772969431841e-04  1.196003983569e-02  9.853278789689e-01  7.268468355760e-01  1.384723090101e+00  1.533730165800e+00  2.478242674493e+00 -2.272527951100e+00 
 2.872969431841e-04 -1.880420306770e-02  9.726669686902e-01  7.589303401764e-01  1.310234180884e+00  1.492370581254e+00  2.446398646920e+00 -2.232487788412e+00 
 2.972969431841e-04 -4.949959395162e-02  9.561673862555e-01  7.897428914439e-01  1.228560426505e+00  1.442848890787e+00  2.404899801593e+00 -2.183083455945e+00 
 3.072969431841e-04 -8.000352792442e-02  9.358942479784e-01  8.191310156835e-01  1.140086895321e+00  1.385424894746e+00  2.353909915313e+00 -2.124543884330e+00 
 3.172969431841e-04 -1.101945553964e-01  9.119275626741e-01  8.469474501908e-01  1.045223537716e+00  1.320389004657e+00  2.293630222091e+00 -2.057133670917e+00 
 3.272969431841e-04 -1.399527528556e-01  8.843619158999e-01  8.730517127551e-01  9.444036274217e-01  1.248060796876e+00  2.224298618152e+00 -1.981151832168e+00 
 3.372969431841e-04 -1.691601159691e-01  8.533060966702e-01  8.973106462508e-01  8.380821121391e-01  1.168787531322e+00  2.146188723855e+00 -1.896930473882e+00 
 3.472969431841e-04 -1.977009680995e-01  8.188826681154e-01  9.195989328437e-01  7.267338734819e-01  1.082942624576e+00  2.059608803247e+00 -1.804833369987e+00 
 3.572969431841e-04 -2.254623747722e-01  7.812274837815e-01  9.397995789768e-01  6.108519096160e-01  9.909240640700e-01  1.964900547522e+00 -1.705254447257e+00 
 3.672969431841e-04 -2.523345585796e-01  7.404891514780e-01  9.578043665970e-01  4.909454428707e-01  8.931527642999e-01  1.862437726930e+00 -1.598616177853e+00 
 3.772969431841e-04 -2.782113102730e-01  6.968284467909e-01  9.735142705031e-01  3.675379618653e-01  7.900708605302e-01  1.752624715562e+00 -1.485367879289e+00 
 3.872969431841e-04 -3.029903921415e-01  6.504176785750e-01  9.868398392573e-01  2.411652059818e-01  6.821399391629e-01  1.635894895182e+00 -1.365983922343e+00 
 3.972969431841e-04 -3.265739299241e-01  6.014400089292e-01  9.977015384939e-01  1.123730998370e-01  5.698392089689e-01  1.512708944967e+00 -1.240961853691e+00 
 4.072969431841e-04 -3.488687896170e-01  5.500887303401e-01  1.006030056393e+00 -1.828435383868e-02  4.536636137054e-01  1.383553023683e+00 -1.110820437199e+00 
 4.172969431841e-04 -3.697869399330e-01  4.965665028439e-01  1.011766566313e+00 -1.502472150605e-01  3.341218936257e-01  1.248936850694e+00 -9.760976156152e-01 
 4.272969431841e-04 -3.892457946786e-01  4.410845542207e-01  1.014862951473e+00 -2.829517717473e-01  2.117345979786e-01  1.109391694597e+00 -8.373484053798e-01 
 4.372969431841e-04 -4.071685358067e-01  3.838618463743e-01  1.015281985514e+00 -4.158327219193e-01  8.703205695201e-02  9.654682761757e-01 -6.951427260883e-01 
 4.472969431841e-04 -4.234844132443e-01  3.251242111901e-01  1.012997469981e+00 -5.483253621496e-01 -3.944768186921e-02  8.177345956792e-01 -5.500631746150e-01 
 4.572969431841e-04 -4.381290238234e-01  2.651034592795e-01  1.007994330605e+00 -6.798677770421e-01 -1.671609448094e-01  6.667736902018e-01 -4.027027511607e-01 
 4.672969431841e-04 -4.510445627384e-01  2.040364651293e-01  1.000268666889e+00 -8.099030164303e-01 -2.955605438328e-01  5.131813336920e-01 -2.536625456672e-01 
 4.772969431841e-04 -4.621800520690e-01  1.421642322666e-01  9.898277602624e-01 -9.378812569194e-01 -4.240979011520e-01  3.575636848400e-01 -1.035493928438e-01 
 4.872969431841e-04 -4.714915403165e-01  7.973094212784e-02  9.766900365939e-01 -1.063261934090e+00 -5.522251791554e-01  2.005348955281e-01  4.702649477193e-02 
 4.972969431841e-04 -4.789422759204e-01  1.698299038611e-02  9.608849866781e-01 -1.185515840305e+00 -6.793974062894e-01  4.271468656589e-02  1.974539057160e-01 
 5.072969431841e-04 -4.845028517884e-01 -4.583198545989e-02  9.424530405086e-01 -1.304127180018e+00 -8.050745931687e-01 -1.152740977413e-01  3.471230159565e-01 
 5.172969431841e-04 -4.881513210712e-01 -1.084660833979e-01  9.214454013854e-01 -1.418595569441e+00 -9.287238278193e-01 -2.728079478402e-01  4.954277657941e-01 
 5.272969431841e-04 -4.898732834845e-01 -1.706721152582e-01  8.979238357861e-01 -1.528437982779e+00 -1.049821344670e+00 -4.292651496362e-01  6.417682252954e-01 
 5.372969431841e-04 -4.896619424107e-01 -2.322045822523e-01  8.719604220241e-01 -1.633190623717e+00 -1.167854557978e+00 -5.840282379359e-01  7.855529361529e-01 
 5.472969431841e-04 -4.875181310927e-01 -2.928206438443e-01  8.436372588621e-01 -1.732410726836e+00 -1.282324050087e+00 -7.364864335977e-01  9.262012175131e-01 
 5.572969431841e-04 -4.834503100137e-01 -3.522810761322e-01  8.130461347755e-01 -1.825678275898e+00 -1.392745511374e+00 -8.860380538972e-01  1.063145434030e+00 
 5.672969431841e-04 -4.774745322065e-01 -4.103512159545e-01  7.802881577518e-01 -1.912597632734e+00 -1.498651619768e+00 -1.032092886628e+00  1.195833210890e+00 
 5.772969431841e-04 -4.696143813781e-01 -4.668018869990e-01  7.454733506311e-01 -1.992799071129e+00 -1.599593852647e+00 -1.174074520415e+00  1.323729588475e+00 
 5.872969431841e-04 -4.599008774967e-01 -5.214103042571e-01  7.087202091934e-01 -2.065940208267e+00 -1.695144229103e+00 -1.311422618281e+00  1.446319112130e+00 
 5.972969431841e-04 -4.483723552548e-01 -5.739609532539e-01  6.701552284649e-01 -2.131707331166e+00 -1.784896967700e+00 -1.443595130113e+00  1.563107842058e+00 
 6.072969431841e-04 -4.350743127870e-01 -6.242464405861e-01  6.299123970093e-01 -2.189816610422e+00 -1.868470060872e+00 -1.570070431801e+00  1.673625282149e+00 
 6.172969431841e-04 -4.200592308771e-01 -6.720683124084e-01  5.881326613016e-01 -2.240015193820e+00 -1.945506753400e+00 -1.690349382698e+00  1.777426213271e+00 
 6.272969431841e-04 -4.033863670775e-01 -7.172378376403e-01  5.449633643730e-01 -2.282082181424e+00 -2.015676926356e+00 -1.803957296768e+00  1.874092432691e+00 
 6.372969431841e-04 -3.851215217146e-01 -7.595767528020e-01  5.005576566327e-01 -2.315829475876e+00 -2.078678370453e+00 -1.910445815534e+00  1.963234382598e+00 
 6.472969431841e-04 -3.653367777588e-01 -7.989179655379e-01  4.550738871330e-01 -2.341102501377e+00 -2.134237956721e+00 -2.009394677472e+00  2.044492669376e+00 
 6.572969431841e-04 -3.441102165962e-01 -8.351062140547e-01  4.086749712587e-01 -2.357780791819e+00 -2.182112685870e+00 -2.100413376698e+00  2.117539461050e+00 
 6.672969431841e-04 -3.215256095282e-01 -8.679986798684e-01  3.615277429926e-01 -2.365778448060e+00 -2.222090630792e+00 -2.183142703841e+00  2.182079769009e+00 
 6.772969431841e-04 -2.976720877923e-01 -8.974655514436e-01  3.138022905914e-01 -2.365044452250e+00 -2.253991740290e+00 -2.257256164099e+00  2.237852586081e+00 
 6.872969431841e-04 -2.726437904057e-01 -9.233905365002e-01  2.656712795142e-01 -2.355562855955e+00 -2.277668537106e+00 -2.322461265605e+00  2.284631909470e+00 
 6.972969431841e-04 -2.465394925675e-01 -9.456713209662e-01  2.173092656594e-01 -2.337352816481e+00 -2.293006669730e+00 -2.378500673454e+00  2.322227607728e+00 
 7.072969431841e-04 -2.194622159295e-01 -9.642199727646e-01  1.688920014130e-01 -2.310468510725e+00 -2.299925349653e+00 -2.425153225777e+00  2.350486162225e+00 
 7.172969431841e-04 -1.915188222192e-01 -9.789632888406e-01  1.205957363127e-01 -2.274998898618e+00 -2.298377646133e+00 -2.462234806269e+00  2.369291254875e+00 
 7.272969431841e-04 -1.628195911762e-01 -9.898430840613e-01  7.259651651839e-02 -2.231067355257e+00 -2.288350653369e+00 -2.489599070861e+00  2.378564213770e+00 
 7.372969431841e-04 -1.334777856246e-01 -9.968164208456e-01  2.506948505470e-02 -2.178831170779e+00 -2.269865519833e+00 -2.507138025248e+00  2.378264307345e+00 
 7.472969431841e-04 -1.036092043796e-01 -9.998557786189e-01 -2.181181454216e-02 -2.118480909150e+00 -2.242977350019e+00 -2.514782451442e+00  2.368388895385e+00 
 7.572969431841e-04 -7.333172477956e-02 -9.989491624246e-01 -6.787612786866e-02 -2.050239643781e+00 -2.207774967421e+00 -2.512502180063e+00  2.348973424175e+00 
 7.672969431841e-04 -4.276483843569e-02 -9.941001502627e-01 -1.129551704216e-01 -1.974362060195e+00 -2.164380545262e+00 -2.500306210481e+00  2.320091273754e+00 
 7.772969431841e-04 -1.202917873343e-02 -9.853278789689e-01 -1.568842963025e-01 -1.891133436467e+00 -2.112949111499e+00 -2.478242674493e+00  2.281853459121e+00 
 7.872969431841e-04  1.875395458410e-02 -9.726669686902e-01 -1.995031527185e-01 -1.800868504448e+00 -2.053667913890e+00 -2.446398646920e+00  2.234408174391e+00 
 7.972969431841e-04  4.946307455975e-02 -9.561673862555e-01 -2.406563174154e-01 -1.703910191311e+00 -1.986755674006e+00 -2.404899801593e+00  2.177940205101e+00 
 8.072969431841e-04  7.997698651161e-02 -9.358942479784e-01 -2.801939163473e-01 -1.600628256332e+00 -1.912461701781e+00 -2.353909915313e+00  2.112670180936e+00 
 8.172969431841e-04  1.101752657269e-01 -9.119275626741e-01 -3.179722196073e-01 -1.491417815909e+00 -1.831064899452e+00 -2.293630222091e+00  2.038853697918e+00 
 8.272969431841e-04  1.399387335987e-01 -8.843619158999e-01 -3.538542128517e-01 -1.376697772415e+00 -1.742872647475e+00 -2.224298618152e+00  1.956780299607e+00 
 8.372969431841e-04  1.691499270964e-01 -8.533060966702e-01 -3.877101425896e-01 -1.256909149699e+00 -1.648219575873e+00 -2.146188723855e+00  1.866772324277e+00 
 8.472969431841e-04  1.976935631537e-01 -8.188826681154e-01 -4.194180318154e-01 -1.132513339398e+00 -1.547466230346e+00 -2.059608803131e+00  1.769183622273e+00 
 8.572969431841e-04  2.254569929792e-01 -7.812274837815e-01 -4.488641659264e-01 -1.003990271012e+00 -1.440997637110e+00 -1.964900547522e+00  1.664398152464e+00 
 8.672969431841e-04  2.523306472285e-01 -7.404891514780e-01 -4.759435453452e-01 -8.718365032692e-01 -1.329221771332e+00 -1.862437726930e+00  1.552828458134e+00 
 8.772969431841e-04  2.782084675855e-01 -6.968284467909e-01 -5.005603035679e-01 -7.365632571746e-01 -1.212567932205e+00 -1.752624715562e+00  1.434914028532e+00 
 8.872969431841e-04  3.029883262352e-01 -6.504176785749e-01 -5.226280898205e-01 -5.986943861935e-01 -1.091485040030e+00 -1.635894895182e+00  1.311119559137e+00 
 8.972969431841e-04  3.265724283992e-01 -6.014400089292e-01 -5.420704130083e-01 -4.587642992847e-01 -9.664398502791e-01 -1.512708944967e+00  1.181933107156e+00 
 9.072969431841e-04  3.488676982815e-01 -5.500887303401e-01 -5.588209478883e-01 -3.173158425489e-01 -8.379151029512e-01 -1.383553023683e+00  1.047864161101e+00 
 9.172969431841e-04  3.697861467372e-01 -4.965665028439e-01 -5.728237999137e-01 -1.748981466226e-01 -7.064076042734e-01 -1.248936850752e+00  9.094416196835e-01 
 9.272969431841e-04  3.892452183645e-01 -4.410845542207e-01 -5.840337297413e-01 -3.206445084288e-02 -5.724262574222e-01 -1.109391694597e+00  7.672116999522e-01 
 9.372969431841e-04  4.071681168862e-01 -3.838618463743e-01 -5.924163354794e-01  1.106300887332e-01 -4.364900428918e-01 -9.654682762339e-01  6.217357745419e-01 
 9.472969431841e-04  4.234841088764e-01 -3.251242111901e-01 -5.979481906397e-01  2.526305992797e-01 -2.991259610862e-01 -8.177345956210e-01  4.735881484969e-01 
 9.572969431841e-04  4.381288025179e-01 -2.651034592794e-01 -6.006169419270e-01  3.933846888831e-01 -1.608669426641e-01 -6.667736902018e-01  3.233537886581e-01 
 9.672969431841e-04  4.510444019688e-01 -2.040364651293e-01 -6.004213592969e-01  5.323446351103e-01 -2.224973639386e-02 -5.131813336629e-01  1.716260072179e-01 
 9.772969431841e-04  4.621799352462e-01 -1.421642322666e-01 -5.973713452695e-01  6.689695541281e-01  1.161872182711e-01 -3.575636848400e-01  1.900411573571e-02 
 9.872969431841e-04  4.714914553333e-01 -7.973094212784e-02 -5.914878993062e-01  8.027275429340e-01  2.539059247065e-01 -2.005348955281e-01 -1.339089450978e-01 
 9.972969431841e-04  4.789422142203e-01 -1.698299038610e-02 -5.828030366683e-01  9.330977853388e-01  3.903709609294e-01 -4.271468656589e-02 -2.865089924454e-01 
 1.007296943184e-03  4.845028069103e-01  4.583198545989e-02 -5.713596664136e-01  1.059572615661e+00  5.250516002998e-01  1.152740977413e-01 -4.381929880245e-01 
 1.017296943184e-03  4.881512884167e-01  1.084660833979e-01 -5.572114242241e-01  1.181659527589e+00  6.574239139445e-01  2.728079478402e-01 -5.883614246914e-01 
 1.027296943184e-03  4.898732597358e-01  1.706721152582e-01 -5.404224644881e-01  1.298883126117e+00  7.869728471851e-01  4.292651496071e-01 -7.364206967500e-01 
 1.037296943184e-03  4.896619251813e-01  2.322045822523e-01 -5.210672090179e-01  1.410787008237e+00  9.131942579988e-01  5.840282379359e-01 -8.817854470204e-01 
 1.047296943184e-03  4.875181186362e-01  2.928206438443e-01 -4.992300572922e-01  1.516935572959e+00  1.035596914706e+00  7.364864335977e-01 -1.023880880526e+00 
 1.057296943184e-03  4.834503008169e-01  3.522810761322e-01 -4.750050551374e-01  1.616915743798e+00  1.153704441153e+00  8.860380538390e-01 -1.162145038252e+00 
 1.067296943184e-03  4.774745256291e-01  4.103512159545e-01 -4.484955269727e-01  1.710338606499e+00  1.267057203921e+00  1.032092886686e+00 -1.296031018453e+00 
 1.077296943184e-03  4.696143765468e-01  4.668018869990e-01 -4.198136704508e-01  1.796840948984e+00  1.375214132713e+00  1.174074520415e+00 -1.425009138773e+00 
 1.087296943184e-03  4.599008740624e-01  5.214103042571e-01 -3.890801165253e-01  1.876086700475e+00  1.477754466468e+00  1.311422618339e+00 -1.548569029729e+00 
 1.097296943184e-03  4.483723529265e-01  5.739609532539e-01 -3.564234554069e-01  1.947768263286e+00  1.574279421242e+00  1.443595130346e+00 -1.666221653875e+00 
 1.107296943184e-03  4.350743109826e-01  6.242464405861e-01 -3.219797324855e-01  2.011607731460e+00  1.664413768798e+00  1.570070431917e+00 -1.777501237290e+00 
 1.117296943184e-03  4.200592293637e-01  6.720683124084e-01 -2.858919129940e-01  2.067357993219e+00  1.747807324864e+00  1.690349382698e+00 -1.881967113365e+00 
 1.127296943184e-03  4.033863660297e-01  7.172378376403e-01 -2.483093211777e-01  2.114803709555e+00  1.824136334471e+00  1.803957296768e+00 -1.979205462502e+00 
 1.137296943184e-03  3.851215209579e-01  7.595767528020e-01 -2.093870524259e-01  2.153762171045e+00  1.893104756484e+00  1.910445815534e+00 -2.068830949692e+00 
 1.147296943184e-03  3.653367772349e-01  7.989179655379e-01 -1.692853642162e-01  2.184084022418e+00  1.954445437295e+00  2.009394677472e+00 -2.150488248361e+00 
 1.157296943184e-03  3.441102162469e-01  8.351062140547e-01 -1.281690458127e-01  2.205653854646e+00  2.007921168813e+00  2.100413376698e+00 -2.223853443834e+00 
 1.167296943184e-03  3.215256092371e-01  8.679986798684e-01 -8.620677000727e-02  2.218390667345e+00  2.053325631889e+00  2.183142703841e+00 -2.288635316577e+00 
 1.177296943184e-03  2.976720875595e-01  8.974655514436e-01 -4.357042982156e-02  2.222248191480e+00  2.090484211687e+00  2.257256164099e+00 -2.344576491119e+00 
 1.187296943184e-03  2.726437903475e-01  9.233905365002e-01 -4.344623482666e-04  2.217215076555e+00  2.119254694786e+00  2.322461265605e+00 -2.391454456967e+00 
 1.197296943184e-03  2.465394924220e-01  9.456713209662e-01  4.302483763604e-02  2.203314937185e+00  2.139527834486e+00  2.378500673454e+00 -2.429082448214e+00 
 1.207296943184e-03  2.194622159586e-01  9.642199727646e-01  8.663001125387e-02  2.180606266484e+00  2.151227783412e+00  2.425153225893e+00 -2.457310181384e+00 
 1.217296943184e-03  1.915188221319e-01  9.789632888406e-01  1.302031338128e-01  2.149182206951e+00  2.154312400613e+00  2.462234806269e+00 -2.476024452460e+00 
 1.227296943184e-03  1.628195911180e-01  9.898430840613e-01  1.735665149754e-01  2.109170186799e+00  2.148773419671e+00  2.489599070861e+00 -2.485149585166e+00 
 1.237296943184e-03  1.334777855955e-01  9.968164208456e-01  2.165433979826e-01  2.060731421458e+00  2.134636485018e+00  2.507138025248e+00 -2.484647730005e+00 
 1.247296943184e-03  1.036092042341e-01  9.998557786189e-01  2.589586553804e-01  2.004060280044e+00  2.111961056478e+00  2.514782451326e+00 -2.474519018017e+00 
 1.257296943184e-03  7.333172479412e-02  9.989491624246e-01  3.006394781405e-01  1.939383520279e+00  2.080840177601e+00  2.512502180063e+00 -2.454801561330e+00 
 1.267296943184e-03  4.276483834110e-02  9.941001502627e-01  3.414160557440e-01  1.866959398380e+00  2.041400109883e+00  2.500306210364e+00 -2.425571301683e+00 
 1.277296943184e-03  1.202917876071e-02  9.853278789689e-01  3.811222447548e-01  1.787076652283e+00  1.993799841031e+00  2.478242674493e+00 -2.386941716780e+00 
 1.287296943184e-03 -1.875395456227e-02  9.726669686902e-01  4.195962222875e-01  1.700053364271e+00  1.938230458647e+00  2.446398646920e+00 -2.339063370119e+00 
 1.297296943184e-03 -4.946307455248e-02  9.561673862555e-01  4.566811232944e-01  1.606235709973e+00  1.874914400745e+00  2.404899801593e+00 -2.282123320994e+00 
 1.307296943184e-03 -7.997698649706e-02  9.358942479784e-01  4.922256573336e-01  1.505996593740e+00  1.804104580078e+00  2.353909915313e+00 -2.216344385537e+00 
 1.317296943184e-03 -1.101752657123e-01  9.119275626741e-01  5.260847047903e-01  1.399734179722e+00  1.726083389018e+00  2.293630222091e+00 -2.141984260159e+00 
 1.327296943184e-03 -1.399387335987e-01  8.843619158999e-01  5.581198867876e-01  1.287870324682e+00  1.641161588952e+00  2.224298618152e+00 -2.059334504803e+00 
 1.337296943184e-03 -1.691499270964e-01  8.533060966702e-01  5.882001109421e-01  1.170848912094e+00  1.549677085830e+00  2.146188723855e+00 -1.968719394798e+00 
 1.347296943184e-03 -1.976935631828e-01  8.188826681154e-01  6.162020857446e-01  1.049134106142e+00  1.451993599534e+00  2.059608803131e+00 -1.870494640117e+00 
 1.357296943184e-03 -2.254569930374e-01  7.812274837815e-01  6.420108067105e-01  9.232085214462e-01  1.348499231739e+00  1.964900547406e+00 -1.765045985228e+00 
 1.367296943184e-03 -2.523306471703e-01  7.404891514780e-01  6.655200078385e-01  7.935713191982e-01  1.239604935981e+00  1.862437726930e+00 -1.652787685499e+00 
 1.377296943184e-03 -2.782084675855e-01  6.968284467909e-01  6.866325801238e-01  6.607362409122e-01  1.125742898788e+00  1.752624715562e+00 -1.534160874683e+00 
 1.387296943184e-03 -3.029883261188e-01  6.504176785749e-01  7.052609527018e-01  5.252295820974e-01  1.007364836056e+00  1.635894895182e+00 -1.409631824111e+00 
 1.397296943184e-03 -3.265724282828e-01  6.014400089292e-01  7.213274374371e-01  3.875881184940e-01  8.849402136402e-01  1.512708944967e+00 -1.279690104034e+00 
 1.407296943184e-03 -3.488676982233e-01  5.500887303401e-01  7.347645336995e-01  2.483569883625e-01  7.589543955401e-01  1.383553023799e+00 -1.144846651630e+00 
 1.417296943184e-03 -3.697861467954e-01  4.965665028439e-01  7.455151939066e-01  1.080875431508e-01  6.299067320069e-01  1.248936850694e+00 -1.005631756591e+00 
 1.427296943184e-03 -3.892452184227e-01  4.410845542207e-01  7.535330462269e-01 -3.266482538675e-02  4.983085898566e-01  1.109391694539e+00 -8.625929672890e-01 
 1.437296943184e-03 -4.071681168280e-01  3.838618463743e-01  7.587825775845e-01 -1.733428765438e-01  3.646813369705e-01  9.654682762339e-01 -7.162929325553e-01 
 1.447296943184e-03 -4.234841089346e-01  3.251242111901e-01  7.612392712617e-01 -3.133897177177e-01  2.295542864595e-01  8.177345956210e-01 -5.673071795578e-01 
 1.457296943184e-03 -4.381288025179e-01  2.651034592794e-01  7.608897029422e-01 -4.522509998642e-01  9.346260990424e-02  6.667736902018e-01 -4.162218454412e-01 
 1.467296943184e-03 -4.510444019106e-01  2.040364651292e-01  7.577315923991e-01 -5.893771046540e-01 -4.305477291200e-02  5.131813336629e-01 -2.636313630510e-01 
 1.477296943184e-03 -4.621799351298e-01  1.421642322666e-01  7.517738108290e-01 -7.242253113072e-01 -1.794573192019e-01  3.575636848691e-01 -1.101361159528e-01 
 1.487296943184e-03 -4.714914553915e-01  7.973094212783e-02  7.430363451131e-01 -8.562619368313e-01 -3.152049944620e-01  2.005348955136e-01  4.365993010069e-02 
 1.497296943184e-03 -4.789422142203e-01  1.698299038609e-02  7.315502173733e-01 -9.849644411588e-01 -4.497604023200e-01  4.271468656589e-02  1.971516105605e-01 
 1.507296943184e-03 -4.845028069103e-01 -4.583198545990e-02  7.173573613400e-01 -1.109823487932e+00 -5.825909031555e-01 -1.152740977413e-01  3.497349497861e-01 
 1.517296943184e-03 -4.881512884167e-01 -1.084660833979e-01  7.005104556447e-01 -1.230344951851e+00 -7.131707153749e-01 -2.728079478402e-01  5.008095449087e-01 
 1.527296943184e-03 -4.898732596776e-01 -1.706721152582e-01  6.810727153206e-01 -1.346051870612e+00 -8.409829881275e-01 -4.292651496071e-01  6.497809333607e-01 
 1.537296943184e-03 -4.896619251813e-01 -2.322045822523e-01  6.591176399961e-01 -1.456486321520e+00 -9.655218399130e-01 -5.840282379359e-01  7.960629408464e-01 
 1.547296943184e-03 -4.875181186362e-01 -2.928206438444e-01  6.347287242534e-01 -1.561211231630e+00 -1.086294353707e+00 -7.364864335977e-01  9.390799917696e-01 
 1.557296943184e-03 -4.834503008169e-01 -3.522810761322e-01  6.079991257284e-01 -1.659812098369e+00 -1.202822521096e+00 -8.860380538390e-01  1.078269383107e+00 
 1.567296943184e-03 -4.774745255709e-01 -4.103512159545e-01  5.790312967729e-01 -1.751898625866e+00 -1.314645125531e+00 -1.032092886628e+00  1.213083501995e+00 
 1.577296943184e-03 -4.696143765468e-01 -4.668018869990e-01  5.479365794454e-01 -1.837106263964e+00 -1.421319564106e+00 -1.174074520357e+00  1.342991989239e+00 
 1.587296943184e-03 -4.599008740042e-01 -5.214103042571e-01  5.148347647628e-01 -1.915097644320e+00 -1.522423591930e+00 -1.311422618281e+00  1.467483831237e+00 
 1.597296943184e-03 -4.483723528683e-01 -5.739609532539e-01  4.798536184244e-01 -1.985563912895e+00 -1.617556985002e+00 -1.443595130229e+00  1.586069375168e+00 
 1.607296943184e-03 -4.350743109244e-01 -6.242464405861e-01  4.431283767335e-01 -2.048225946724e+00 -1.706343122292e+00 -1.570070431801e+00  1.698282263354e+00 
 1.617296943184e-03 -4.200592294801e-01 -6.720683124084e-01  4.048012109124e-01 -2.102835453581e+00 -1.788430467714e+00 -1.690349382698e+00  1.803681271556e+00 
 1.627296943184e-03 -4.033863660879e-01 -7.172378376404e-01  3.650206652819e-01 -2.149175953120e+00 -1.863493958721e+00 -1.803957296768e+00  1.901852052119e+00 
 1.637296943184e-03 -3.851215210161e-01 -7.595767528020e-01  3.239410703536e-01 -2.187063628808e+00 -1.931236286648e+00 -1.910445815534e+00  1.992408767675e+00 
 1.647296943184e-03 -3.653367772931e-01 -7.989179655379e-01  2.817219326971e-01 -2.216348051094e+00 -1.991389069473e+00 -2.009394677472e+00  2.074995614087e+00 
 1.657296943184e-03 -3.441102161887e-01 -8.351062140547e-01  2.385273043183e-01 -2.236912773456e+00 -2.043713909341e+00 -2.100413376698e+00  2.149288224059e+00 
 1.667296943184e-03 -3.215256092371e-01 -8.679986798684e-01  1.945251346042e-01 -2.248675788287e+00 -2.088003332959e+00 -2.183142703841e+00  2.214994947613e+00 
 1.677296943184e-03 -2.976720875595e-01 -8.974655514436e-01  1.498866065813e-01 -2.251589850988e+00 -2.124081610236e+00 -2.257256164099e+00  2.271858003783e+00 
 1.687296943184e-03 -2.726437902311e-01 -9.233905365002e-01  1.047854602220e-01 -2.245642665308e+00 -2.151805446483e+00 -2.322461265489e+00  2.319654497874e+00 
 1.697296943184e-03 -2.465394925093e-01 -9.456713209662e-01  5.939730630053e-02 -2.230856931303e+00 -2.171064543538e+00 -2.378500673454e+00  2.358197296957e+00 
 1.707296943184e-03 -2.194622158713e-01 -9.642199727646e-01  1.389893224950e-02 -2.207290254068e+00 -2.181782041211e+00 -2.425153225777e+00  2.387335775489e+00 
 1.717296943184e-03 -1.915188221610e-01 -9.789632888406e-01 -3.153239628591e-02 -2.175034917891e+00 -2.183914812282e+00 -2.462234806269e+00  2.406956402903e+00 
 1.727296943184e-03 -1.628195911762e-01 -9.898430840613e-01 -7.671963579196e-02 -2.134217517450e+00 -2.177453637123e+00 -2.489599070861e+00  2.416983196159e+00 
 1.737296943184e-03 -1.334777856828e-01 -9.968164208456e-01 -1.214866644441e-01 -2.084998461884e+00 -2.162423237693e+00 -2.507138025365e+00  2.417378018307e+00 
 1.747296943184e-03 -1.036092042195e-01 -9.998557786189e-01 -1.656589779013e-01 -2.027571337530e+00 -2.138882178348e+00 -2.514782451326e+00  2.408140727906e+00 
 1.757296943184e-03 -7.333172477956e-02 -9.989491624246e-01 -2.090643788106e-01 -1.962162146112e+00 -2.106922635343e+00 -2.512502180063e+00  2.389309181696e+00 
 1.767296943184e-03 -4.276483832655e-02 -9.941001502627e-01 -2.515336569923e-01 -1.889028409729e+00 -2.066670029657e+00 -2.500306210364e+00  2.360959081139e+00 
 1.777296943184e-03 -1.202917875889e-02 -9.853278789689e-01 -2.929012581590e-01 -1.808458155254e+00 -2.018282535952e+00 -2.478242674493e+00  2.323203680055e+00 
 1.787296943184e-03  1.875395466413e-02 -9.726669686902e-01 -3.330059379223e-01 -1.720768776722e+00 -1.961950453231e+00 -2.446398646804e+00  2.276193331716e+00 
 1.797296943184e-03  4.946307462524e-02 -9.561673862554e-01 -3.716913986136e-01 -1.626305782469e+00 -1.897895454429e+00 -2.404899801477e+00  2.220114897958e+00 
 1.807296943184e-03  7.997698643885e-02 -9.358942479784e-01 -4.088069072459e-01 -1.525441430509e+00 -1.826369712828e+00 -2.353909915313e+00  2.155191012871e+00 
 1.817296943184e-03  1.101752656978e-01 -9.119275626741e-01 -4.442078908905e-01 -1.418573258677e+00 -1.747654904146e+00 -2.293630222091e+00  2.081679202622e+00 
 1.827296943184e-03  1.399387335987e-01 -8.843619158999e-01 -4.777565076947e-01 -1.306122516049e+00 -1.662061094306e+00 -2.224298618152e+00  1.999870868919e+00 
 1.837296943184e-03  1.691499270964e-01 -8.533060966702e-01 -5.093221916468e-01 -1.188532499364e+00 -1.569925516378e+00 -2.146188723855e+00  1.910090140568e+00 
 1.847296943184e-03  1.976935630373e-01 -8.188826681154e-01 -5.387821686454e-01 -1.066266803071e+00 -1.471611237852e+00 -2.059608803247e+00  1.812692592690e+00 
 1.857296943184e-03  2.254569929501e-01 -7.812274837815e-01 -5.660219416022e-01 -9.398074895144e-01 -1.367505728500e+00 -1.964900547522e+00  1.708063844897e+00 
 1.867296943184e-03  2.523306472285e-01 -7.404891514780e-01 -5.909357429482e-01 -8.096531853080e-01 -1.258019330213e+00 -1.862437726930e+00  1.596618039460e+00 
 1.877296943184e-03  2.782084676437e-01 -6.968284467909e-01 -6.134269521572e-01 -6.763171141502e-01 -1.143583635800e+00 -1.752624715562e+00  1.478796205128e+00 
 1.887296943184e-03  3.029883261770e-01 -6.504176785749e-01 -6.334084786940e-01 -5.403250701493e-01 -1.024649786763e+00 -1.635894895182e+00  1.355064519022e+00 
 1.897296943184e-03  3.265724283410e-01 -6.014400089292e-01 -6.508031052072e-01 -4.022133420222e-01 -9.016866923776e-01 -1.512708944967e+00  1.225912465594e+00 
 1.907296943184e-03  3.488676981651e-01 -5.500887303401e-01 -6.655437938171e-01 -2.625265974202e-01 -7.751791772898e-01 -1.383553023799e+00  1.091850905538e+00 
 1.917296943184e-03  3.697861469118e-01 -4.965665028439e-01 -6.775739499135e-01 -1.218157313851e-01 -6.456260688137e-01 -1.248936850694e+00  9.534100581752e-01 
 1.927296943184e-03  3.892452183645e-01 -4.410845542207e-01 -6.868476480013e-01  1.936430657224e-02 -5.135382277076e-01 -1.109391694539e+00  8.111374127947e-01 
 1.937296943184e-03  4.071681168280e-01 -3.838618463743e-01 -6.933298114454e-01  1.604567040922e-01 -3.794365312206e-01 -9.654682762339e-01  6.655955634558e-01 
 1.947296943184e-03  4.234841088764e-01 -3.251242111901e-01 -6.969963528682e-01  3.009049835964e-01 -2.438498173433e-01 -8.177345956210e-01  5.173599918950e-01 
 1.957296943184e-03  4.381288025179e-01 -2.651034592794e-01 -6.978342691436e-01  4.401551983319e-01 -1.073127971904e-01 -6.667736902018e-01  3.670167957490e-01 
 1.967296943184e-03  4.510444019688e-01 -2.040364651292e-01 -6.958416934358e-01  5.776581193786e-01  2.963605564219e-02 -5.131813336920e-01  2.151603751833e-01 
 1.977296943184e-03  4.621799352462e-01 -1.421642322666e-01 -6.910279025324e-01  7.128714034334e-01  1.664566304826e-01 -3.575636848400e-01  6.239108723921e-02 
 1.987296943184e-03  4.714914553915e-01 -7.973094212782e-02 -6.834132818040e-01  8.452617332805e-01  3.026093116496e-01 -2.005348955136e-01 -9.068712248865e-02 
 1.997296943184e-03  4.789422142203e-01 -1.698299038609e-02 -6.730292438297e-01  9.743069229880e-01  4.375571082928e-01 -4.271468656952e-02 -2.434691048070e-01 
 2.007296943184e-03  4.845028069103e-01  4.583198545991e-02 -6.599181063939e-01  1.099497979507e+00  5.707677742466e-01  1.152740977413e-01 -3.953508933595e-01 
 2.017296943184e-03  4.881512884167e-01  1.084660833979e-01 -6.441329244990e-01  1.220341110835e+00  7.017159082461e-01  2.728079478402e-01 -5.457320892355e-01 
 2.027296943184e-03  4.898732597940e-01  1.706721152582e-01 -6.257372825639e-01  1.336359675275e+00  8.298850284191e-01  4.292651496362e-01 -6.940182295762e-01 
 2.037296943184e-03  4.896619251813e-01  2.322045822523e-01 -6.048050435493e-01  1.447096063988e+00  9.547696111258e-01  5.840282379359e-01 -8.396231342653e-01 
 2.047296943184e-03  4.875181185780e-01  2.928206438444e-01 -5.814200574532e-01  1.552113505546e+00  1.075877085561e+00  7.364864335977e-01 -9.819712188009e-01 
 2.057296943184e-03  4.834503008169e-01  3.522810761322e-01 -5.556758317398e-01  1.650997790508e+00  1.192729777656e+00  8.860380538390e-01 -1.120499764735e+00 
 2.067296943184e-03  4.774745255709e-01  4.103512159545e-01 -5.276751617203e-01  1.743358907057e+00  1.304866798222e+00  1.032092886628e+00 -1.254661143428e+00 
 2.077296943184e-03  4.696143764886e-01  4.668018869990e-01 -4.975297259516e-01  1.828832579777e+00  1.411845857743e+00  1.174074520357e+00 -1.383924972580e+00 
 2.087296943184e-03  4.599008740042e-01  5.214103042571e-01 -4.653596459539e-01  1.907081707148e+00  1.513245016336e+00  1.311422618281e+00 -1.507780213266e+00 
 2.097296943184e-03  4.483723528683e-01  5.739609532539e-01 -4.312930121087e-01  1.977797693573e+00  1.608664346393e+00  1.443595130229e+00 -1.625737184204e+00 
 2.107296943184e-03  4.350743110408e-01  6.242464405861e-01 -3.954653785913e-01  2.040701665450e+00  1.697727512801e+00  1.570070431917e+00 -1.737329495933e+00 
 2.117296943184e-03  4.200592294801e-01  6.720683124084e-01 -3.580192293157e-01  2.095545574091e+00  1.780083257472e+00  1.690349382698e+00 -1.842115889173e+00 
 2.127296943184e-03  4.033863660879e-01  7.172378376404e-01 -3.191034153569e-01  2.142113172915e+00  1.855406786315e+00  1.803957296768e+00 -1.939681978318e+00 
 2.137296943184e-03  3.851215210161e-01  7.595767528020e-01 -2.788725681603e-01  2.180220872164e+00  1.923401051201e+00  1.910445815534e+00 -2.029641885489e+00 
 2.147296943184e-03  3.653367772349e-01  7.989179655379e-01 -2.374864896410e-01  2.209718464874e+00  1.983797922032e+00  2.009394677472e+00 -2.111639763067e+00 
 2.157296943184e-03  3.441102161305e-01  8.351062140547e-01 -1.951095219410e-01  2.230489716399e+00  2.036359246122e+00  2.100413376582e+00 -2.185351198906e+00 
 2.167296943184e-03  3.215256092953e-01  8.679986798684e-01 -1.519098990539e-01  2.242452826351e+00  2.080877787434e+00  2.183142703841e+00 -2.250484495737e+00 
 2.177296943184e-03  2.976720876177e-01  8.974655514436e-01 -1.080590833299e-01  2.245560750365e+00  2.117178044748e+00  2.257256164099e+00 -2.306781821908e+00 
 2.187296943184e-03  2.726437902311e-01  9.233905365002e-01 -6.373108897242e-02  2.239801387768e+00  2.145116944332e+00  2.322461265489e+00 -2.354020229509e+00 
 2.197296943184e-03  2.465394925093e-01  9.456713209662e-01 -1.910179590050e-02  2.225197624415e+00  2.164584406652e+00  2.378500673454e+00 -2.392012535210e+00 
 2.207296943184e-03  2.194622158713e-01  9.642199727646e-01  2.565174432311e-02  2.201807250269e+00  2.175503776409e+00  2.425153225777e+00 -2.420608054171e+00 
 2.217296943184e-03  1.915188221901e-01  9.789632888406e-01  7.035200674727e-02  2.169722723775e+00  2.177832132205e+00  2.462234806269e+00 -2.439693202370e+00 
 2.227296943184e-03  1.628195911762e-01  9.898430840613e-01  1.148216933943e-01  2.129070812836e+00  2.171560449060e+00  2.489599070861e+00 -2.449191936863e+00 
 2.237296943184e-03  1.334777856246e-01  9.968164208456e-01  1.588844326325e-01  2.080012090039e+00  2.156713638455e+00  2.507138025248e+00 -2.449066060447e+00 
 2.247296943184e-03  1.036092042632e-01  9.998557786189e-01  2.023654749501e-01  2.022740304703e+00  2.133350448217e+00  2.514782451326e+00 -2.439315370169e+00 
 2.257296943184e-03  7.333172480867e-02  9.989491624246e-01  2.450923823635e-01  1.957481612684e+00  2.101563232951e+00  2.512502180063e+00 -2.419977660212e+00 
 2.267296943184e-03  4.276483843569e-02  9.941001502627e-01  2.868957085302e-01  1.884493687190e+00  2.061477587325e+00  2.500306210481e+00 -2.391128569777e+00 
 2.277296943184e-03  1.202917874252e-02  9.853278789689e-01  3.276096673217e-01  1.804064701544e+00  2.013251851778e+00  2.478242674493e+00 -2.352881286318e+00 
 2.287296943184e-03 -1.875395457682e-02  9.726669686902e-01  3.670727868448e-01  1.716512190877e+00  1.957076488063e+00  2.446398646920e+00 -2.305386098786e+00 
 2.297296943184e-03 -4.946307465434e-02  9.561673862554e-01  4.051285461173e-01  1.622181800427e+00  1.893173326273e+00  2.404899801477e+00 -2.248829802416e+00 
 2.307296943184e-03 -7.997698648251e-02  9.358942479784e-01  4.416259928839e-01  1.521445921157e+00  1.821794691728e+00  2.353909915313e+00 -2.183434964390e+00 
 2.317296943184e-03 -1.101752656978e-01  9.119275626741e-01  4.764203390805e-01  1.414702220121e+00  1.743222406833e+00  2.293630222091e+00 -2.109459042379e+00 
 2.327296943184e-03 -1.399387334823e-01  8.843619158999e-01  5.093735316768e-01  1.302372070728e+00  1.657766680932e+00  2.224298618268e+00 -2.027193370353e+00 
 2.337296943184e-03 -1.691499271255e-01  8.533060966702e-01  5.403547975002e-01  1.184898890322e+00  1.565764885396e+00  2.146188723855e+00 -1.936962007922e+00 
 2.347296943184e-03 -1.976935631828e-01  8.188826681154e-01  5.692411588971e-01  1.062746390468e+00  1.467580221593e+00  2.059608803131e+00 -1.839120460826e+00 
 2.357296943184e-03 -2.254569929792e-01  7.812274837815e-01  5.959179190686e-01  9.363967471290e-01  1.363600289449e+00  1.964900547522e+00 -1.734054279321e+00 
 2.367296943184e-03 -2.523306472285e-01  7.404891514780e-01  6.202791145770e-01  8.063486965839e-01  1.254235555651e+00  1.862437726930e+00 -1.622177534289e+00 
 2.377296943184e-03 -2.782084675855e-01  6.968284467909e-01  6.422279324615e-01  6.731155690504e-01  1.139917735709e+00  1.752624715562e+00 -1.503931184860e+00 
 2.387296943184e-03 -3.029883261188e-01  6.504176785749e-01  6.616770933615e-01  5.372232616646e-01  1.021098089404e+00  1.635894895298e+00 -1.379781337522e+00 
 2.397296943184e-03 -3.265724283410e-01  6.014400089292e-01  6.785491947085e-01  3.992081630277e-01  8.982456396334e-01  1.512708944967e+00 -1.250217405131e+00 
 2.407296943184e-03 -3.488676983397e-01  5.500887303401e-01  6.927770164330e-01  2.596150375612e-01  7.718453223351e-01  1.383553023683e+00 -1.115750177428e+00 
 2.417296943184e-03 -3.697861468536e-01  4.965665028439e-01  7.043037858093e-01  1.189948744723e-01  6.423960723914e-01  1.248936850694e+00 -9.769098037079e-01 
 2.427296943184e-03 -3.892452183063e-01  4.410845542207e-01  7.130834019044e-01 -2.209728625894e-02  5.104088541702e-01  1.109391694597e+00 -8.342437007936e-01 
 2.437296943184e-03 -4.071681168280e-01  3.838618463743e-01  7.190806160215e-01 -1.631045443064e-01  3.764046459692e-01  9.654682762339e-01 -6.883143919052e-01 
 2.447296943184e-03 -4.234841088764e-01  3.251242111901e-01  7.222711722134e-01 -3.034703365993e-01  2.409123833058e-01  8.177345956210e-01 -5.396972878536e-01 
 2.457296943184e-03 -4.381288024597e-01  2.651034592794e-01  7.226419015788e-01 -4.426406337880e-01  1.044668719987e-01  6.667736902600e-01 -3.889784152041e-01 
 2.467296943184e-03 -4.510444020270e-01  2.040364651292e-01  7.201907741837e-01 -5.800661271205e-01 -3.239332274825e-02  5.131813336629e-01 -2.367521024000e-01 
 2.477296943184e-03 -4.621799351880e-01  1.421642322666e-01  7.149269080255e-01 -7.152043951210e-01 -1.691280014638e-01  3.575636848691e-01 -8.361863689911e-02 
 2.487296943184e-03 -4.714914553915e-01  7.973094212781e-02  7.068705310812e-01 -8.475220460678e-01 -3.051974623231e-01  2.005348955281e-01  6.981810736099e-02 
 2.497296943184e-03 -4.789422142203e-01  1.698299038608e-02  6.960529027274e-01 -9.764968211530e-01 -4.400646312279e-01  4.271468656225e-02  2.229530509086e-01 
 2.507296943184e-03 -4.845028069685e-01 -4.583198545992e-02  6.825161891757e-01 -1.101619656663e+00 -5.731971809873e-01 -1.152740977486e-01  3.751822980510e-01 
 2.517296943184e-03 -4.881512883585e-01 -1.084660833979e-01  6.663132978138e-01 -1.222396691795e+00 -7.040696325712e-01 -2.728079478402e-01  5.259055194938e-01 
 2.527296943184e-03 -4.898732597358e-01 -1.706721152582e-01  6.475076675415e-01 -1.338351219660e+00 -8.321654280880e-01 -4.292651496071e-01  6.745283221690e-01 
 2.537296943184e-03 -4.896619251813e-01 -2.322045822523e-01  6.261730183614e-01 -1.449025566457e+00 -9.569789703237e-01 -5.840282379359e-01  8.204645952851e-01 
 2.547296943184e-03 -4.875181185780e-01 -2.928206438444e-01  6.023930605734e-01 -1.553982898826e+00 -1.078017617110e+00 -7.364864335977e-01  9.631388225595e-01 
 2.557296943184e-03 -4.834503008751e-01 -3.522810761322e-01  5.762611636892e-01 -1.652808947256e+00 -1.194803626277e+00 -8.860380538390e-01  1.101988355509e+00 
 2.567296943184e-03 -4.774745256291e-01 -4.103512159545e-01  5.478799884440e-01 -1.745113641489e+00 -1.306876040995e+00 -1.032092886628e+00  1.236465632318e+00 
 2.577296943184e-03 -4.696143765468e-01 -4.668018869990e-01  5.173610808561e-01 -1.830532649765e+00 -1.413792507257e+00 -1.174074520415e+00  1.366040338787e+00 
 2.587296943184e-03 -4.599008740624e-01 -5.214103042571e-01  4.848244324094e-01 -1.908728815382e+00 -1.515131022548e+00 -1.311422618339e+00  1.490201503395e+00 
 2.597296943184e-03 -4.483723529265e-01 -5.739609532539e-01  4.503980058362e-01 -1.979393490124e+00 -1.610491598491e+00 -1.443595130346e+00  1.608459511743e+00 
 2.607296943184e-03 -4.350743109826e-01 -6.242464405861e-01  4.142172301654e-01 -2.042247748934e+00 -1.699497841066e+00 -1.570070431917e+00  1.720348040491e+00 
 2.617296943184e-03 -4.200592293637e-01 -6.720683124084e-01  3.764244663180e-01 -2.097043492598e+00 -1.781798435375e+00 -1.690349382698e+00  1.825425896717e+00 
 2.627296943184e-03 -4.033863660297e-01 -7.172378376404e-01  3.371684445301e-01 -2.143564427271e+00 -1.857068531914e+00 -1.803957296768e+00  1.923278760298e+00 
 2.637296943184e-03 -3.851215211325e-01 -7.595767528020e-01  2.966036780854e-01 -2.181626916397e+00 -1.925011029001e+00 -1.910445815651e+00  2.013520817965e+00 
 2.647296943184e-03 -3.653367772349e-01 -7.989179655379e-01  2.548898526584e-01 -2.211080707144e+00 -1.985357744852e+00 -2.009394677472e+00  2.095796286243e+00 
 2.657296943184e-03 -3.441102160141e-01 -8.351062140547e-01  2.121911962167e-01 -2.231809520628e+00 -2.037870476255e+00 -2.100413376582e+00  2.169780816929e+00 
 2.667296943184e-03 -3.215256092371e-01 -8.679986798684e-01  1.686758307333e-01 -2.243731515948e+00 -2.082341938978e+00 -2.183142703841e+00  2.235182776751e+00 
 2.677296943184e-03 -2.976720876177e-01 -8.974655514436e-01  1.245151086769e-01 -2.246799605433e+00 -2.118596584070e+00 -2.257256164099e+00  2.291744396034e+00 
 2.687296943184e-03 -2.726437902311e-01 -9.233905365002e-01  7.988293640665e-02 -2.241001648828e+00 -2.146491292864e+00 -2.322461265489e+00  2.339242789717e+00 
 2.697296943184e-03 -2.465394924802e-01 -9.456713209662e-01  3.495508794003e-02 -2.226360494271e+00 -2.165915939957e+00 -2.378500673454e+00  2.377490834534e+00 
 2.707296943184e-03 -2.194622158713e-01 -9.642199727646e-01 -1.009148910998e-02 -2.202933893539e+00 -2.176793829538e+00 -2.425153225777e+00  2.406337909168e+00 
 2.717296943184e-03 -1.915188221610e-01 -9.789632888406e-01 -5.507937177754e-02 -2.170814269222e+00 -2.179081996437e+00 -2.462234806269e+00  2.425670487694e+00 
 2.727296943184e-03 -1.628195911762e-01 -9.898430840613e-01 -9.983136221126e-02 -2.130128352903e+00 -2.172771377023e+00 -2.489599070861e+00  2.435412588760e+00 
 2.737296943184e-03 -1.334777855955e-01 -9.968164208456e-01 -1.441711870430e-01 -2.081036685733e+00 -2.157886842266e+00 -2.507138025248e+00  2.435526072800e+00 
 2.747296943184e-03 -1.036092042632e-01 -9.998557786189e-01 -1.879241932475e-01 -2.023732981179e+00 -2.134487104136e+00 -2.514782451326e+00  2.426010797604e+00 
 2.757296943184e-03 -7.333172489598e-02 -9.989491624246e-01 -2.309180374723e-01 -1.958443365060e+00 -2.102664478123e+00 -2.512502180180e+00  2.406904612873e+00 
 2.767296943184e-03 -4.276483831200e-02 -9.941001502627e-01 -2.729833663325e-01 -1.885425478453e+00 -2.062544526299e+00 -2.500306210364e+00  2.378283217811e+00 
 2.777296943184e-03 -1.202917874798e-02 -9.853278789689e-01 -3.139544848818e-01 -1.804967464879e+00 -2.014285553014e+00 -2.478242674493e+00  2.340259855604e+00 
 2.787296943184e-03  1.875395456955e-02 -9.726669686902e-01 -3.536700106924e-01 -1.717386830598e+00 -1.958077986259e+00 -2.446398646920e+00  2.292984870442e+00 
 2.797296943184e-03  4.946307465434e-02 -9.561673862554e-01 -3.919735107338e-01 -1.623029192910e+00 -1.894143625395e+00 -2.404899801477e+00  2.236645114894e+00 
 2.807296943184e-03  7.997698638064e-02 -9.358942479784e-01 -4.287141190725e-01 -1.522266915301e+00 -1.822734763380e+00 -2.353909915430e+00  2.171463210219e+00 
 2.817296943184e-03  1.101752657269e-01 -9.119275626741e-01 -4.637471320457e-01 -1.415497638052e+00 -1.744133192813e+00 -2.293630222091e+00  2.097696668345e+00 
 2.827296943184e-03  1.399387335987e-01 -8.843619158999e-01 -4.969345798017e-01 -1.303142708959e+00 -1.658649093239e+00 -2.224298618152e+00  2.015636876894e+00 
 2.837296943184e-03  1.691499270964e-01 -8.533060966702e-01 -5.281457707752e-01 -1.185645521386e+00 -1.566619808320e+00 -2.146188723855e+00  1.925607949567e+00 
 2.847296943184e-03  1.976935631537e-01 -8.188826681154e-01 -5.572578073479e-01 -1.063469761983e+00 -1.468408511253e+00 -2.059608803131e+00  1.827965443585e+00 
 2.857296943184e-03  2.254569929792e-01 -7.812274837815e-01 -5.841560713015e-01 -9.370975835482e-01 -1.364402775653e+00 -1.964900547522e+00  1.723094961595e+00 
 2.867296943184e-03  2.523306472285e-01 -7.404891514780e-01 -6.087346761487e-01 -8.070277002407e-01 -1.255013042362e+00 -1.862437726930e+00  1.611410625640e+00 
 2.877296943184e-03  2.782084675855e-01 -6.968284467909e-01 -6.308968847152e-01 -6.737734199269e-01 -1.140671001980e+00 -1.752624715562e+00  1.493353445696e+00 
 2.887296943184e-03  3.029883262352e-01 -6.504176785749e-01 -6.505554920295e-01 -5.378606185550e-01 -1.021827889257e+00 -1.635894895182e+00  1.369389577493e+00 
 2.897296943184e-03  3.265724283992e-01 -6.014400089292e-01 -6.676331681665e-01 -3.998256647610e-01 -8.989527042722e-01 -1.512708944967e+00  1.240008484006e+00 
 2.907296943184e-03  3.488676982815e-01 -5.500887303401e-01 -6.820627650013e-01 -2.602133025066e-01 -7.725303601474e-01 -1.383553023683e+00  1.105721003983e+00 
 2.917296943184e-03  3.697861467954e-01 -4.965665028439e-01 -6.937875796575e-01 -1.195745018922e-01 -6.430597692961e-01 -1.248936850752e+00  9.670573339289e-01 
 2.927296943184e-03  3.892452183645e-01 -4.410845542207e-01 -7.027615802363e-01  2.153571581584e-02 -5.110518752481e-01 -1.109391694597e+00  8.245649388601e-01 
 2.937296943184e-03  4.071681168862e-01 -3.838618463743e-01 -7.089495860273e-01  1.625604683359e-01 -3.770276352298e-01 -9.654682761757e-01  6.788063891453e-01 
 2.947296943184e-03  4.234841088182e-01 -3.251242111901e-01 -7.123274070909e-01  3.029432098847e-01 -2.415159648808e-01 -8.177345956792e-01  5.303571417249e-01 
 2.957296943184e-03  4.381288025179e-01 -2.651034592794e-01 -7.128819397185e-01  4.421299285023e-01 -1.050516503892e-01 -6.667736902600e-01  3.798032683767e-01 
 2.967296943184e-03  4.510444019688e-01 -2.040364651292e-01 -7.106112185866e-01  5.795713315019e-01  3.182676173674e-02 -5.131813336629e-01  2.277391439244e-01 
 2.977296943184e-03  4.621799351880e-01 -1.421642322666e-01 -7.055244236253e-01  7.147250139387e-01  1.685790902993e-01 -3.575636848400e-01  7.476509907757e-02 
 2.987296943184e-03  4.714914553333e-01 -7.973094212780e-02 -6.976418448612e-01  8.470575987594e-01  3.046656512306e-01 -2.005348955281e-01 -7.851494764291e-02 
 2.997296943184e-03  4.789422142203e-01 -1.698299038607e-02 -6.869948020903e-01  9.760468427557e-01  4.395493874326e-01 -4.271468656589e-02 -2.314958735791e-01 
 3.007296943184e-03  4.845028069103e-01  4.583198545993e-02 -6.736255211290e-01  1.101183696184e+00  5.726979884785e-01  1.152740977413e-01 -3.835737399648e-01 
 3.017296943184e-03  4.881512884167e-01  1.084660833980e-01 -6.575869673397e-01  1.221974312793e+00  7.035859912867e-01  2.728079478402e-01 -5.341481757709e-01 
 3.027296943184e-03  4.898732597358e-01  1.706721152583e-01 -6.389426372480e-01  1.337941998616e+00  8.316968535073e-01  4.292651496071e-01 -6.826247454961e-01 
 3.037296943184e-03  4.896619251813e-01  2.322045822523e-01 -6.177663065027e-01  1.448629094055e+00  9.565249929437e-01  5.840282379359e-01 -8.284172979531e-01 
 3.047296943184e-03  4.875181186362e-01  2.928206438444e-01 -5.941417407012e-01  1.553598777391e+00  1.077577782562e+00  7.364864336560e-01 -9.709502766960e-01 
 3.057296943184e-03  4.834503008169e-01  3.522810761322e-01 -5.681623637211e-01  1.652436792152e+00  1.194377493812e+00  8.860380538390e-01 -1.109660992264e+00 
 3.067296943184e-03  4.774745256291e-01  4.103512159545e-01 -5.399308889173e-01  1.744753080187e+00  1.306463183369e+00  1.032092886686e+00 -1.244001844074e+00 
 3.077296943184e-03  4.696143765468e-01  4.668018869990e-01 -5.095589149278e-01  1.830183320679e+00  1.413392511429e+00  1.174074520415e+00 -1.373442479278e+00 
 3.087296943184e-03  4.599008740624e-01  5.214103042571e-01 -4.771664839354e-01  1.908390369033e+00  1.514743487583e+00  1.311422618339e+00 -1.497471887823e+00 
 3.097296943184e-03  4.483723528101e-01  5.739609532539e-01 -4.428816090222e-01  1.979065587046e+00  1.610116136260e+00  1.443595130229e+00 -1.615600417647e+00 
 3.107296943184e-03  4.350743109244e-01  6.242464405861e-01 -4.068397685769e-01  2.041930060601e+00  1.699134075548e+00  1.570070431801e+00 -1.727361708449e+00 
 3.117296943184e-03  4.200592294801e-01  6.720683124084e-01 -3.691833717749e-01  2.096735701431e+00  1.781446001958e+00  1.690349382698e+00 -1.832314530405e+00 
 3.127296943184e-03  4.033863660879e-01  7.172378376404e-01 -3.300611965824e-01  2.143266224768e+00  1.856727077859e+00  1.803957296768e+00 -1.930044527186e+00 
 3.137296943184e-03  3.851215210161e-01  7.595767528020e-01 -2.896278026165e-01  2.181338003371e+00  1.924680211814e+00  1.910445815534e+00 -2.020165849550e+00 
 3.147296943184e-03  3.653367773513e-01  7.989179655379e-01 -2.480429212737e-01  2.210800794419e+00  1.985037233680e+00  2.009394677589e+00 -2.102322680467e+00 
 3.157296943184e-03  3.441102161305e-01  8.351062140547e-01 -2.054708254291e-01  2.231538328342e+00  2.037559949793e+00  2.100413376698e+00 -2.176190635732e+00 
 3.167296943184e-03  3.215256092371e-01  8.679986798685e-01 -1.620796812349e-01  2.243468771689e+00  2.082041086163e+00  2.183142703841e+00 -2.241478048253e+00 
 3.177296943184e-03  2.976720875595e-01  8.974655514436e-01 -1.180408843065e-01  2.246545046102e+00  2.118305103388e+00  2.257256164099e+00 -2.297927114932e+00 
 3.187296943184e-03  2.726437902311e-01  9.233905365002e-01 -7.352838346560e-02  2.240755019709e+00  2.146208892111e+00  2.322461265489e+00 -2.345314917617e+00 
 3.197296943184e-03  2.465394924802e-01  9.456713209662e-01 -2.871799437344e-02  2.226121548563e+00  2.165642336942e+00  2.378500673454e+00 -2.383454301232e+00 
 3.207296943184e-03  2.194622158713e-01  9.642199727646e-01  1.621329443151e-02  2.202702391427e+00  2.176528750453e+00  2.425153225777e+00 -2.412194611978e+00 
 3.217296943184e-03  1.915188221610e-01  9.789632888406e-01  6.108801988739e-02  2.170589979272e+00  2.178825175390e+00  2.462234806269e+00 -2.431422291749e+00 
 3.227296943184e-03  1.628195912635e-01  9.898430840613e-01  1.057289447344e-01  2.129911050666e+00  2.172522556037e+00  2.489599070977e+00 -2.441061327789e+00 
 3.237296943184e-03  1.334777856537e-01  9.968164208456e-01  1.499597569637e-01  2.080826152815e+00  2.157645773143e+00  2.507138025365e+00 -2.441073551466e+00 
 3.247296943184e-03  1.036092042050e-01  9.998557786189e-01  1.936057655548e-01  2.023529007100e+00  2.134253544733e+00  2.514782451326e+00 -2.431458788658e+00 
 3.257296943184e-03  7.333172476501e-02  9.989491624246e-01  2.364945899753e-01  1.958245744929e+00  2.102438195609e+00  2.512502180063e+00 -2.412254861329e+00 
 3.267296943184e-03  4.276483831927e-02  9.941001502627e-01  2.784568402567e-01  1.885234014597e+00  2.062325292733e+00  2.500306210364e+00 -2.383537437159e+00 
 3.277296943184e-03  1.202917885166e-02  9.853278789689e-01  3.193267855095e-01  1.804781965911e+00  2.014073148835e+00  2.478242674610e+00 -2.345419731518e+00 
 3.287296943184e-03 -1.875395459865e-02  9.726669686902e-01  3.589430081192e-01  1.717207110254e+00  1.957872199127e+00  2.446398646920e+00 -2.298052060440e+00 
 3.297296943184e-03 -4.946307457431e-02  9.561673862554e-01  3.971490405966e-01  1.622855071444e+00  1.893944249023e+00  2.404899801593e+00 -2.241621248560e+00 
 3.307296943184e-03 -7.997698651161e-02  9.358942479784e-01  4.337939828984e-01  1.522098218091e+00  1.822541598231e+00  2.353909915313e+00 -2.176349889218e+00 
 3.317296943184e-03 -1.101752657269e-01  9.119275626741e-01  4.687330982415e-01  1.415334196063e+00  1.743946045171e+00  2.293630222091e+00 -2.102495467704e+00 
 3.327296943184e-03 -1.399387335114e-01  8.843619158999e-01  5.018283839454e-01  1.302984358976e+00  1.658467775909e+00  2.224298618268e+00 -2.020349344946e+00 
 3.337296943184e-03 -1.691499271255e-01  8.533060966702e-01  5.329491163138e-01  1.185492103919e+00  1.566444139229e+00  2.146188723855e+00 -1.930235607475e+00 
 3.347296943184e-03 -1.976935631828e-01  8.188826681154e-01  5.619723665295e-01  1.063321124297e+00  1.468238315079e+00  2.059608803131e+00 -1.832509788387e+00 
 3.357296943184e-03 -2.254569929501e-01  7.812274837815e-01  5.887834853493e-01  9.369535763981e-01  1.364237881498e+00  1.964900547522e+00 -1.727557463668e+00 
 3.367296943184e-03 -2.523306471994e-01  7.404891514780e-01  6.132765556686e-01  8.068881791551e-01  1.254853285151e+00  1.862437726930e+00 -1.615792730449e+00 
 3.377296943184e-03 -2.782084675855e-01  6.968284467909e-01  6.353548108600e-01  6.736382453237e-01  1.140516221290e+00  1.752624715562e+00 -1.497656573939e+00 
 3.387296943184e-03 -3.029883260606e-01  6.504176785749e-01  6.549310164992e-01  5.377296551596e-01  1.021677930490e+00  1.635894895298e+00 -1.373615126468e+00 
 3.397296943184e-03 -3.265724283992e-01  6.014400089292e-01  6.719278142555e-01  3.996987810242e-01  8.988074172521e-01  1.512708944967e+00 -1.244157826477e+00 
 3.407296943184e-03 -3.488676982815e-01  5.500887303401e-01  6.862780274823e-01  2.600903716229e-01  7.723895992385e-01  1.383553023799e+00 -1.109795489257e+00 
 3.417296943184e-03 -3.697861468536e-01  4.965665028439e-01  6.979249261785e-01  1.194554005342e-01  6.429233935196e-01  1.248936850752e+00 -9.710582886114e-01 
 3.427296943184e-03 -3.892452183063e-01  4.410845542207e-01  7.068224508548e-01 -2.165110686474e-02  5.109197478741e-01  1.109391694597e+00 -8.284936664480e-01 
 3.437296943184e-03 -4.071681168862e-01  3.838618463743e-01  7.129353942582e-01 -1.626722645888e-01  3.768996239523e-01  9.654682762339e-01 -6.826641706677e-01 
 3.447296943184e-03 -4.234841088764e-01  3.251242111901e-01  7.162395404885e-01 -3.030515235150e-01  2.413919414394e-01  8.177345956210e-01 -5.341452364704e-01 
 3.457296943184e-03 -4.381288025761e-01  2.651034592794e-01  7.167217602255e-01 -4.422348678345e-01  1.049314905977e-01  6.667736902018e-01 -3.835229141554e-01 
 3.467296943184e-03 -4.510444019106e-01  2.040364651292e-01  7.143800625345e-01 -5.796730016591e-01 -3.194317821180e-02  5.131813336920e-01 -2.313915568458e-01 
 3.477296943184e-03 -4.621799351880e-01  1.421642322666e-01  7.092236031312e-01 -7.148235166678e-01 -1.686918800697e-01  3.575636848691e-01 -7.835147446765e-02 
 3.487296943184e-03 -4.714914553915e-01  7.973094212780e-02  7.012726478279e-01 -8.471530331299e-01 -3.047749273246e-01  2.005348955281e-01  7.499343491453e-02 
 3.497296943184e-03 -4.789422142203e-01  1.698299038606e-02  6.905584923225e-01 -9.761393038789e-01 -4.396552593098e-01  4.271468656589e-02  2.280380690554e-01 
 3.507296943184e-03 -4.845028069685e-01 -4.583198545994e-02  6.771233390318e-01 -1.101273276843e+00 -5.728005621349e-01 -1.152740977413e-01  3.801785093576e-01 
 3.517296943184e-03 -4.881512883585e-01 -1.084660833980e-01  6.610201306175e-01 -1.222061102977e+00 -7.036853693426e-01 -2.728079478402e-01  5.308144038259e-01 
 3.527296943184e-03 -4.898732597940e-01 -1.706721152583e-01  6.423123407876e-01 -1.338026085403e+00 -8.317931358470e-01 -4.292651496362e-01  6.793513374480e-01 
 3.537296943184e-03 -4.896619251813e-01 -2.322045822523e-01  6.210737235378e-01 -1.448710560799e+00 -9.566182758426e-01 -5.840282379359e-01  8.252031766734e-01 
 3.547296943184e-03 -4.875181186362e-01 -2.928206438444e-01  5.973880225793e-01 -1.553677706281e+00 -1.077668159269e+00 -7.364864335977e-01  9.677943841482e-01 
 3.557296943184e-03 -4.834503009333e-01 -3.522810761322e-01  5.713486403693e-01 -1.652513262350e+00 -1.194465055363e+00 -8.860380538972e-01  1.106562289678e+00 
 3.567296943184e-03 -4.774745256291e-01 -4.103512159545e-01  5.430582695408e-01 -1.744827168062e+00 -1.306548016844e+00 -1.032092886686e+00  1.240959309095e+00 
 3.577296943184e-03 -4.696143765468e-01 -4.668018869990e-01  5.126284880098e-01 -1.830255100504e+00 -1.413474702276e+00 -1.174074520415e+00  1.370455108993e+00 
 3.587296943184e-03 -4.599008740624e-01 -5.214103042571e-01  4.801793182269e-01 -1.908459912753e+00 -1.514823117759e+00 -1.311422618339e+00  1.494538695440e+00 
 3.597296943184e-03 -4.483723529265e-01 -5.739609532540e-01  4.458387531922e-01 -1.979132964509e+00 -1.610193286091e+00 -1.443595130346e+00  1.612720434944e+00 
 3.607296943184e-03 -4.350743109826e-01 -6.242464405861e-01  4.097422520863e-01 -2.041995338863e+00 -1.699208821869e+00 -1.570070431917e+00  1.724533982629e+00 
 3.617296943184e-03 -4.200592293055e-01 -6.720683124084e-01  3.720322049339e-01 -2.096798945917e+00 -1.781518419739e+00 -1.690349382581e+00  1.829538125958e+00 
 3.627296943184e-03 -4.033863660879e-01 -7.172378376404e-01  3.328573710751e-01 -2.143327498809e+00 -1.856797239278e+00 -1.803957296768e+00  1.927318525016e+00 
 3.637296943184e-03 -3.851215210161e-01 -7.595767528020e-01  2.923722917330e-01 -2.181397369597e+00 -1.924748187885e+00 -1.910445815534e+00  2.017489347210e+00 
 3.647296943184e-03 -3.653367772349e-01 -7.989179655379e-01  2.507366805221e-01 -2.210858310573e+00 -1.985103091924e+00 -2.009394677472e+00  2.099694789857e+00 
 3.657296943184e-03 -3.441102161305e-01 -8.351062140548e-01  2.081147924764e-01 -2.231594052631e+00 -2.037623756332e+00 -2.100413376582e+00  2.173610485544e+00 
 3.667296943184e-03 -3.215256092371e-01 -8.679986798685e-01  1.646747764316e-01 -2.243522759993e+00 -2.082102904795e+00 -2.183142703841e+00  2.238944781821e+00 
 3.677296943184e-03 -2.976720876177e-01 -8.974655514436e-01  1.205880110065e-01 -2.246597352903e+00 -2.118364996277e+00 -2.257256164099e+00  2.295439891128e+00 
 3.687296943184e-03 -2.726437902311e-01 -9.233905365002e-01  7.602842834604e-02 -2.240805697162e+00 -2.146266919561e+00 -2.322461265489e+00  2.342872909954e+00 
 3.697296943184e-03 -2.465394924802e-01 -9.456713209662e-01  3.117182769347e-02 -2.226170647424e+00 -2.165698557161e+00 -2.378500673454e+00  2.381056697721e+00 
 3.707296943184e-03 -2.194622158713e-01 -9.642199727646e-01 -1.380481847991e-02 -2.202749960590e+00 -2.176583219320e+00 -2.425153225777e+00  2.409840614308e+00 
 3.717296943184e-03 -1.915188220737e-01 -9.789632888406e-01 -5.872406288836e-02 -2.170636066236e+00 -2.178877946921e+00 -2.462234806153e+00  2.429111115438e+00 
 3.727296943184e-03 -1.628195911762e-01 -9.898430840613e-01 -1.034086838044e-01 -2.129955701530e+00 -2.172573683783e+00 -2.489599070861e+00  2.438792203595e+00 
 3.737296943184e-03 -1.334777857119e-01 -9.968164208456e-01 -1.476823844132e-01 -2.080869412748e+00 -2.157695308328e+00 -2.507138025365e+00  2.438845723070e+00 
 3.747296943184e-03 -1.036092042486e-01 -9.998557786189e-01 -1.913704886392e-01 -2.023570919409e+00 -2.134301536251e+00 -2.514782451326e+00  2.429271512053e+00 
 3.757296943184e-03 -7.333172479412e-02 -9.989491624246e-01 -2.343006305455e-01 -1.958286351757e+00 -2.102484691888e+00 -2.512502180063e+00  2.410107406798e+00 
 3.767296943184e-03 -4.276483843569e-02 -9.941001502627e-01 -2.763034346281e-01 -1.885273356689e+00 -2.062370340573e+00 -2.500306210481e+00  2.381429087920e+00 
 3.777296943184e-03 -1.202917873707e-02 -9.853278789689e-01 -3.172131839674e-01 -1.804820081685e+00 -2.014116793172e+00 -2.478242674493e+00  2.343349782478e+00 
 3.787296943184e-03  1.875395458046e-02 -9.726669686902e-01 -3.568684750935e-01 -1.717244039057e+00 -1.957914484432e+00 -2.446398646920e+00  2.296019820866e+00 
 3.797296943184e-03  4.946307466162e-02 -9.561673862554e-01 -3.951128537301e-01 -1.622890849598e+00 -1.893985216739e+00 -2.404899801477e+00  2.239626037303e+00 
 3.807296943184e-03  7.997698648251e-02 -9.358942479784e-01 -4.317954336293e-01 -1.522132881917e+00 -1.822581289569e+00 -2.353909915313e+00  2.174391039152e+00 
 3.817296943184e-03  1.101752656978e-01 -9.119275626741e-01 -4.667714906391e-01 -1.415367780020e+00 -1.743984500179e+00 -2.293630222091e+00  2.100572322831e+00 
 3.827296943184e-03  1.399387335696e-01 -8.843619158999e-01 -4.999030352919e-01 -1.303016896592e+00 -1.658505033003e+00 -2.224298618152e+00  2.018461260880e+00 
 3.837296943184e-03  1.691499270964e-01 -8.533060966702e-01 -5.310593564063e-01 -1.185523628024e+00 -1.566480235662e+00 -2.146188723855e+00  1.928381951444e+00 
 3.847296943184e-03  1.976935631537e-01 -8.188826681154e-01 -5.601175375050e-01 -1.063351666322e+00 -1.468273286941e+00 -2.059608803131e+00  1.830689938532e+00 
 3.857296943184e-03  2.254569929792e-01 -7.812274837815e-01 -5.869629413355e-01 -9.369831668446e-01 -1.364271763712e+00 -1.964900547522e+00  1.725770808985e+00 
 3.867296943184e-03  2.523306472285e-01 -7.404891514780e-01 -6.114896631334e-01 -8.069168477086e-01 -1.254886111943e+00 -1.862437726930e+00  1.614038671693e+00 
 3.877296943184e-03  2.782084674691e-01 -6.968284467909e-01 -6.336009479128e-01 -6.736660209717e-01 -1.140548025724e+00 -1.752624715678e+00  1.495934522429e+00 
 3.887296943184e-03  3.029883262352e-01 -6.504176785749e-01 -6.532095724251e-01 -5.377565653762e-01 -1.021708743763e+00 -1.635894895182e+00  1.371924502255e+00 
 3.897296943184e-03  3.265724282828e-01 -6.014400089292e-01 -6.702381897485e-01 -3.997248531086e-01 -8.988372707972e-01 -1.512708945083e+00  1.242498062271e+00 
 3.907296943184e-03  3.488676983397e-01 -5.500887303401e-01 -6.846196346451e-01 -2.601156313031e-01 -7.724185226252e-01 -1.383553023683e+00  1.108166026266e+00 
 3.917296943184e-03  3.697861468536e-01 -4.965665028439e-01 -6.962971874746e-01 -1.194798733486e-01 -6.429514158517e-01 -1.248936850694e+00  9.694585786384e-01 
 3.927296943184e-03  3.892452183645e-01 -4.410845542207e-01 -7.052247996908e-01  2.162739639243e-02 -5.109468972078e-01 -1.109391694597e+00  8.269231708413e-01 
 3.937296943184e-03  4.071681169444e-01 -3.838618463743e-01 -7.113672746345e-01  1.626492928190e-01 -3.769259275869e-01 -9.654682761757e-01  6.811223607876e-01 
 3.947296943184e-03  4.234841088182e-01 -3.251242111901e-01 -7.147004064173e-01  3.030292672920e-01 -2.414174256555e-01 -8.177345956792e-01  5.326315927282e-01 
 3.957296943184e-03  4.381288025179e-01 -2.651034592794e-01 -7.152110758470e-01  4.422133050393e-01 -1.049561809195e-01 -6.667736902018e-01  3.820369261010e-01 
 3.967296943184e-03  4.510444019688e-01 -2.040364651292e-01 -7.128973022336e-01  5.796521104639e-01  3.191925704596e-02 -5.131813336629e-01  2.299327234879e-01 
 3.977296943184e-03  4.621799351880e-01 -1.421642322666e-01 -7.077682506060e-01  7.148032764671e-01  1.686687041656e-01 -3.575636848691e-01  7.691930357516e-02 
 3.987296943184e-03  4.714914553915e-01 -7.973094212781e-02 -6.998441963224e-01  8.471334234346e-01  3.047524733702e-01 -2.005348955136e-01 -7.639942684161e-02 
 3.997296943184e-03  4.789422142203e-01 -1.698299038608e-02 -6.891564446269e-01  9.761203050148e-01  4.396335048368e-01 -4.271468656589e-02 -2.294183567568e-01 
 4.007296943184e-03  4.845028069685e-01  4.583198545991e-02 -6.757472072495e-01  1.101254869951e+00  5.727794852573e-01  1.152740977413e-01 -3.815335588421e-01 
 4.017296943184e-03  4.881512884167e-01  1.084660833979e-01 -6.596694358159e-01  1.222043269314e+00  7.036649492802e-01  2.728079478402e-01 -5.321446733023e-01 
 4.027296943184e-03  4.898732597940e-01  1.706721152582e-01 -6.409866125323e-01  1.338008807274e+00  8.317733517615e-01  4.292651496362e-01 -6.806572763941e-01 
 4.037296943184e-03  4.896619251813e-01  2.322045822523e-01 -6.197725003585e-01  1.448693821207e+00  9.565991082927e-01  5.840282379359e-01 -8.264852271746e-01 
 4.047296943184e-03  4.875181186944e-01  2.928206438444e-01 -5.961108516203e-01  1.553661487997e+00  1.077649588697e+00  7.364864336560e-01 -9.690529795588e-01 
 4.057296943184e-03  4.834503008751e-01  3.522810761322e-01 -5.700950769242e-01  1.652497549541e+00  1.194447063375e+00  8.860380538390e-01 -1.107797856135e+00 
 4.067296943184e-03  4.774745256291e-01  4.103512159545e-01 -5.418278775178e-01  1.744811944431e+00  1.306530585513e+00  1.032092886686e+00 -1.242172264935e+00 
 4.077296943184e-03  4.696143765468e-01  4.668018869990e-01 -5.114208388841e-01  1.830240351148e+00  1.413457813906e+00  1.174074520415e+00 -1.371645864985e+00 
 4.087296943184e-03  4.599008740624e-01  5.214103042571e-01 -4.789939915063e-01  1.908445623238e+00  1.514806755586e+00  1.311422618339e+00 -1.495707655311e+00 
 4.097296943184e-03  4.483723529265e-01  5.739609532539e-01 -4.446753365337e-01  1.979119119700e+00  1.610177433351e+00  1.443595130346e+00 -1.613867994272e+00 
 4.107296943184e-03  4.350743108662e-01  6.242464405861e-01 -4.086003403063e-01  2.041981925722e+00  1.699193462962e+00  1.570070431801e+00 -1.725660530880e+00 
 4.117296943184e-03  4.200592294219e-01  6.720683124083e-01 -3.709114005906e-01  2.096785950707e+00  1.781503539300e+00  1.690349382698e+00 -1.830644045555e+00 
 4.127296943184e-03  4.033863660879e-01  7.172378376403e-01 -3.317572839442e-01  2.143314907793e+00  1.856782822637e+00  1.803957296768e+00 -1.928404191164e+00 
 4.137296943184e-03  3.851215210161e-01  7.595767528020e-01 -2.912925390410e-01  2.181385170668e+00  1.924734220374e+00  1.910445815534e+00 -2.018555128129e+00 
 4.147296943184e-03  3.653367772349e-01  7.989179655379e-01 -2.496768861893e-01  2.210846492089e+00  1.985089559341e+00  2.009394677472e+00 -2.100741047422e+00 
 4.157296943184e-03  3.441102161887e-01  8.351062140547e-01 -2.070745876990e-01  2.231582602952e+00  2.037610645639e+00  2.100413376698e+00 -2.174637575578e+00 
 4.167296943184e-03  3.215256092371e-01  8.679986798684e-01 -1.636537990998e-01  2.243511666078e+00  2.082090202486e+00  2.183142703841e+00 -2.239953052811e+00 
 4.177296943184e-03  2.976720875013e-01  8.974655514436e-01 -1.195859057188e-01  2.246586604975e+00  2.118352689780e+00  2.257256163983e+00 -2.296429685844e+00 
 4.187296943184e-03  2.726437902893e-01  9.233905365002e-01 -7.504484626406e-02  2.240795284044e+00  2.146254996303e+00  2.322461265605e+00 -2.343844564950e+00 
 4.197296943184e-03  2.465394923929e-01  9.456713209662e-01 -3.020642643241e-02  2.226160558406e+00  2.165687004570e+00  2.378500673338e+00 -2.382010542488e+00 
 4.207296943184e-03  2.194622159004e-01  9.642199727645e-01  1.475237498016e-02  2.202740186360e+00  2.176572026685e+00  2.425153225777e+00 -2.410776974458e+00 
 4.217296943184e-03  1.915188221901e-01  9.789632888406e-01  5.965410448698e-02  2.170626596082e+00  2.178867103998e+00  2.462234806269e+00 -2.430030310553e+00 
 4.227296943184e-03  1.628195911762e-01  9.898430840613e-01  1.043215342361e-01  2.129946526606e+00  2.172563178465e+00  2.489599070861e+00 -2.439694545099e+00 
 4.237296943184e-03  1.334777855955e-01  9.968164208456e-01  1.485783614335e-01  2.080860523973e+00  2.157685129438e+00  2.507138025248e+00 -2.439731517540e+00 
 4.247296943184e-03  1.036092043505e-01  9.998557786189e-01  1.922499041539e-01  2.023562307470e+00  2.134291674942e+00  2.514782451442e+00 -2.430141062882e+00 
 4.257296943184e-03  7.333172477956e-02  9.989491624246e-01  2.351637907268e-01  1.958278008038e+00  2.102475137915e+00  2.512502180063e+00 -2.410961009578e+00 
 4.267296943184e-03  4.276483842841e-02  9.941001502627e-01  2.771506398567e-01  1.885265272576e+00  2.062361083925e+00  2.500306210481e+00 -2.382267033142e+00 
 4.277296943184e-03  1.202917872979e-02  9.853278789689e-01  3.180447293562e-01  1.804812249728e+00  2.014107825235e+00  2.478242674493e+00 -2.344172356631e+00 
 4.287296943184e-03 -1.875395458410e-02  9.726669686902e-01  3.576846498181e-01  1.717236451106e+00  1.957905795658e+00  2.446398646920e+00 -2.296827303583e+00 
 4.297296943184e-03 -4.946307466162e-02  9.561673862555e-01  3.959139421349e-01  1.622883497970e+00  1.893976798980e+00  2.404899801477e+00 -2.240418704778e+00 
 4.307296943184e-03 -7.997698649706e-02  9.358942479785e-01  4.325817142962e-01  1.522125759162e+00  1.822573133744e+00  2.353909915313e+00 -2.175169160867e+00 
 4.317296943184e-03 -1.101752657123e-01  9.119275626741e-01  4.675432376098e-01  1.415360879153e+00  1.743976598373e+00  2.293630222091e+00 -2.101336164925e+00 
 4.327296943184e-03 -1.399387334823e-01  8.843619158999e-01  5.006605170784e-01  1.303010210628e+00  1.658497377532e+00  2.224298618268e+00 -2.019211084283e+00 
 4.337296943184e-03 -1.691499272420e-01  8.533060966703e-01  5.318028368056e-01  1.185517150443e+00  1.566472818609e+00  2.146188723738e+00 -1.929118011701e+00 
 4.347296943184e-03 -1.976935630373e-01  8.188826681155e-01  5.608472750755e-01  1.063345390605e+00  1.468266101088e+00  2.059608803247e+00 -1.831412487477e+00 
 4.357296943184e-03 -2.254569929792e-01  7.812274837816e-01  5.876791903283e-01  9.369770865887e-01  1.364264801377e+00  1.964900547522e+00 -1.726480092806e+00 
 4.367296943184e-03 -2.523306472285e-01  7.404891514780e-01  6.121926726773e-01  8.069109568605e-01  1.254879366606e+00  1.862437726930e+00 -1.614734933116e+00 
 4.377296943184e-03 -2.782084676437e-01  6.968284467909e-01  6.342909627128e-01  6.736603135942e-01  1.140541490400e+00  1.752624715562e+00 -1.496617998997e+00 
 4.387296943184e-03 -3.029883262352e-01  6.504176785750e-01  6.538868328789e-01  5.377510358812e-01  1.021702412399e+00  1.635894895182e+00 -1.372595428661e+00 
 4.397296943184e-03 -3.265724283410e-01  6.014400089293e-01  6.709029317135e-01  3.997194956755e-01  8.988311364083e-01  1.512708944967e+00 -1.243156667154e+00 
 4.407296943184e-03 -3.488676982815e-01  5.500887303402e-01  6.852720890893e-01  2.601104409259e-01  7.724125793902e-01  1.383553023683e+00 -1.108812534948e+00 
 4.417296943184e-03 -3.697861468536e-01  4.965665028440e-01  6.969375818735e-01  1.194748446724e-01  6.429456578335e-01  1.248936850694e+00 -9.700932124805e-01 
 4.427296943184e-03 -3.892452183645e-01  4.410845542208e-01  7.058533568634e-01 -2.163226845732e-02  5.109413185855e-01  1.109391694539e+00 -8.275461468998e-01 
 4.437296943184e-03 -4.071681168280e-01  3.838618463744e-01  7.119842133252e-01 -1.626540129946e-01  3.769205227145e-01  9.654682762339e-01 -6.817338922762e-01 
 4.447296943184e-03 -4.234841088764e-01  3.251242111902e-01  7.153059414122e-01 -3.030338404933e-01  2.414121891488e-01  8.177345956210e-01 -5.332318887571e-01 
 4.457296943184e-03 -4.381288024597e-01  2.651034592795e-01  7.158054180909e-01 -4.422177356901e-01  1.049511075689e-01  6.667736902600e-01 -3.826261926954e-01 
 4.467296943184e-03 -4.510444019688e-01  2.040364651294e-01  7.134806583636e-01 -5.796564033953e-01 -3.192417238097e-02  5.131813336629e-01 -2.305111619691e-01 
 4.477296943184e-03 -4.621799351880e-01  1.421642322667e-01  7.083408237668e-01 -7.148074355209e-01 -1.686734663672e-01  3.575636848400e-01 -7.748711226311e-02 
 4.487296943184e-03 -4.714914553333e-01  7.973094212794e-02  7.004061859334e-01 -8.471374526853e-01 -3.047570872586e-01  2.005348955136e-01  7.584205329033e-02 
 4.497296943184e-03 -4.789422142203e-01  1.698299038621e-02  6.897080462659e-01 -9.761242088862e-01 -4.396379750106e-01  4.271468656589e-02  2.288712274801e-01 
 4.507296943184e-03 -4.845028069103e-01 -4.583198545978e-02  6.762886130018e-01 -1.101258652052e+00 -5.727838162566e-01 -1.152740977341e-01  3.809964861791e-01 
 4.517296943184e-03 -4.881512883585e-01 -1.084660833978e-01  6.602008340415e-01 -1.222046933835e+00 -7.036691451212e-01 -2.728079478547e-01  5.316174729684e-01 
 4.527296943184e-03 -4.898732597358e-01 -1.706721152581e-01  6.415081882151e-01 -1.338012357475e+00 -8.317774171010e-01 -4.292651496071e-01  6.801397680626e-01 
 4.537296943184e-03 -4.896619251813e-01 -2.322045822522e-01  6.202844351064e-01 -1.448697260814e+00 -9.566030467395e-01 -5.840282379359e-01  8.259772329054e-01 
 4.547296943184e-03 -4.875181186944e-01 -2.928206438442e-01  5.966133236652e-01 -1.553664820502e+00 -1.077653404558e+00 -7.364864336560e-01  9.685543253700e-01 
 4.557296943184e-03 -4.834503008751e-01 -3.522810761321e-01  5.705882611219e-01 -1.652500777971e+00 -1.194450760027e+00 -8.860380538390e-01  1.107308370547e+00 
 4.567296943184e-03 -4.774745256291e-01 -4.103512159544e-01  5.423119453480e-01 -1.744815072510e+00 -1.306534167146e+00 -1.032092886628e+00  1.241691780660e+00 
 4.577296943184e-03 -4.696143764886e-01 -4.668018869989e-01  5.118959592073e-01 -1.830243381904e+00 -1.413461284013e+00 -1.174074520357e+00  1.371174216598e+00 
 4.587296943184e-03 -4.599008738878e-01 -5.214103042570e-01  4.794603296323e-01 -1.908448558999e+00 -1.514810117427e+00 -1.311422618222e+00  1.495244680704e+00 
 4.597296943184e-03 -4.483723529847e-01 -5.739609532538e-01  4.451330545708e-01 -1.979121964658e+00 -1.610180690652e+00 -1.443595130346e+00  1.613413535412e+00 
 4.607296943184e-03 -4.350743110408e-01 -6.242464405860e-01  4.090495978016e-01 -2.041984681739e+00 -1.699196618749e+00 -1.570070431917e+00  1.725214431130e+00 
 4.617296943184e-03 -4.200592294219e-01 -6.720683124083e-01  3.713523539482e-01 -2.096788621042e+00 -1.781506597064e+00 -1.690349382698e+00  1.830206151714e+00 
 4.627296943184e-03 -4.033863660879e-01 -7.172378376402e-01  3.321900865994e-01 -2.143317495473e+00 -1.856785784941e+00 -1.803957296768e+00  1.927974352532e+00 
 4.637296943184e-03 -3.851215209579e-01 -7.595767528019e-01  2.917173415190e-01 -2.181387677323e+00 -1.924737090245e+00 -1.910445815534e+00  2.018133197151e+00 
 4.647296943184e-03 -3.653367772349e-01 -7.989179655378e-01  2.500938365702e-01 -2.210848920979e+00 -1.985092340037e+00 -2.009394677472e+00  2.100326879394e+00 
 4.657296943184e-03 -3.441102160723e-01 -8.351062140546e-01  2.074838310655e-01 -2.231584955472e+00 -2.037613339955e+00 -2.100413376582e+00  2.174231028038e+00 
 4.667296943184e-03 -3.215256092371e-01 -8.679986798684e-01  1.640554778860e-01 -2.243513945490e+00 -2.082092812750e+00 -2.183142703841e+00  2.239553985886e+00 
 4.677296943184e-03 -2.976720876177e-01 -8.974655514435e-01  1.199801597540e-01 -2.246588813607e+00 -2.118355218787e+00 -2.257256164099e+00  2.296037962499e+00 
 4.687296943184e-03 -2.726437902311e-01 -9.233905365001e-01  7.543181278743e-02 -2.240797423758e+00 -2.146257446613e+00 -2.322461265489e+00  2.343460050217e+00 
 4.697296943184e-03 -2.465394924802e-01 -9.456713209662e-01  3.058624016558e-02 -2.226162631530e+00 -2.165689378511e+00 -2.378500673454e+00  2.381633104293e+00 
 4.707296943184e-03 -2.194622158713e-01 -9.642199727645e-01 -1.437958183851e-02 -2.202742194757e+00 -2.176574326586e+00 -2.425153225777e+00  2.410406482670e+00 
 4.717296943184e-03 -1.915188221901e-01 -9.789632888405e-01 -5.928820215922e-02 -2.170628542546e+00 -2.178869331721e+00 -2.462234806269e+00  2.429666637404e+00 
 4.727296943184e-03 -1.628195912926e-01 -9.898430840613e-01 -1.039623953548e-01 -2.129948412068e+00 -2.172565336805e+00 -2.489599070977e+00  2.439337566102e+00 
 4.737296943184e-03 -1.334777856537e-01 -9.968164208456e-01 -1.482258610195e-01 -2.080862350296e+00 -2.157687221188e+00 -2.507138025365e+00  2.439381110337e+00 
 4.747296943184e-03 -1.036092043068e-01 -9.998557786189e-01 -1.919039194472e-01 -2.023564076982e+00 -2.134293701034e+00 -2.514782451442e+00  2.429797105600e+00 
 4.757296943184e-03 -7.333172473591e-02 -9.989491624246e-01 -2.348242012667e-01 -1.958279722370e+00 -2.102477101143e+00 -2.512502180063e+00  2.410623384653e+00 
 4.767296943184e-03 -4.276483839931e-02 -9.941001502627e-01 -2.768173274817e-01 -1.885266933590e+00 -2.062362986151e+00 -2.500306210481e+00  2.381935624290e+00 
 4.777296943184e-03 -1.202917870978e-02 -9.853278789689e-01 -3.177175779711e-01 -1.804813859053e+00 -2.014109667856e+00 -2.478242674493e+00  2.343847049149e+00 
 4.787296943184e-03  1.875395469688e-02 -9.726669686903e-01 -3.573635456269e-01 -1.717238010140e+00 -1.957907581003e+00 -2.446398646804e+00  2.296507985901e+00 
 4.797296943184e-03  4.946307454520e-02 -9.561673862555e-01 -3.955987733207e-01 -1.622885008808e+00 -1.893978528678e+00 -2.404899801593e+00  2.240105267033e+00 
 4.807296943184e-03  7.997698649706e-02 -9.358942479785e-01 -4.322723712539e-01 -1.522127222735e+00 -1.822574809659e+00 -2.353909915313e+00  2.174861494970e+00 
 4.817296943184e-03  1.101752657123e-01 -9.119275626742e-01 -4.672396124224e-01 -1.415362297092e+00 -1.743978221901e+00 -2.293630222091e+00  2.101034164474e+00 
 4.827296943184e-03  1.399387334823e-01 -8.843619159000e-01 -5.003625042154e-01 -1.303011584561e+00 -1.658498950535e+00 -2.224298618268e+00  2.018914645610e+00 
 4.837296943184e-03  1.691499271255e-01 -8.533060966703e-01 -5.315103324829e-01 -1.185518481536e+00 -1.566474342486e+00 -2.146188723855e+00  1.928827032535e+00 
 4.847296943184e-03  1.976935632119e-01 -8.188826681155e-01 -5.605601774296e-01 -1.063346680021e+00 -1.468267577467e+00 -2.059608803131e+00  1.831126867178e+00 
 4.857296943184e-03  2.254569929501e-01 -7.812274837816e-01 -5.873973995913e-01 -9.369783360744e-01 -1.364266232122e+00 -1.964900547522e+00  1.726199733964e+00 
 4.867296943184e-03  2.523306472285e-01 -7.404891514781e-01 -6.119160907110e-01 -8.069121674635e-01 -1.254880752647e+00 -1.862437726930e+00  1.614459738291e+00 
 4.877296943184e-03  2.782084675855e-01 -6.968284467910e-01 -6.340194931254e-01 -6.736614862457e-01 -1.140542833135e+00 -1.752624715562e+00  1.496347873283e+00 
 4.887296943184e-03  3.029883261770e-01 -6.504176785751e-01 -6.536203811411e-01 -5.377521719784e-01 -1.021703713341e+00 -1.635894895182e+00  1.372330278984e+00 
 4.897296943184e-03  3.265724283992e-01 -6.014400089294e-01 -6.706414051587e-01 -3.997205964988e-01 -8.988323968370e-01 -1.512708944967e+00  1.242896402011e+00 
 4.907296943184e-03  3.488676982815e-01 -5.500887303403e-01 -6.850153967971e-01 -2.601115074358e-01 -7.724138005869e-01 -1.383553023683e+00  1.108557064874e+00 
 4.917296943184e-03  3.697861467954e-01 -4.965665028441e-01 -6.966856342042e-01 -1.194758780039e-01 -6.429468409624e-01 -1.248936850752e+00  9.698424490014e-01 
 4.927296943184e-03  3.892452183645e-01 -4.410845542209e-01 -7.056060662726e-01  2.163126736923e-02 -5.109424648690e-01 -1.109391694539e+00  8.273000035771e-01 
 4.937296943184e-03  4.071681168862e-01 -3.838618463745e-01 -7.117414936656e-01  1.626530430804e-01 -3.769216333167e-01 -9.654682762339e-01  6.814922841270e-01 
 4.947296943184e-03  4.234841088764e-01 -3.251242111903e-01 -7.150677083991e-01  3.030329008470e-01 -2.414132651465e-01 -8.177345956210e-01  5.329947326903e-01 
 4.957296943184e-03  4.381288025179e-01 -2.651034592797e-01 -7.155715886038e-01  4.422168253222e-01 -1.049521500245e-01 -6.667736902018e-01  3.823934065367e-01 
 4.967296943184e-03  4.510444019688e-01 -2.040364651295e-01 -7.132511510281e-01  5.796555212000e-01  3.192316239438e-02 -5.131813336920e-01  2.302826655342e-01 
 4.977296943184e-03  4.621799351298e-01 -1.421642322668e-01 -7.081155587221e-01  7.148065807996e-01  1.686724878091e-01 -3.575636848691e-01  7.726282673183e-02 
 4.987296943184e-03  4.714914553915e-01 -7.973094212807e-02 -7.001850848319e-01  8.471366248559e-01  3.047561391722e-01 -2.005348955136e-01 -7.606220548303e-02 
 4.997296943184e-03  4.789422142203e-01 -1.698299038633e-02 -6.894910320407e-01  9.761234067846e-01  4.396370564937e-01 -4.271468656589e-02 -2.290873223240e-01 
 5.007296943184e-03  4.845028069103e-01  4.583198545966e-02 -6.760756100994e-01  1.101257875096e+00  5.727829263778e-01  1.152740977413e-01 -3.812085983544e-01 
 5.017296943184e-03  4.881512884167e-01  1.084660833977e-01 -6.599917683052e-01  1.222046180861e+00  7.036682830658e-01  2.728079478402e-01 -5.318256758746e-01 
 5.027296943184e-03  4.898732597940e-01  1.706721152580e-01 -6.413029868854e-01  1.338011628017e+00  8.317765817046e-01  4.292651496362e-01 -6.803441332366e-01 
 5.037296943184e-03  4.896619251231e-01  2.322045822520e-01 -6.200830268208e-01  1.448696553940e+00  9.566022375366e-01  5.840282379359e-01 -8.261778311275e-01 
 5.047296943184e-03  4.875181185780e-01  2.928206438441e-01 -5.964156381087e-01  1.553664135747e+00  1.077652620850e+00  7.364864335977e-01 -9.687512263145e-01 
 5.057296943184e-03  4.834503008751e-01  3.522810761320e-01 -5.703942297259e-01  1.652500114404e+00  1.194450000534e+00  8.860380538390e-01 -1.107501641676e+00 
 5.067296943184e-03  4.774745256291e-01  4.103512159542e-01 -5.421215005917e-01  1.744814429898e+00  1.306533431169e+00  1.032092886686e+00 -1.241881488680e+00 
 5.077296943184e-03  4.696143764886e-01  4.668018869988e-01 -5.117090345593e-01  1.830242759082e+00  1.413460570620e+00  1.174074520357e+00 -1.371360427108e+00 
 5.087296943184e-03  4.599008740042e-01  5.214103042568e-01 -4.792768601910e-01  1.908447955968e+00  1.514809426852e+00  1.311422618281e+00 -1.495427458955e+00 
 5.097296943184e-03  4.483723529847e-01  5.739609532537e-01 -4.449529765407e-01  1.979121380020e+00  1.610180021264e+00  1.443595130346e+00 -1.613592943336e+00 
 5.107296943184e-03  4.350743109826e-01  6.242464405859e-01 -4.088728483766e-01  2.041984115727e+00  1.699195970315e+00  1.570070431917e+00 -1.725390531359e+00 
 5.117296943184e-03  4.200592294801e-01  6.720683124082e-01 -3.711788714863e-01  2.096788072027e+00  1.781505968887e+00  1.690349382698e+00 -1.830379005365e+00 
 5.127296943184e-03  4.033863660879e-01  7.172378376402e-01 -3.320198109723e-01  2.143316963688e+00  1.856785176322e+00  1.803957296768e+00 -1.928144018861e+00 
 5.137296943184e-03  3.851215210161e-01  7.595767528018e-01 -2.915502132964e-01  2.181387162767e+00  1.924736500718e+00  1.910445815534e+00 -2.018299735238e+00 
 5.147296943184e-03  3.653367772349e-01  7.989179655377e-01 -2.499297975737e-01  2.210848421790e+00  1.985091768904e+00  2.009394677472e+00 -2.100490346603e+00 
 5.157296943184e-03  3.441102161887e-01  8.351062140546e-01 -2.073228241934e-01  2.231584472116e+00  2.037612786284e+00  2.100413376698e+00 -2.174391480713e+00 
 5.167296943184e-03  3.215256092371e-01  8.679986798683e-01 -1.638974471134e-01  2.243513477966e+00  2.082092276542e+00  2.183142703841e+00 -2.239711479819e+00 
 5.177296943184e-03  2.976720876177e-01  8.974655514435e-01 -1.198250500456e-01  2.246588360053e+00  2.118354699574e+00  2.257256164099e+00 -2.296192552376e+00 
 5.187296943184e-03  2.726437901729e-01  9.233905365001e-01 -7.527957019920e-02  2.240796984173e+00  2.146256943233e+00  2.322461265489e+00 -2.343611788760e+00 
 5.197296943184e-03  2.465394924802e-01  9.456713209661e-01 -3.043681165218e-02  2.226162205916e+00  2.165688891429e+00  2.378500673454e+00 -2.381782045129e+00 
 5.207296943184e-03  2.194622158713e-01  9.642199727645e-01  1.452624826561e-02  2.202741782181e+00  2.176573853940e+00  2.425153225777e+00 -2.410552675866e+00 
 5.217296943184e-03  1.915188221610e-01  9.789632888405e-01  5.943215756270e-02  2.170628142077e+00  2.178868874442e+00  2.462234806269e+00 -2.429810134925e+00 
 5.227296943184e-03  1.628195911762e-01  9.898430840613e-01  1.041036898532e-01  2.129948024638e+00  2.172564893030e+00  2.489599070861e+00 -2.439478416145e+00 
 5.237296943184e-03  1.334777855955e-01  9.968164208456e-01  1.483645437402e-01  2.080861974740e+00  2.157686791383e+00  2.507138025248e+00 -2.439519362641e+00 
 5.247296943184e-03  1.036092043651e-01  9.998557786189e-01  1.920400387608e-01  2.023563713534e+00  2.134293285199e+00  2.514782451442e+00 -2.429932808593e+00 
 5.257296943184e-03  7.333172477956e-02  9.989491624246e-01  2.349578044959e-01  1.958279370097e+00  2.102476698346e+00  2.512502180063e+00 -2.410756584596e+00 
 5.267296943184e-03  4.276483842114e-02  9.941001502627e-01  2.769484611927e-01  1.885266592260e+00  2.062362595228e+00  2.500306210481e+00 -2.382066366577e+00 
 5.277296943184e-03  1.202917872615e-02  9.853278789689e-01  3.178462877404e-01  1.804813528433e+00  2.014109289274e+00  2.478242674493e+00 -2.343975379839e+00 
 5.287296943184e-03 -1.875395458410e-02  9.726669686903e-01  3.574898763327e-01  1.717237689765e+00  1.957907214062e+00  2.446398646920e+00 -2.296633949275e+00 
 5.297296943184e-03 -4.946307466889e-02  9.561673862555e-01  3.957227688516e-01  1.622884698212e+00  1.893978173146e+00  2.404899801477e+00 -2.240228906413e+00 
 5.307296943184e-03 -7.997698651161e-02  9.358942479786e-01  4.323940747418e-01  1.522126921918e+00  1.822574465303e+00  2.353909915313e+00 -2.174982853601e+00 
 5.317296943184e-03 -1.101752657123e-01  9.119275626742e-01  4.673590663588e-01  1.415362005820e+00  1.743977888254e+00  2.293630222091e+00 -2.101153284288e+00 
 5.327296943184e-03 -1.399387335696e-01  8.843619159001e-01  5.004797501606e-01  1.303011302138e+00  1.658498627366e+00  2.224298618152e+00 -2.019031567831e+00 
 5.337296943184e-03 -1.691499270673e-01  8.533060966704e-01  5.316254111240e-01  1.185518207960e+00  1.566474029329e+00  2.146188723855e+00 -1.928941797618e+00 
 5.347296943184e-03 -1.976935630664e-01  8.188826681156e-01  5.606731290463e-01  1.063346415060e+00  1.468267273856e+00  2.059608803247e+00 -1.831239514878e+00 
 5.357296943184e-03 -2.254569929792e-01  7.812274837817e-01  5.875082631828e-01  9.369780792622e-01  1.364265938289e+00  1.964900547522e+00 -1.726310303252e+00 
 5.367296943184e-03 -2.523306472285e-01  7.404891514782e-01  6.120249051601e-01  8.069119186839e-01  1.254880467895e+00  1.862437726930e+00 -1.614568267554e+00 
 5.377296943184e-03 -2.782084677019e-01  6.968284467911e-01  6.341262962669e-01  6.736612453824e-01  1.140542557230e+00  1.752624715562e+00 -1.496454399978e+00 
 5.387296943184e-03 -3.029883261770e-01  6.504176785752e-01  6.537252102280e-01  5.377519385656e-01  1.021703446051e+00  1.635894895182e+00 -1.372434840363e+00 
 5.397296943184e-03 -3.265724283992e-01  6.014400089295e-01  6.707442963962e-01  3.997203703620e-01  8.988321379293e-01  1.512708944967e+00 -1.242999033930e+00 
 5.407296943184e-03 -3.488676982815e-01  5.500887303404e-01  6.851163860410e-01  2.601112882840e-01  7.724135497119e-01  1.383553023683e+00 -1.108657802840e+00 
 5.417296943184e-03 -3.697861468536e-01  4.965665028442e-01  6.967847569613e-01  1.194756656332e-01  6.429465978872e-01  1.248936850694e+00 -9.699413282296e-01 
 5.427296943184e-03 -3.892452184227e-01  4.410845542210e-01  7.057033567689e-01 -2.163147306783e-02  5.109422293026e-01  1.109391694539e+00 -8.273970580606e-01 
 5.437296943184e-03 -4.071681168280e-01  3.838618463746e-01  7.118369857781e-01 -1.626532423543e-01  3.769214050844e-01  9.654682762339e-01 -6.815875476843e-01 
 5.447296943184e-03 -4.234841088764e-01  3.251242111904e-01  7.151614354225e-01 -3.030330938054e-01  2.414130440739e-01  8.177345956210e-01 -5.330882382669e-01 
 5.457296943184e-03 -4.381288025179e-01  2.651034592798e-01  7.156635830179e-01 -4.422170123435e-01  1.049519358494e-01  6.667736902018e-01 -3.824851864086e-01 
 5.467296943184e-03 -4.510444019106e-01  2.040364651296e-01  7.133414451964e-01 -5.796557024587e-01 -3.192336989014e-02  5.131813336920e-01 -2.303727519047e-01 
 5.477296943184e-03 -4.621799352462e-01  1.421642322669e-01  7.082041838439e-01 -7.148067564704e-01 -1.686726888584e-01  3.575636848400e-01 -7.735125033433e-02 
 5.487296943184e-03 -4.714914553333e-01  7.973094212820e-02  7.002720716409e-01 -8.471367949387e-01 -3.047563339351e-01  2.005348955281e-01  7.597541372579e-02 
 5.497296943184e-03 -4.789422142203e-01  1.698299038646e-02  6.895764110377e-01 -9.761235716287e-01 -4.396372452029e-01  4.271468656952e-02  2.290021323770e-01 
 5.507296943184e-03 -4.845028069103e-01 -4.583198545952e-02  6.761594109703e-01 -1.101258034585e+00 -5.727831093827e-01 -1.152740977413e-01  3.811249808228e-01 
 5.517296943184e-03 -4.881512884167e-01 -1.084660833976e-01  6.600740200374e-01 -1.222046335461e+00 -7.036684601335e-01 -2.728079478402e-01  5.317436015384e-01 
 5.527296943184e-03 -4.898732597358e-01 -1.706721152579e-01  6.413837184664e-01 -1.338011777960e+00 -8.317767533008e-01 -4.292651496071e-01  6.802635735159e-01 
 5.537296943184e-03 -4.896619251813e-01 -2.322045822519e-01  6.201622660737e-01 -1.448696698993e+00 -9.566024036612e-01 -5.840282379359e-01  8.260987583737e-01 
 5.547296943184e-03 -4.875181185780e-01 -2.928206438440e-01  5.964934126241e-01 -1.553664276609e+00 -1.077652781270e+00 -7.364864335977e-01  9.686736125299e-01 
 5.557296943184e-03 -4.834503008169e-01 -3.522810761318e-01  5.704705667449e-01 -1.652500250842e+00 -1.194450156530e+00 -8.860380538390e-01  1.107425460901e+00 
 5.567296943184e-03 -4.774745256873e-01 -4.103512159541e-01  5.421964264242e-01 -1.744814561913e+00 -1.306533582276e+00 -1.032092886686e+00  1.241806714312e+00 
 5.577296943184e-03 -4.696143765468e-01 -4.668018869987e-01  5.117825755151e-01 -1.830242887372e+00 -1.413460717304e+00 -1.174074520415e+00  1.371287033187e+00 
 5.587296943184e-03 -4.599008740624e-01 -5.214103042567e-01  4.793490417651e-01 -1.908448079601e+00 -1.514809568645e+00 -1.311422618339e+00  1.495355419521e+00 
 5.597296943184e-03 -4.483723528683e-01 -5.739609532536e-01  4.450238238787e-01 -1.979121499928e+00 -1.610180158634e+00 -1.443595130346e+00  1.613522233534e+00 
 5.607296943184e-03 -4.350743109826e-01 -6.242464405858e-01  4.089423861005e-01 -2.041984231910e+00 -1.699196103495e+00 -1.570070431917e+00  1.725321127092e+00 
 5.617296943184e-03 -4.200592294219e-01 -6.720683124081e-01  3.712471239269e-01 -2.096788184717e+00 -1.781506097876e+00 -1.690349382698e+00  1.830310882127e+00 
 5.627296943184e-03 -4.033863660879e-01 -7.172378376401e-01  3.320868017618e-01 -2.143317072652e+00 -1.856785301352e+00 -1.803957296768e+00  1.928077153369e+00 
 5.637296943184e-03 -3.851215211325e-01 -7.595767528017e-01  2.916159658926e-01 -2.181387268472e+00 -1.924736621557e+00 -1.910445815651e+00  2.018234103860e+00 
 5.647296943184e-03 -3.653367773513e-01 -7.989179655376e-01  2.499943347357e-01 -2.210848524235e+00 -1.985091886250e+00 -2.009394677589e+00  2.100425927162e+00 
 5.657296943184e-03 -3.441102161887e-01 -8.351062140545e-01  2.073861684185e-01 -2.231584571302e+00 -2.037612899672e+00 -2.100413376698e+00  2.174328250129e+00 
 5.667296943184e-03 -3.215256091789e-01 -8.679986798682e-01  1.639596204914e-01 -2.243513573892e+00 -2.082092386670e+00 -2.183142703841e+00  2.239649416760e+00 
 5.677296943184e-03 -2.976720874431e-01 -8.974655514434e-01  1.198860741861e-01 -2.246588453185e+00 -2.118354806211e+00 -2.257256163983e+00  2.296131634941e+00 
 5.687296943184e-03 -2.726437901729e-01 -9.233905365000e-01  7.533946634794e-02 -2.240797074046e+00 -2.146257046610e+00 -2.322461265489e+00  2.343551996227e+00 
 5.697296943184e-03 -2.465394925093e-01 -9.456713209661e-01  3.049560067666e-02 -2.226162292995e+00 -2.165688991547e+00 -2.378500673454e+00  2.381723356486e+00 
 5.707296943184e-03 -2.194622159877e-01 -9.642199727644e-01 -1.446854591995e-02 -2.202741866931e+00 -2.176573951263e+00 -2.425153225893e+00  2.410495071190e+00 
 5.717296943184e-03 -1.915188221319e-01 -9.789632888405e-01 -5.937552179967e-02 -2.170628224500e+00 -2.178868968040e+00 -2.462234806269e+00  2.429753592957e+00 
 5.727296943184e-03 -1.628195912635e-01 -9.898430840613e-01 -1.040481009404e-01 -2.129948104732e+00 -2.172564984299e+00 -2.489599070977e+00  2.439422918812e+00 
 5.737296943184e-03 -1.334777855373e-01 -9.968164208456e-01 -1.483099823818e-01 -2.080862052040e+00 -2.157686879858e+00 -2.507138025248e+00  2.439464889918e+00 
 5.747296943184e-03 -1.036092043214e-01 -9.998557786189e-01 -1.919864859083e-01 -2.023563788040e+00 -2.134293370415e+00 -2.514782451442e+00  2.429879341127e+00 
 5.757296943184e-03 -7.333172473591e-02 -9.989491624246e-01 -2.349052415229e-01 -1.958279442275e+00 -2.102476780768e+00 -2.512502180063e+00  2.410704104211e+00 
 5.767296943184e-03 -4.276483831200e-02 -9.941001502627e-01 -2.768968697637e-01 -1.885266662342e+00 -2.062362675788e+00 -2.500306210364e+00  2.382014855804e+00 
 5.777296943184e-03 -1.202917884439e-02 -9.853278789689e-01 -3.177956500440e-01 -1.804813596653e+00 -2.014109367272e+00 -2.478242674610e+00  2.343924820461e+00 
 5.787296943184e-03  1.875395460229e-02 -9.726669686903e-01 -3.574401745573e-01 -1.717237755656e+00 -1.957907289732e+00 -2.446398646920e+00  2.296584323350e+00 
 5.797296943184e-03  4.946307467617e-02 -9.561673862556e-01 -3.956739858841e-01 -1.622884761775e+00 -1.893978246255e+00 -2.404899801477e+00  2.240180196742e+00 
 5.807296943184e-03  7.997698649706e-02 -9.358942479786e-01 -4.323461934691e-01 -1.522126983851e+00 -1.822574536083e+00 -2.353909915313e+00  2.174935043315e+00 
 5.817296943184e-03  1.101752657123e-01 -9.119275626743e-01 -4.673120701336e-01 -1.415362065891e+00 -1.743977956939e+00 -2.293630222091e+00  2.101106356935e+00 
 5.827296943184e-03  1.399387335987e-01 -8.843619159001e-01 -5.004336226266e-01 -1.303011360113e+00 -1.658498693723e+00 -2.224298618152e+00  2.018985506809e+00 
 5.837296943184e-03  1.691499270964e-01 -8.533060966705e-01 -5.315801362740e-01 -1.185518264305e+00 -1.566474093823e+00 -2.146188723855e+00  1.928896587414e+00 
 5.847296943184e-03  1.976935631537e-01 -8.188826681157e-01 -5.606286909897e-01 -1.063346469542e+00 -1.468267336255e+00 -2.059608803131e+00  1.831195139310e+00 
 5.857296943184e-03  2.254569929792e-01 -7.812274837818e-01 -5.874646465527e-01 -9.369781319983e-01 -1.364265998593e+00 -1.964900547522e+00  1.726266747099e+00 
 5.867296943184e-03  2.523306472576e-01 -7.404891514783e-01 -6.119820945896e-01 -8.069119697902e-01 -1.254880526569e+00 -1.862437726930e+00  1.614525515799e+00 
 5.877296943184e-03  2.782084676437e-01 -6.968284467912e-01 -6.340842772042e-01 -6.736612947425e-01 -1.140542613808e+00 -1.752624715562e+00  1.496412437719e+00 
 5.887296943184e-03  3.029883261188e-01 -6.504176785753e-01 -6.536839677719e-01 -5.377519866452e-01 -1.021703500883e+00 -1.635894895298e+00  1.372393652961e+00 
 5.897296943184e-03  3.265724283992e-01 -6.014400089296e-01 -6.707038163440e-01 -3.997204168118e-01 -8.988321911311e-01 -1.512708944967e+00  1.242958607241e+00 
 5.907296943184e-03  3.488676982815e-01 -5.500887303405e-01 -6.850766543066e-01 -2.601113332785e-01 -7.724136011675e-01 -1.383553023683e+00  1.108618122720e+00 
 5.917296943184e-03  3.697861467954e-01 -4.965665028443e-01 -6.967457594583e-01 -1.194757093181e-01 -6.429466477130e-01 -1.248936850752e+00  9.699023807663e-01 
 5.927296943184e-03  3.892452183645e-01 -4.410845542211e-01 -7.056650801096e-01  2.163143081270e-02 -5.109422776732e-01 -1.109391694539e+00  8.273588299829e-01 
 5.937296943184e-03  4.071681168280e-01 -3.838618463748e-01 -7.117994168075e-01  1.626532014343e-01 -3.769214519998e-01 -9.654682762339e-01  6.815500257792e-01 
 5.947296943184e-03  4.234841088764e-01 -3.251242111906e-01 -7.151245608693e-01  3.030330542242e-01 -2.414130895049e-01 -8.177345956210e-01  5.330514092922e-01 
 5.957296943184e-03  4.381288025179e-01 -2.651034592799e-01 -7.156273899600e-01  4.422169739264e-01 -1.049519798398e-01 -6.667736902018e-01  3.824490374858e-01 
 5.967296943184e-03  4.510444019688e-01 -2.040364651297e-01 -7.133059211774e-01  5.796556653222e-01  3.192332727849e-02 -5.131813336920e-01  2.303372705810e-01 
 5.977296943184e-03  4.621799351880e-01 -1.421642322671e-01 -7.081693164073e-01  7.148067203816e-01  1.686726475600e-01 -3.575636848691e-01  7.731642439355e-02 
 5.987296943184e-03  4.714914553915e-01 -7.973094212832e-02 -7.002378487960e-01  8.471367600141e-01  3.047562939464e-01 -2.005348955136e-01 -7.600959650359e-02 
 5.997296943184e-03  4.789422142203e-01 -1.698299038659e-02 -6.895428207936e-01  9.761235377518e-01  4.396372064366e-01 -4.271468656952e-02 -2.290356837206e-01 
 6.007296943184e-03  4.845028069685e-01  4.583198545940e-02 -6.761264415691e-01  1.101258001989e+00  5.727830716642e-01  1.152740977341e-01 -3.811579124320e-01 
 6.017296943184e-03  4.881512884167e-01  1.084660833974e-01 -6.600416600704e-01  1.222046303796e+00  7.036684239283e-01  2.728079478402e-01 -5.317759251709e-01 
 6.027296943184e-03  4.898732597940e-01  1.706721152577e-01 -6.413519565249e-01  1.338011747226e+00  8.317767181434e-01  4.292651496362e-01 -6.802953002313e-01 
 6.037296943184e-03  4.896619251813e-01  2.322045822518e-01 -6.201310913311e-01  1.448696669191e+00  9.566023696680e-01  5.840282379359e-01 -8.261298989985e-01 
 6.047296943184e-03  4.875181185780e-01  2.928206438439e-01 -5.964628142538e-01  1.553664247738e+00  1.077652748441e+00  7.364864335977e-01 -9.687041779489e-01 
 6.057296943184e-03  4.834503008169e-01  3.522810761317e-01 -5.704405338038e-01  1.652500222903e+00  1.194450124633e+00  8.860380538390e-01 -1.107455461824e+00 
 6.067296943184e-03  4.774745255709e-01  4.103512159540e-01 -5.421669486677e-01  1.744814534904e+00  1.306533551775e+00  1.032092886628e+00 -1.241836161333e+00 
 6.077296943184e-03  4.696143765468e-01  4.668018869986e-01 -5.117536426987e-01  1.830242860829e+00  1.413460687269e+00  1.174074520415e+00 -1.371315935853e+00 
 6.087296943184e-03  4.599008740624e-01  5.214103042566e-01 -4.793206436443e-01  1.908448054455e+00  1.514809539542e+00  1.311422618339e+00 -1.495383788425e+00 
 6.097296943184e-03  4.483723529265e-01  5.739609532535e-01 -4.449959507328e-01  1.979121475248e+00  1.610180130694e+00  1.443595130346e+00 -1.613550078687e+00 
 6.107296943184e-03  4.350743109244e-01  6.242464405857e-01 -4.089150282089e-01  2.041984207928e+00  1.699196076253e+00  1.570070431801e+00 -1.725348457575e+00 
 6.117296943184e-03  4.200592294801e-01  6.720683124080e-01 -3.712202716852e-01  2.096788161900e+00  1.781506071333e+00  1.690349382698e+00 -1.830337707777e+00 
 6.127296943184e-03  4.033863660879e-01  7.172378376400e-01 -3.320604457986e-01  2.143317051232e+00  1.856785275741e+00  1.803957296768e+00 -1.928103483616e+00 
 6.137296943184e-03  3.851215210161e-01  7.595767528016e-01 -2.915900971275e-01  2.181387246121e+00  1.924736597110e+00  1.910445815534e+00 -2.018259947958e+00 
 6.147296943184e-03  3.653367772931e-01  7.989179655376e-01 -2.499689441756e-01  2.210848503280e+00  1.985091862036e+00  2.009394677589e+00 -2.100451293348e+00 
 6.157296943184e-03  3.441102161887e-01  8.351062140544e-01 -2.073612471868e-01  2.231584550813e+00  2.037612876622e+00  2.100413376698e+00 -2.174353148211e+00 
 6.167296943184e-03  3.215256092371e-01  8.679986798682e-01 -1.639351598860e-01  2.243513554335e+00  2.082092363853e+00  2.183142703841e+00 -2.239673854509e+00 
 6.177296943184e-03  2.976720875595e-01  8.974655514433e-01 -1.198620657378e-01  2.246588434093e+00  2.118354784325e+00  2.257256164099e+00 -2.296155621524e+00 
 6.187296943184e-03  2.726437902311e-01  9.233905365000e-01 -7.531590166036e-02  2.240797055420e+00  2.146257025190e+00  2.322461265489e+00 -2.343575539458e+00 
 6.197296943184e-03  2.465394924802e-01  9.456713209661e-01 -3.047247156428e-02  2.226162275299e+00  2.165688970592e+00  2.378500673454e+00 -2.381746464522e+00 
 6.207296943184e-03  2.194622158713e-01  9.642199727644e-01  1.449124750434e-02  2.202741849702e+00  2.176573931240e+00  2.425153225777e+00 -2.410517752544e+00 
 6.217296943184e-03  1.915188221610e-01  9.789632888405e-01  5.939780376502e-02  2.170628207270e+00  2.178868948482e+00  2.462234806269e+00 -2.429775855305e+00 
 6.227296943184e-03  1.628195911762e-01  9.898430840613e-01  1.040699710575e-01  2.129948087968e+00  2.172564966138e+00  2.489599070861e+00 -2.439444770593e+00 
 6.237296943184e-03  1.334777856828e-01  9.968164208455e-01  1.483314482321e-01  2.080862036441e+00  2.157686861698e+00  2.507138025365e+00 -2.439486337667e+00 
 6.247296943184e-03  1.036092042341e-01  9.998557786189e-01  1.920075549569e-01  2.023563772673e+00  2.134293353185e+00  2.514782451326e+00 -2.429900392775e+00 
 6.257296943184e-03  7.333172476501e-02  9.989491624246e-01  2.349259211624e-01  1.958279427607e+00  2.102476763539e+00  2.512502180063e+00 -2.410724766567e+00 
 6.267296943184e-03  4.276483833382e-02  9.941001502628e-01  2.769171671243e-01  1.885266648140e+00  2.062362659490e+00  2.500306210364e+00 -2.382035136807e+00 
 6.277296943184e-03  1.202917875707e-02  9.853278789690e-01  3.178155721980e-01  1.804813582217e+00  2.014109351439e+00  2.478242674493e+00 -2.343944726616e+00 
 6.287296943184e-03 -1.875395456227e-02  9.726669686904e-01  3.574597285478e-01  1.717237741919e+00  1.957907274133e+00  2.446398646920e+00 -2.296603861703e+00 
 6.297296943184e-03 -4.946307454520e-02  9.561673862556e-01  3.956931783468e-01  1.622884748969e+00  1.893978231121e+00  2.404899801593e+00 -2.240199374125e+00 
 6.307296943184e-03 -7.997698651161e-02  9.358942479786e-01  4.323650312144e-01  1.522126971046e+00  1.822574521415e+00  2.353909915313e+00 -2.174953866302e+00 
 6.317296943184e-03 -1.101752657123e-01  9.119275626743e-01  4.673305596807e-01  1.415362053318e+00  1.743977942970e+00  2.293630222091e+00 -2.101124832439e+00 
 6.327296943184e-03 -1.399387335987e-01  8.843619159002e-01  5.004517703201e-01  1.303011348471e+00  1.658498679986e+00  2.224298618152e+00 -2.019003640693e+00 
 6.337296943184e-03 -1.691499270964e-01  8.533060966705e-01  5.315979485167e-01  1.185518252663e+00  1.566474080784e+00  2.146188723855e+00 -1.928914386547e+00 
 6.347296943184e-03 -1.976935631537e-01  8.188826681158e-01  5.606461740099e-01  1.063346458366e+00  1.468267323682e+00  2.059608803131e+00 -1.831212609688e+00 
 6.357296943184e-03 -2.254569929792e-01  7.812274837819e-01  5.874818065204e-01  9.369781211717e-01  1.364265986253e+00  1.964900547522e+00 -1.726283894658e+00 
 6.367296943184e-03 -2.523306472285e-01  7.404891514784e-01  6.119989374420e-01  8.069119593129e-01  1.254880514462e+00  1.862437726930e+00 -1.614542346506e+00 
 6.377296943184e-03 -2.782084675855e-01  6.968284467913e-01  6.341008086456e-01  6.736612846144e-01  1.140542602399e+00  1.752624715562e+00 -1.496428957744e+00 
 6.387296943184e-03 -3.029883261770e-01  6.504176785754e-01  6.537001935067e-01  5.377519767499e-01  1.021703489823e+00  1.635894895182e+00 -1.372409867513e+00 
 6.397296943184e-03 -3.265724283410e-01  6.014400089297e-01  6.707197421929e-01  3.997204072657e-01  8.988321801880e-01  1.512708944967e+00 -1.242974522142e+00 
 6.407296943184e-03 -3.488676982815e-01  5.500887303406e-01  6.850922857411e-01  2.601113240817e-01  7.724135905737e-01  1.383553023683e+00 -1.108633743498e+00 
 6.417296943184e-03 -3.697861467372e-01  4.965665028445e-01  6.967611020664e-01  1.194757003541e-01  6.429466375848e-01  1.248936850752e+00 -9.699177132432e-01 
 6.427296943184e-03 -3.892452183645e-01  4.410845542212e-01  7.056801392464e-01 -2.163143942380e-02  5.109422678361e-01  1.109391694597e+00 -8.273738792224e-01 
 6.437296943184e-03 -4.071681168862e-01  3.838618463749e-01  7.118141974788e-01 -1.626532099035e-01  3.769214423955e-01  9.654682761757e-01 -6.815647967290e-01 
 6.447296943184e-03 -4.234841088764e-01  3.251242111907e-01  7.151390681975e-01 -3.030330623733e-01  2.414130801626e-01  8.177345956210e-01 -5.330659072200e-01 
 6.457296943184e-03 -4.381288025179e-01  2.651034592800e-01  7.156416293001e-01 -4.422169818426e-01  1.049519708176e-01  6.667736902018e-01 -3.824632677468e-01 
 6.467296943184e-03 -4.510444019688e-01  2.040364651299e-01  7.133198971860e-01 -5.796556728892e-01 -3.192333603874e-02  5.131813336629e-01 -2.303512377735e-01 
 6.477296943184e-03 -4.621799351880e-01  1.421642322672e-01  7.081830342067e-01 -7.148067278322e-01 -1.686726560583e-01  3.575636848400e-01 -7.733013363984e-02 
 6.487296943184e-03 -4.714914553333e-01  7.973094212845e-02  7.002513129264e-01 -8.471367672319e-01 -3.047563022119e-01  2.005348955281e-01  7.599614063423e-02 
 6.497296943184e-03 -4.789422142203e-01  1.698299038672e-02  6.895560360281e-01 -9.761235447368e-01 -4.396372144111e-01  4.271468656952e-02  2.290224765134e-01 
 6.507296943184e-03 -4.845028069103e-01 -4.583198545928e-02  6.761394124478e-01 -1.101258008741e+00 -5.727830793476e-01 -1.152740977341e-01  3.811449492303e-01 
 6.517296943184e-03 -4.881512884167e-01 -1.084660833973e-01  6.600543913664e-01 -1.222046310082e+00 -7.036684312625e-01 -2.728079478402e-01  5.317632012600e-01 
 6.527296943184e-03 -4.898732597358e-01 -1.706721152576e-01  6.413644524291e-01 -1.338011753513e+00 -8.317767252447e-01 -4.292651496071e-01  6.802828114201e-01 
 6.537296943184e-03 -4.896619251231e-01 -2.322045822517e-01  6.201433563838e-01 -1.448696675478e+00 -9.566023766529e-01 -5.840282379650e-01  8.261176409216e-01 
 6.547296943184e-03 -4.875181186944e-01 -2.928206438437e-01  5.964748524129e-01 -1.553664253792e+00 -1.077652755426e+00 -7.364864336560e-01  9.686921469391e-01 
 6.557296943184e-03 -4.834503008751e-01 -3.522810761316e-01  5.704523494933e-01 -1.652500228491e+00 -1.194450131152e+00 -8.860380538390e-01  1.107443652759e+00 
 6.567296943184e-03 -4.774745256291e-01 -4.103512159539e-01  5.421785460785e-01 -1.744814540492e+00 -1.306533557829e+00 -1.032092886686e+00  1.241824570081e+00 
 6.577296943184e-03 -4.696143765468e-01 -4.668018869984e-01  5.117650256143e-01 -1.830242866185e+00 -1.413460693555e+00 -1.174074520415e+00  1.371304559269e+00 
 6.587296943184e-03 -4.599008740624e-01 -5.214103042565e-01  4.793318162556e-01 -1.908448059577e+00 -1.514809545595e+00 -1.311422618339e+00  1.495372621912e+00 
 6.597296943184e-03 -4.483723528101e-01 -5.739609532534e-01  4.450069167069e-01 -1.979121480370e+00 -1.610180136282e+00 -1.443595130229e+00  1.613539118229e+00 
 6.607296943184e-03 -4.350743110408e-01 -6.242464405856e-01  4.089257915039e-01 -2.041984212818e+00 -1.699196081841e+00 -1.570070431917e+00  1.725337700028e+00 
 6.617296943184e-03 -4.200592294801e-01 -6.720683124079e-01  3.712308360846e-01 -2.096788166789e+00 -1.781506076688e+00 -1.690349382698e+00  1.830327148775e+00 
 6.627296943184e-03 -4.033863660879e-01 -7.172378376399e-01  3.320708149113e-01 -2.143317055888e+00 -1.856785281096e+00 -1.803957296768e+00  1.928093119900e+00 
 6.637296943184e-03 -3.851215210161e-01 -7.595767528015e-01  2.916002745624e-01 -2.181387250777e+00 -1.924736601999e+00 -1.910445815534e+00  2.018249775454e+00 
 6.647296943184e-03 -3.653367772931e-01 -7.989179655375e-01  2.499789334543e-01 -2.210848507471e+00 -1.985091867158e+00 -2.009394677589e+00  2.100441309232e+00 
 6.657296943184e-03 -3.441102161887e-01 -8.351062140544e-01  2.073710518307e-01 -2.231584555469e+00 -2.037612881511e+00 -2.100413376698e+00  2.174343348496e+00 
 6.667296943184e-03 -3.215256092953e-01 -8.679986798681e-01  1.639447833004e-01 -2.243513558060e+00 -2.082092368742e+00 -2.183142703841e+00  2.239664236080e+00 
 6.677296943184e-03 -2.976720875595e-01 -8.974655514433e-01  1.198715112696e-01 -2.246588438284e+00 -2.118354788516e+00 -2.257256164099e+00  2.296146180221e+00 
 6.687296943184e-03 -2.726437901729e-01 -9.233905364999e-01  7.532517261279e-02 -2.240797059610e+00 -2.146257029846e+00 -2.322461265489e+00  2.343566273141e+00 
 6.697296943184e-03 -2.465394924511e-01 -9.456713209660e-01  3.048157114972e-02 -2.226162279025e+00 -2.165688974783e+00 -2.378500673454e+00  2.381737369135e+00 
 6.707296943184e-03 -2.194622158713e-01 -9.642199727644e-01 -1.448231612085e-02 -2.202741852961e+00 -2.176573935430e+00 -2.425153225777e+00  2.410508825387e+00 
 6.717296943184e-03 -1.915188221610e-01 -9.789632888404e-01 -5.938903747301e-02 -2.170628210995e+00 -2.178868953139e+00 -2.462234806269e+00  2.429767093704e+00 
 6.727296943184e-03 -1.628195911762e-01 -9.898430840612e-01 -1.040613668010e-01 -2.129948091228e+00 -2.172564969864e+00 -2.489599070861e+00  2.439436170096e+00 
 6.737296943184e-03 -1.334777856828e-01 -9.968164208455e-01 -1.483230030281e-01 -2.080862039700e+00 -2.157686865423e+00 -2.507138025365e+00  2.439477896222e+00 
 6.747296943184e-03 -1.036092042195e-01 -9.998557786189e-01 -1.919992658659e-01 -2.023563775932e+00 -2.134293356445e+00 -2.514782451326e+00  2.429892106962e+00 
 6.757296943184e-03 -7.333172477956e-02 -9.989491624246e-01 -2.349177853030e-01 -1.958279430633e+00 -2.102476767264e+00 -2.512502180063e+00  2.410716634480e+00 
 6.767296943184e-03 -4.276483842841e-02 -9.941001502628e-01 -2.769091817318e-01 -1.885266650934e+00 -2.062362662517e+00 -2.500306210481e+00  2.382027154568e+00 
 6.777296943184e-03 -1.202917872797e-02 -9.853278789690e-01 -3.178077342454e-01 -1.804813585244e+00 -2.014109354466e+00 -2.478242674493e+00  2.343936891692e+00 
 6.787296943184e-03  1.875395458410e-02 -9.726669686904e-01 -3.574520355323e-01 -1.717237744946e+00 -1.957907277159e+00 -2.446398646920e+00  2.296596171723e+00 
 6.797296943184e-03  4.946307456703e-02 -9.561673862557e-01 -3.956856275909e-01 -1.622884751763e+00 -1.893978234148e+00 -2.404899801593e+00  2.240191826404e+00 
 6.807296943184e-03  7.997698651161e-02 -9.358942479787e-01 -4.323576199822e-01 -1.522126973607e+00 -1.822574524442e+00 -2.353909915313e+00  2.174946458127e+00 
 6.817296943184e-03  1.101752657269e-01 -9.119275626744e-01 -4.673232854111e-01 -1.415362055879e+00 -1.743977945996e+00 -2.293630222091e+00  2.101117561210e+00 
 6.827296943184e-03  1.399387334823e-01 -8.843619159002e-01 -5.004446305684e-01 -1.303011350799e+00 -1.658498682780e+00 -2.224298618268e+00  2.018996503880e+00 
 6.837296943184e-03  1.691499271255e-01 -8.533060966706e-01 -5.315909406636e-01 -1.185518255224e+00 -1.566474083345e+00 -2.146188723855e+00  1.928907381254e+00 
 6.847296943184e-03  1.976935630955e-01 -8.188826681158e-01 -5.606392957270e-01 -1.063346460694e+00 -1.468267326243e+00 -2.059608803247e+00  1.831205734052e+00 
 6.857296943184e-03  2.254569929792e-01 -7.812274837820e-01 -5.874750553630e-01 -9.369781233836e-01 -1.364265989047e+00 -1.964900547522e+00  1.726277146322e+00 
 6.867296943184e-03  2.523306471994e-01 -7.404891514785e-01 -6.119923110818e-01 -8.069119614083e-01 -1.254880516790e+00 -1.862437726930e+00  1.614535722529e+00 
 6.877296943184e-03  2.782084675855e-01 -6.968284467914e-01 -6.340943047544e-01 -6.736612867098e-01 -1.140542604961e+00 -1.752624715562e+00  1.496422456440e+00 
 6.887296943184e-03  3.029883260606e-01 -6.504176785755e-01 -6.536938099889e-01 -5.377519788453e-01 -1.021703492035e+00 -1.635894895298e+00  1.372403486350e+00 
 6.897296943184e-03  3.265724282828e-01 -6.014400089298e-01 -6.707134764874e-01 -3.997204093612e-01 -8.988321823999e-01 -1.512708945083e+00  1.242968258732e+00 
 6.907296943184e-03  3.488676983397e-01 -5.500887303407e-01 -6.850861359853e-01 -2.601113259734e-01 -7.724135927856e-01 -1.383553023683e+00  1.108627595921e+00 
 6.917296943184e-03  3.697861468536e-01 -4.965665028446e-01 -6.967550658155e-01 -1.194757021294e-01 -6.429466397967e-01 -1.248936850694e+00  9.699116791119e-01 
 6.927296943184e-03  3.892452183645e-01 -4.410845542214e-01 -7.056742146378e-01  2.163143771395e-02 -5.109422698151e-01 -1.109391694539e+00  8.273679566166e-01 
 6.937296943184e-03  4.071681168280e-01 -3.838618463750e-01 -7.118083823007e-01  1.626532081282e-01 -3.769214443746e-01 -9.654682762339e-01  6.815589836114e-01 
 6.947296943184e-03  4.234841088764e-01 -3.251242111908e-01 -7.151333604706e-01  3.030330606853e-01 -2.414130820835e-01 -8.177345956210e-01  5.330602014369e-01 
 6.957296943184e-03  4.381288025179e-01 -2.651034592802e-01 -7.156360272784e-01  4.422169802128e-01 -1.049519726803e-01 -6.667736902018e-01  3.824576676101e-01 
 6.967296943184e-03  4.510444019688e-01 -2.040364651300e-01 -7.133143986575e-01  5.796556713758e-01  3.192333423431e-02 -5.131813336629e-01  2.303457410714e-01 
 6.977296943184e-03  4.621799351880e-01 -1.421642322673e-01 -7.081776373088e-01  7.148067262024e-01  1.686726543121e-01 -3.575636848400e-01  7.732473850975e-02 
 6.987296943184e-03  4.714914553915e-01 -7.973094212858e-02 -7.002460159129e-01  8.471367657185e-01  3.047563004657e-01 -2.005348955136e-01 -7.600143593859e-02 
 6.997296943184e-03  4.789422142203e-01 -1.698299038685e-02 -6.895508368034e-01  9.761235433398e-01  4.396372127230e-01 -4.271468656952e-02 -2.290276740292e-01 
 7.007296943184e-03  4.845028069103e-01  4.583198545915e-02 -6.761343094986e-01  1.101258007111e+00  5.727830777178e-01  1.152740977341e-01 -3.811500505293e-01 
 7.017296943184e-03  4.881512883585e-01  1.084660833972e-01 -6.600493824808e-01  1.222046308685e+00  7.036684296327e-01  2.728079478402e-01 -5.317682084375e-01 
 7.027296943184e-03  4.898732597358e-01  1.706721152575e-01 -6.413595363265e-01  1.338011752116e+00  8.317767237313e-01  4.292651496071e-01 -6.802877259897e-01 
 7.037296943184e-03  4.896619251231e-01  2.322045822515e-01 -6.201385309687e-01  1.448696674081e+00  9.566023751395e-01  5.840282379359e-01 -8.261224648040e-01 
 7.047296943184e-03  4.875181186362e-01  2.928206438436e-01 -5.964701162884e-01  1.553664252395e+00  1.077652754029e+00  7.364864336560e-01 -9.686968815895e-01 
 7.057296943184e-03  4.834503008751e-01  3.522810761315e-01 -5.704477007966e-01  1.652500227559e+00  1.194450129522e+00  8.860380538390e-01 -1.107448299807e+00 
 7.067296943184e-03  4.774745256291e-01  4.103512159538e-01 -5.421739832964e-01  1.744814539095e+00  1.306533556432e+00  1.032092886686e+00 -1.241829131448e+00 
 7.077296943184e-03  4.696143765468e-01  4.668018869983e-01 -5.117605472915e-01  1.830242865253e+00  1.413460692158e+00  1.174074520415e+00 -1.371309036177e+00 
 7.087296943184e-03  4.599008740624e-01  5.214103042564e-01 -4.793274206459e-01  1.908448058413e+00  1.514809544198e+00  1.311422618339e+00 -1.495377016107e+00 
 7.097296943184e-03  4.483723528101e-01  5.739609532533e-01 -4.450026023551e-01  1.979121479206e+00  1.610180135118e+00  1.443595130229e+00 -1.613543431399e+00 
 7.107296943184e-03  4.350743109826e-01  6.242464405855e-01 -4.089215569547e-01  2.041984211653e+00  1.699196080677e+00  1.570070431917e+00 -1.725341933337e+00 
 7.117296943184e-03  4.200592294801e-01  6.720683124078e-01 -3.712266797666e-01  2.096788165858e+00  1.781506075524e+00  1.690349382698e+00 -1.830331303912e+00 
 7.127296943184e-03  4.033863660879e-01  7.172378376398e-01 -3.320667354274e-01  2.143317054491e+00  1.856785280164e+00  1.803957296768e+00 -1.928097198436e+00 
 7.137296943184e-03  3.851215210161e-01  7.595767528015e-01 -2.915962705156e-01  2.181387249846e+00  1.924736600835e+00  1.910445815534e+00 -2.018253778320e+00 
 7.147296943184e-03  3.653367773513e-01  7.989179655374e-01 -2.499750034476e-01  2.210848506540e+00  1.985091865994e+00  2.009394677589e+00 -2.100445238117e+00 
 7.157296943184e-03  3.441102160723e-01  8.351062140543e-01 -2.073671944381e-01  2.231584554072e+00  2.037612880114e+00  2.100413376582e+00 -2.174347204360e+00 
 7.167296943184e-03  3.215256092371e-01  8.679986798680e-01 -1.639409972122e-01  2.243513557129e+00  2.082092367345e+00  2.183142703841e+00 -2.239668020698e+00 
 7.177296943184e-03  2.976720875595e-01  8.974655514432e-01 -1.198677951616e-01  2.246588436887e+00  2.118354787119e+00  2.257256164099e+00 -2.296149894917e+00 
 7.187296943184e-03  2.726437901729e-01  9.233905364999e-01 -7.532152518979e-02  2.240797058679e+00  2.146257028449e+00  2.322461265489e+00 -2.343569919153e+00 
 7.197296943184e-03  2.465394923929e-01  9.456713209660e-01 -3.047799114574e-02  2.226162278093e+00  2.165688973852e+00  2.378500673338e+00 -2.381740948135e+00 
 7.207296943184e-03  2.194622159004e-01  9.642199727643e-01  1.448582994817e-02  2.202741852030e+00  2.176573934499e+00  2.425153225777e+00 -2.410512338298e+00 
 7.217296943184e-03  1.915188221901e-01  9.789632888404e-01  5.939248634968e-02  2.170628210530e+00  2.178868951742e+00  2.462234806269e+00 -2.429770541199e+00 
 7.227296943184e-03  1.628195911762e-01  9.898430840612e-01  1.040647519258e-01  2.129948090762e+00  2.172564968932e+00  2.489599070861e+00 -2.439439554276e+00 
 7.237296943184e-03  1.334777857119e-01  9.968164208455e-01  1.483263255795e-01  2.080862038769e+00  2.157686864492e+00  2.507138025365e+00 -2.439481217858e+00 
 7.247296943184e-03  1.036092042341e-01  9.998557786189e-01  1.920025270083e-01  2.023563775234e+00  2.134293355979e+00  2.514782451326e+00 -2.429895367640e+00 
 7.257296943184e-03  7.333172479412e-02  9.989491624246e-01  2.349209861422e-01  1.958279429935e+00  2.102476766333e+00  2.512502180063e+00 -2.410719834390e+00 
 7.267296943184e-03  4.276483843569e-02  9.941001502628e-01  2.769123233156e-01  1.885266650701e+00  2.062362662051e+00  2.500306210481e+00 -2.382030295681e+00 
 7.277296943184e-03  1.202917873525e-02  9.853278789690e-01  3.178108179127e-01  1.804813584778e+00  2.014109354001e+00  2.478242674493e+00 -2.343939974889e+00 
 7.287296943184e-03 -1.875395458046e-02  9.726669686904e-01  3.574550621561e-01  1.717237744248e+00  1.957907276461e+00  2.446398646920e+00 -2.296599197640e+00 
 7.297296943184e-03 -4.946307466162e-02  9.561673862557e-01  3.956885982188e-01  1.622884751065e+00  1.893978233682e+00  2.404899801477e+00 -2.240194796460e+00 
 7.307296943184e-03 -7.997698646795e-02  9.358942479787e-01  4.323605357204e-01  1.522126973141e+00  1.822574523976e+00  2.353909915313e+00 -2.174949373431e+00 
 7.317296943184e-03 -1.101752656978e-01  9.119275626744e-01  4.673261473072e-01  1.415362055413e+00  1.743977945298e+00  2.293630222091e+00 -2.101120422426e+00 
 7.327296943184e-03 -1.399387335696e-01  8.843619159003e-01  5.004474394955e-01  1.303011350101e+00  1.658498682315e+00  2.224298618152e+00 -2.018999312243e+00 
 7.337296943184e-03 -1.691499270673e-01  8.533060966707e-01  5.315936977277e-01  1.185518254759e+00  1.566474082880e+00  2.146188723855e+00 -1.928910137899e+00 
 7.347296943184e-03 -1.976935631537e-01  8.188826681159e-01  5.606420019176e-01  1.063346459996e+00  1.468267325778e+00  2.059608803131e+00 -1.831208439708e+00 
 7.357296943184e-03 -2.254569929792e-01  7.812274837820e-01  5.874777114950e-01  9.369781229179e-01  1.364265988348e+00  1.964900547522e+00 -1.726279801745e+00 
 7.367296943184e-03 -2.523306472285e-01  7.404891514786e-01  6.119949180866e-01  8.069119610591e-01  1.254880516324e+00  1.862437726930e+00 -1.614538329029e+00 
 7.377296943184e-03 -2.782084675855e-01  6.968284467915e-01  6.340968634468e-01  6.736612863606e-01  1.140542604029e+00  1.752624715562e+00 -1.496425014190e+00 
 7.387296943184e-03 -3.029883262352e-01  6.504176785756e-01  6.536963213002e-01  5.377519782633e-01  1.021703491569e+00  1.635894895182e+00 -1.372405997011e+00 
 7.397296943184e-03 -3.265724283410e-01  6.014400089299e-01  6.707159416983e-01  3.997204088373e-01  8.988321818179e-01  1.512708944967e+00 -1.242970723292e+00 
 7.407296943184e-03 -3.488676982815e-01  5.500887303408e-01  6.850885554450e-01  2.601113255951e-01  7.724135923199e-01  1.383553023683e+00 -1.108630014963e+00 
 7.417296943184e-03 -3.697861468536e-01  4.965665028447e-01  6.967574406881e-01  1.194757017802e-01  6.429466392146e-01  1.248936850694e+00 -9.699140533929e-01 
 7.427296943184e-03 -3.892452183645e-01  4.410845542215e-01  7.056765453890e-01 -2.163143800499e-02  5.109422694659e-01  1.109391694597e+00 -8.273702870092e-01 
 7.437296943184e-03 -4.071681168280e-01  3.838618463751e-01  7.118106702110e-01 -1.626532084483e-01  3.769214439671e-01  9.654682762339e-01 -6.815612711051e-01 
 7.447296943184e-03 -4.234841089346e-01  3.251242111909e-01  7.151356060058e-01 -3.030330610345e-01  2.414130816760e-01  8.177345956210e-01 -5.330624464974e-01 
 7.457296943184e-03 -4.381288025179e-01  2.651034592803e-01  7.156382312533e-01 -4.422169805621e-01  1.049519722874e-01  6.667736902018e-01 -3.824598711833e-01 
 7.467296943184e-03 -4.510444019688e-01  2.040364651301e-01  7.133165617706e-01 -5.796556716086e-01 -3.192333459083e-02  5.131813336920e-01 -2.303479038194e-01 
 7.477296943184e-03 -4.621799351880e-01  1.421642322675e-01  7.081797606079e-01 -7.148067266680e-01 -1.686726546905e-01  3.575636848400e-01 -7.732686142196e-02 
 7.487296943184e-03 -4.714914553915e-01  7.973094212871e-02  7.002480998635e-01 -8.471367659513e-01 -3.047563008149e-01  2.005348955281e-01  7.599935234549e-02 
 7.497296943184e-03 -4.789422142203e-01  1.698299038697e-02  6.895528823370e-01 -9.761235434562e-01 -4.396372130723e-01  4.271468656952e-02  2.290256288530e-01 
 7.507296943184e-03 -4.845028069685e-01 -4.583198545902e-02  6.761363170808e-01 -1.101258007344e+00 -5.727830781834e-01 -1.152740977268e-01  3.811480434789e-01 
 7.517296943184e-03 -4.881512884167e-01 -1.084660833970e-01  6.600513530429e-01 -1.222046308918e+00 -7.036684299819e-01 -2.728079478256e-01  5.317662382907e-01 
 7.527296943184e-03 -4.898732597358e-01 -1.706721152574e-01  6.413614703342e-01 -1.338011752348e+00 -8.317767240806e-01 -4.292651495780e-01  6.802857923389e-01 
 7.537296943184e-03 -4.896619251813e-01 -2.322045822514e-01  6.201404293533e-01 -1.448696674313e+00 -9.566023753723e-01 -5.840282379359e-01  8.261205667180e-01 
 7.547296943184e-03 -4.875181186362e-01 -2.928206438435e-01  5.964719796320e-01 -1.553664252628e+00 -1.077652754262e+00 -7.364864335977e-01  9.686950184862e-01 
 7.557296943184e-03 -4.834503009333e-01 -3.522810761314e-01  5.704495296814e-01 -1.652500227792e+00 -1.194450129755e+00 -8.860380538972e-01  1.107446471221e+00 
 7.567296943184e-03 -4.774745256291e-01 -4.103512159537e-01  5.421757783042e-01 -1.744814539561e+00 -1.306533556897e+00 -1.032092886686e+00  1.241827336913e+00 
 7.577296943184e-03 -4.696143765468e-01 -4.668018869982e-01  5.117623092374e-01 -1.830242865486e+00 -1.413460692391e+00 -1.174074520415e+00  1.371307274471e+00 
 7.587296943184e-03 -4.599008740624e-01 -5.214103042563e-01  4.793291499373e-01 -1.908448058646e+00 -1.514809544664e+00 -1.311422618339e+00  1.495375287288e+00 
 7.597296943184e-03 -4.483723529265e-01 -5.739609532532e-01  4.450042997487e-01 -1.979121479439e+00 -1.610180135584e+00 -1.443595130346e+00  1.613541734594e+00 
 7.607296943184e-03 -4.350743109826e-01 -6.242464405854e-01  4.089232229162e-01 -2.041984211886e+00 -1.699196081143e+00 -1.570070431917e+00  1.725340267848e+00 
 7.617296943184e-03 -4.200592294219e-01 -6.720683124077e-01  3.712283149362e-01 -2.096788166091e+00 -1.781506075757e+00 -1.690349382698e+00  1.830329668924e+00 
 7.627296943184e-03 -4.033863660297e-01 -7.172378376397e-01  3.320683404454e-01 -2.143317054957e+00 -1.856785280164e+00 -1.803957296768e+00  1.928095593366e+00 
 7.637296943184e-03 -3.851215210161e-01 -7.595767528014e-01  2.915978458477e-01 -2.181387249846e+00 -1.924736601301e+00 -1.910445815534e+00  2.018252203460e+00 
 7.647296943184e-03 -3.653367771767e-01 -7.989179655373e-01  2.499765495886e-01 -2.210848507006e+00 -1.985091866227e+00 -2.009394677472e+00  2.100443692040e+00 
 7.657296943184e-03 -3.441102161887e-01 -8.351062140542e-01  2.073687120574e-01 -2.231584554538e+00 -2.037612880580e+00 -2.100413376698e+00  2.174345687329e+00 
 7.667296943184e-03 -3.215256092371e-01 -8.679986798680e-01  1.639424867462e-01 -2.243513557129e+00 -2.082092367811e+00 -2.183142703841e+00  2.239666531636e+00 
 7.677296943184e-03 -2.976720875595e-01 -8.974655514432e-01  1.198692571779e-01 -2.246588436887e+00 -2.118354787584e+00 -2.257256164099e+00  2.296148433372e+00 
 7.687296943184e-03 -2.726437902311e-01 -9.233905364998e-01  7.532296018326e-02 -2.240797059145e+00 -2.146257029381e+00 -2.322461265489e+00  2.343568485155e+00 
 7.697296943184e-03 -2.465394923929e-01 -9.456713209659e-01  3.047939960379e-02 -2.226162278093e+00 -2.165688973852e+00 -2.378500673338e+00  2.381739539682e+00 
 7.707296943184e-03 -2.194622159004e-01 -9.642199727643e-01 -1.448444752350e-02 -2.202741852496e+00 -2.176573934499e+00 -2.425153225777e+00  2.410510955879e+00 
 7.717296943184e-03 -1.915188221901e-01 -9.789632888404e-01 -5.939112947817e-02 -2.170628210530e+00 -2.178868951742e+00 -2.462234806269e+00  2.429769184333e+00 
 7.727296943184e-03 -1.628195912053e-01 -9.898430840612e-01 -1.040634201199e-01 -2.129948090762e+00 -2.172564968467e+00 -2.489599070861e+00  2.439438222039e+00 
 7.737296943184e-03 -1.334777855955e-01 -9.968164208455e-01 -1.483250184101e-01 -2.080862038769e+00 -2.157686864957e+00 -2.507138025248e+00  2.439479911043e+00 
 7.747296943184e-03 -1.036092042632e-01 -9.998557786189e-01 -1.920012439950e-01 -2.023563775234e+00 -2.134293355979e+00 -2.514782451326e+00  2.429894084661e+00 
 7.757296943184e-03 -7.333172479412e-02 -9.989491624246e-01 -2.349197268195e-01 -1.958279430168e+00 -2.102476766799e+00 -2.512502180063e+00  2.410718575538e+00 
 7.767296943184e-03 -4.276483834838e-02 -9.941001502628e-01 -2.769110873342e-01 -1.885266650468e+00 -2.062362661818e+00 -2.500306210364e+00  2.382029059384e+00 
 7.777296943184e-03 -1.202917887167e-02 -9.853278789690e-01 -3.178096047486e-01 -1.804813585011e+00 -2.014109353768e+00 -2.478242674610e+00  2.343938761633e+00 
 7.787296943184e-03  1.875395458046e-02 -9.726669686905e-01 -3.574538714020e-01 -1.717237744480e+00 -1.957907276927e+00 -2.446398646920e+00  2.296598007356e+00 
 7.797296943184e-03  4.946307466162e-02 -9.561673862557e-01 -3.956874294090e-01 -1.622884750832e+00 -1.893978233682e+00 -2.404899801477e+00  2.240193627655e+00 
 7.807296943184e-03  7.997698646795e-02 -9.358942479788e-01 -4.323593886220e-01 -1.522126973141e+00 -1.822574523976e+00 -2.353909915313e+00  2.174948226337e+00 
 7.817296943184e-03  1.101752657123e-01 -9.119275626745e-01 -4.673250213382e-01 -1.415362055646e+00 -1.743977945531e+00 -2.293630222091e+00  2.101119296679e+00 
 7.827296943184e-03  1.399387335696e-01 -8.843619159004e-01 -5.004463343648e-01 -1.303011350334e+00 -1.658498682315e+00 -2.224298618152e+00  2.018998207117e+00 
 7.837296943184e-03  1.691499272129e-01 -8.533060966707e-01 -5.315926130861e-01 -1.185518254526e+00 -1.566474082880e+00 -2.146188723738e+00  1.928909053117e+00 
 7.847296943184e-03  1.976935631246e-01 -8.188826681160e-01 -5.606409372995e-01 -1.063346460229e+00 -1.468267325778e+00 -2.059608803131e+00  1.831207375123e+00 
 7.857296943184e-03  2.254569929210e-01 -7.812274837821e-01 -5.874766664347e-01 -9.369781230344e-01 -1.364265988348e+00 -1.964900547522e+00  1.726278756747e+00 
 7.867296943184e-03  2.523306471994e-01 -7.404891514786e-01 -6.119938923512e-01 -8.069119610591e-01 -1.254880516324e+00 -1.862437726930e+00  1.614537303327e+00 
 7.877296943184e-03  2.782084675855e-01 -6.968284467916e-01 -6.340958568035e-01 -6.736612864770e-01 -1.140542604262e+00 -1.752624715562e+00  1.496424007784e+00 
 7.887296943184e-03  3.029883262352e-01 -6.504176785757e-01 -6.536953332834e-01 -5.377519783797e-01 -1.021703491569e+00 -1.635894895182e+00  1.372405008998e+00 
 7.897296943184e-03  3.265724282246e-01 -6.014400089300e-01 -6.707149718422e-01 -3.997204090701e-01 -8.988321820507e-01 -1.512708945083e+00  1.242969753789e+00 
 7.907296943184e-03  3.488676983397e-01 -5.500887303409e-01 -6.850876035169e-01 -2.601113256533e-01 -7.724135924364e-01 -1.383553023683e+00  1.108629063097e+00 
 7.917296943184e-03  3.697861467954e-01 -4.965665028448e-01 -6.967565063387e-01 -1.194757018384e-01 -6.429466394475e-01 -1.248936850694e+00  9.699131193383e-01 
 7.927296943184e-03  3.892452183645e-01 -4.410845542216e-01 -7.056756283855e-01  2.163143793223e-02 -5.109422695241e-01 -1.109391694597e+00  8.273693700676e-01 
 7.937296943184e-03  4.071681168862e-01 -3.838618463752e-01 -7.118097700877e-01  1.626532084483e-01 -3.769214440254e-01 -9.654682761757e-01  6.815603709854e-01 
 7.947296943184e-03  4.234841088182e-01 -3.251242111910e-01 -7.151347226463e-01  3.030330609763e-01 -2.414130817633e-01 -8.177345956792e-01  5.330615633452e-01 
 7.957296943184e-03  4.381288025179e-01 -2.651034592804e-01 -7.156373641919e-01  4.422169805039e-01 -1.049519723601e-01 -6.667736902018e-01  3.824590041982e-01 
 7.967296943184e-03  4.510444019106e-01 -2.040364651302e-01 -7.133157108910e-01  5.796556714922e-01  3.192333452535e-02 -5.131813336629e-01  2.303470530669e-01 
 7.977296943184e-03  4.621799351298e-01 -1.421642322676e-01 -7.081789250951e-01  7.148067264352e-01  1.686726545449e-01 -3.575636848691e-01  7.732602611626e-02 
 7.987296943184e-03  4.714914553915e-01 -7.973094212883e-02 -7.002472799504e-01  8.471367659513e-01  3.047563007567e-01 -2.005348955136e-01 -7.600017219712e-02 
 7.997296943184e-03  4.789422142203e-01 -1.698299038710e-02 -6.895520775579e-01  9.761235435726e-01  4.396372130141e-01 -4.271468656952e-02 -2.290264335707e-01 
 8.007296943184e-03  4.845028069103e-01  4.583198545889e-02 -6.761355272029e-01  1.101258007577e+00  5.727830780670e-01  1.152740977341e-01 -3.811488331791e-01 
 8.017296943184e-03  4.881512883585e-01  1.084660833969e-01 -6.600505779497e-01  1.222046308918e+00  7.036684299819e-01  2.728079478547e-01 -5.317670133226e-01 
 8.027296943184e-03  4.898732597358e-01  1.706721152572e-01 -6.413607094437e-01  1.338011752348e+00  8.317767240806e-01  4.292651496071e-01 -6.802865532264e-01 
 8.037296943184e-03  4.896619251813e-01  2.322045822513e-01 -6.201396825491e-01  1.448696674546e+00  9.566023753723e-01  5.840282379359e-01 -8.261213135193e-01 
 8.047296943184e-03  4.875181185780e-01  2.928206438434e-01 -5.964712465648e-01  1.553664252395e+00  1.077652754029e+00  7.364864335977e-01 -9.686957512595e-01 
 8.057296943184e-03  4.834503008751e-01  3.522810761312e-01 -5.704488101183e-01  1.652500227792e+00  1.194450129988e+00  8.860380538972e-01 -1.107447190956e+00 
 8.067296943184e-03  4.774745256291e-01  4.103512159536e-01 -5.421750722453e-01  1.744814539561e+00  1.306533556664e+00  1.032092886686e+00 -1.241828042736e+00 
 8.077296943184e-03  4.696143764886e-01  4.668018869981e-01 -5.117616159841e-01  1.830242865253e+00  1.413460692391e+00  1.174074520357e+00 -1.371307967663e+00 
 8.087296943184e-03  4.599008740042e-01  5.214103042562e-01 -4.793284696643e-01  1.908448058646e+00  1.514809544431e+00  1.311422618281e+00 -1.495375967267e+00 
 8.097296943184e-03  4.483723529265e-01  5.739609532531e-01 -4.450036319904e-01  1.979121479671e+00  1.610180135351e+00  1.443595130346e+00 -1.613542402117e+00 
 8.107296943184e-03  4.350743110408e-01  6.242464405853e-01 -4.089225674397e-01  2.041984211886e+00  1.699196081143e+00  1.570070431917e+00 -1.725340923380e+00 
 8.117296943184e-03  4.200592294801e-01  6.720683124076e-01 -3.712276716251e-01  2.096788165858e+00  1.781506075757e+00  1.690349382698e+00 -1.830330312290e+00 
 8.127296943184e-03  4.033863660879e-01  7.172378376396e-01 -3.320677090087e-01  2.143317054491e+00  1.856785279932e+00  1.803957296768e+00 -1.928096224626e+00 
 8.137296943184e-03  3.851215210161e-01  7.595767528013e-01 -2.915972260525e-01  2.181387249846e+00  1.924736601068e+00  1.910445815534e+00 -2.018252823020e+00 
 8.147296943184e-03  3.653367772349e-01  7.989179655373e-01 -2.499759412603e-01  2.210848507006e+00  1.985091866227e+00  2.009394677472e+00 -2.100444300424e+00 
 8.157296943184e-03  3.441102161887e-01  8.351062140542e-01 -2.073681149632e-01  2.231584554538e+00  2.037612880580e+00  2.100413376698e+00 -2.174346284421e+00 
 8.167296943184e-03  3.215256092371e-01  8.679986798679e-01 -1.639419007406e-01  2.243513557129e+00  2.082092367811e+00  2.183142703841e+00 -2.239667117639e+00 
 8.177296943184e-03  2.976720876177e-01  8.974655514431e-01 -1.198686819698e-01  2.246588436887e+00  2.118354787584e+00  2.257256164099e+00 -2.296149008636e+00 
 8.187296943184e-03  2.726437902311e-01  9.233905364998e-01 -7.532239561260e-02  2.240797059145e+00  2.146257028915e+00  2.322461265489e+00 -2.343569049257e+00 
 8.197296943184e-03  2.465394923929e-01  9.456713209659e-01 -3.047884548505e-02  2.226162278093e+00  2.165688973852e+00  2.378500673338e+00 -2.381740093799e+00 
 8.207296943184e-03  2.194622159004e-01  9.642199727643e-01  1.448499140315e-02  2.202741852030e+00  2.176573934034e+00  2.425153225777e+00 -2.410511499291e+00 
 8.217296943184e-03  1.915188221901e-01  9.789632888404e-01  5.939166330791e-02  2.170628210530e+00  2.178868952207e+00  2.462234806269e+00 -2.429769718626e+00 
 8.227296943184e-03  1.628195911762e-01  9.898430840612e-01  1.040639441053e-01  2.129948090762e+00  2.172564968467e+00  2.489599070861e+00 -2.439438745993e+00 
 8.237296943184e-03  1.334777855955e-01  9.968164208455e-01  1.483255326748e-01  2.080862038536e+00  2.157686864957e+00  2.507138025248e+00 -2.439480425306e+00 
 8.247296943184e-03  1.036092043505e-01  9.998557786189e-01  1.920017487719e-01  2.023563775001e+00  2.134293355979e+00  2.514782451442e+00 -2.429894589523e+00 
 8.257296943184e-03  7.333172477956e-02  9.989491624246e-01  2.349202222831e-01  1.958279430168e+00  2.102476766333e+00  2.512502180063e+00 -2.410719070519e+00 
 8.267296943184e-03  4.276483831927e-02  9.941001502628e-01  2.769115736010e-01  1.885266650701e+00  2.062362662051e+00  2.500306210364e+00 -2.382029545853e+00 
 8.277296943184e-03  1.202917875889e-02  9.853278789691e-01  3.178100820514e-01  1.804813584778e+00  2.014109353768e+00  2.478242674493e+00 -2.343939238821e+00 
 8.287296943184e-03 -1.875395456227e-02  9.726669686905e-01  3.574543398572e-01  1.717237744248e+00  1.957907276694e+00  2.446398646920e+00 -2.296598475595e+00 
 8.297296943184e-03 -4.946307464706e-02  9.561673862558e-01  3.956878892495e-01  1.622884751065e+00  1.893978233682e+00  2.404899801477e+00 -2.240194087508e+00 
 8.307296943184e-03 -7.997698646795e-02  9.358942479788e-01  4.323598399642e-01  1.522126973141e+00  1.822574523976e+00  2.353909915313e+00 -2.174948677678e+00 
 8.317296943184e-03 -1.101752656978e-01  9.119275626745e-01  4.673254642985e-01  1.415362055646e+00  1.743977945065e+00  2.293630222091e+00 -2.101119739187e+00 
 8.327296943184e-03 -1.399387334532e-01  8.843619159004e-01  5.004467692343e-01  1.303011350567e+00  1.658498682315e+00  2.224298618268e+00 -2.018998642101e+00 
 8.337296943184e-03 -1.691499271255e-01  8.533060966708e-01  5.315930398647e-01  1.185518254759e+00  1.566474083113e+00  2.146188723855e+00 -1.928909480214e+00 
 8.347296943184e-03 -1.976935631828e-01  8.188826681161e-01  5.606413561618e-01  1.063346460229e+00  1.468267326010e+00  2.059608803131e+00 -1.831207794158e+00 
 8.357296943184e-03 -2.254569930665e-01  7.812274837822e-01  5.874770774972e-01  9.369781229179e-01  1.364265988348e+00  1.964900547406e+00 -1.726279167662e+00 
 8.367296943184e-03 -2.523306471412e-01  7.404891514787e-01  6.119942958467e-01  8.069119611755e-01  1.254880516324e+00  1.862437726930e+00 -1.614537706879e+00 
 8.377296943184e-03 -2.782084675273e-01  6.968284467917e-01  6.340962528484e-01  6.736612864770e-01  1.140542604495e+00  1.752624715562e+00 -1.496424404118e+00 
 8.387296943184e-03 -3.029883261188e-01  6.504176785758e-01  6.536957221106e-01  5.377519783797e-01  1.021703491569e+00  1.635894895182e+00 -1.372405397940e+00 
 8.397296943184e-03 -3.265724282828e-01  6.014400089301e-01  6.707153533353e-01  3.997204090119e-01  8.988321821671e-01  1.512708945083e+00 -1.242970135339e+00 
 8.407296943184e-03 -3.488676982815e-01  5.500887303410e-01  6.850879780250e-01  2.601113256533e-01  7.724135925528e-01  1.383553023683e+00 -1.108629437778e+00 
 8.417296943184e-03 -3.697861467372e-01  4.965665028449e-01  6.967568739783e-01  1.194757018820e-01  6.429466393311e-01  1.248936850752e+00 -9.699134869182e-01 
 8.427296943184e-03 -3.892452183645e-01  4.410845542217e-01  7.056759892730e-01 -2.163143800499e-02  5.109422695241e-01  1.109391694539e+00 -8.273697309537e-01 
 8.437296943184e-03 -4.071681168280e-01  3.838618463753e-01  7.118101242231e-01 -1.626532083901e-01  3.769214439671e-01  9.654682762339e-01 -6.815607251194e-01 
 8.447296943184e-03 -4.234841088182e-01  3.251242111912e-01  7.151350701461e-01 -3.030330609181e-01  2.414130817924e-01  8.177345956792e-01 -5.330619108726e-01 
 8.457296943184e-03 -4.381288025761e-01  2.651034592805e-01  7.156377051724e-01 -4.422169805039e-01  1.049519723747e-01  6.667736902018e-01 -3.824593451336e-01 
 8.467296943184e-03 -4.510444019106e-01  2.040364651304e-01  7.133160455851e-01 -5.796556716086e-01 -3.192333452535e-02  5.131813336629e-01 -2.303473877596e-01 
 8.477296943184e-03 -4.621799352462e-01  1.421642322677e-01  7.081792538520e-01 -7.148067265516e-01 -1.686726546031e-01  3.575636848400e-01 -7.732635469719e-02 
 8.487296943184e-03 -4.714914553333e-01  7.973094212896e-02  7.002476024209e-01 -8.471367659513e-01 -3.047563007567e-01  2.005348955136e-01  7.599984966976e-02 
 8.497296943184e-03 -4.789422142203e-01  1.698299038723e-02  6.895523942076e-01 -9.761235435726e-01 -4.396372130141e-01  4.271468656952e-02  2.290261169223e-01 
 8.507296943184e-03 -4.845028069103e-01 -4.583198545877e-02  6.761358380318e-01 -1.101258007344e+00 -5.727830781834e-01 -1.152740977341e-01  3.811485224679e-01 
 8.517296943184e-03 -4.881512884167e-01 -1.084660833968e-01  6.600508828415e-01 -1.222046308918e+00 -7.036684299819e-01 -2.728079478547e-01  5.317667084903e-01 
 8.527296943184e-03 -4.898732597940e-01 -1.706721152571e-01  6.413610088639e-01 -1.338011752116e+00 -8.317767239641e-01 -4.292651496362e-01  6.802862537492e-01 
 8.537296943184e-03 -4.896619251813e-01 -2.322045822512e-01  6.201399762649e-01 -1.448696674546e+00 -9.566023753723e-01 -5.840282379359e-01  8.261210198046e-01 
 8.547296943184e-03 -4.875181185780e-01 -2.928206438432e-01  5.964715349255e-01 -1.553664252628e+00 -1.077652754029e+00 -7.364864335977e-01  9.686954628999e-01 
 8.557296943184e-03 -4.834503008751e-01 -3.522810761311e-01  5.704490932403e-01 -1.652500227792e+00 -1.194450129755e+00 -8.860380538390e-01  1.107446907602e+00 
 8.567296943184e-03 -4.774745256291e-01 -4.103512159534e-01  5.421753500123e-01 -1.744814539561e+00 -1.306533556664e+00 -1.032092886686e+00  1.241827764970e+00 
 8.577296943184e-03 -4.696143764304e-01 -4.668018869980e-01  5.117618886288e-01 -1.830242865253e+00 -1.413460692624e+00 -1.174074520299e+00  1.371307695194e+00 
 8.587296943184e-03 -4.599008739460e-01 -5.214103042561e-01  4.793287373031e-01 -1.908448058646e+00 -1.514809544664e+00 -1.311422618281e+00  1.495375699804e+00 
 8.597296943184e-03 -4.483723529265e-01 -5.739609532530e-01  4.450038946816e-01 -1.979121479671e+00 -1.610180135351e+00 -1.443595130346e+00  1.613542139427e+00 
 8.607296943184e-03 -4.350743109244e-01 -6.242464405852e-01  4.089228253579e-01 -2.041984212119e+00 -1.699196080910e+00 -1.570070431801e+00  1.725340665114e+00 
 8.617296943184e-03 -4.200592294801e-01 -6.720683124075e-01  3.712279247120e-01 -2.096788165858e+00 -1.781506075757e+00 -1.690349382698e+00  1.830330059204e+00 
 8.627296943184e-03 -4.033863660879e-01 -7.172378376395e-01  3.320679573808e-01 -2.143317054491e+00 -1.856785280164e+00 -1.803957296768e+00  1.928095976488e+00 
 8.637296943184e-03 -3.851215210161e-01 -7.595767528012e-01  2.915974698262e-01 -2.181387249846e+00 -1.924736601068e+00 -1.910445815534e+00  2.018252579247e+00 
 8.647296943184e-03 -3.653367772931e-01 -7.989179655372e-01  2.499761806102e-01 -2.210848507006e+00 -1.985091866227e+00 -2.009394677589e+00  2.100444061133e+00 
 8.657296943184e-03 -3.441102161305e-01 -8.351062140541e-01  2.073683498893e-01 -2.231584554072e+00 -2.037612880580e+00 -2.100413376698e+00  2.174346049437e+00 
 8.667296943184e-03 -3.215256092371e-01 -8.679986798679e-01  1.639421312721e-01 -2.243513557129e+00 -2.082092367578e+00 -2.183142703841e+00  2.239666886876e+00 
 8.677296943184e-03 -2.976720876177e-01 -8.974655514431e-01  1.198689082812e-01 -2.246588437352e+00 -2.118354787584e+00 -2.257256164099e+00  2.296148782326e+00 
 8.687296943184e-03 -2.726437901729e-01 -9.233905364997e-01  7.532261773304e-02 -2.240797059145e+00 -2.146257028915e+00 -2.322461265489e+00  2.343568827080e+00 
 8.697296943184e-03 -2.465394924511e-01 -9.456713209658e-01  3.047906349093e-02 -2.226162278559e+00 -2.165688974317e+00 -2.378500673454e+00  2.381739876318e+00 
 8.707296943184e-03 -2.194622158713e-01 -9.642199727642e-01 -1.448477742815e-02 -2.202741852030e+00 -2.176573934499e+00 -2.425153225777e+00  2.410511285754e+00 
 8.717296943184e-03 -1.915188221610e-01 -9.789632888403e-01 -5.939145328011e-02 -2.170628210530e+00 -2.178868952207e+00 -2.462234806269e+00  2.429769508570e+00 
 8.727296943184e-03 -1.628195911762e-01 -9.898430840612e-01 -1.040637379629e-01 -2.129948090762e+00 -2.172564968932e+00 -2.489599070861e+00  2.439438540317e+00 
 8.737296943184e-03 -1.334777856828e-01 -9.968164208455e-01 -1.483253303450e-01 -2.080862039234e+00 -2.157686864492e+00 -2.507138025365e+00  2.439480222598e+00 
 8.747296943184e-03 -1.036092043360e-01 -9.998557786188e-01 -1.920015501673e-01 -2.023563775234e+00 -2.134293355979e+00 -2.514782451442e+00  2.429894390905e+00 
 8.757296943184e-03 -7.333172475046e-02 -9.989491624247e-01 -2.349200273457e-01 -1.958279430168e+00 -2.102476766333e+00 -2.512502180063e+00  2.410718875554e+00 
 8.767296943184e-03 -4.276483831200e-02 -9.941001502628e-01 -2.769113822724e-01 -1.885266650468e+00 -2.062362662051e+00 -2.500306210364e+00  2.382029354518e+00 
 8.777296943184e-03 -1.202917874434e-02 -9.853278789691e-01 -3.178098942735e-01 -1.804813584778e+00 -2.014109354001e+00 -2.478242674493e+00  2.343939051262e+00 
 8.787296943184e-03  1.875395456955e-02 -9.726669686905e-01 -3.574541555718e-01 -1.717237744480e+00 -1.957907276927e+00 -2.446398646920e+00  2.296598291536e+00 
 8.797296943184e-03  4.946307465434e-02 -9.561673862558e-01 -3.956877083983e-01 -1.622884751065e+00 -1.893978233915e+00 -2.404899801477e+00  2.240193906883e+00 
 8.807296943184e-03  7.997698646795e-02 -9.358942479789e-01 -4.323596623726e-01 -1.522126973141e+00 -1.822574523976e+00 -2.353909915313e+00  2.174948500087e+00 
 8.817296943184e-03  1.101752656978e-01 -9.119275626746e-01 -4.673252900830e-01 -1.415362055413e+00 -1.743977945531e+00 -2.293630222091e+00  2.101119565438e+00 
 8.827296943184e-03  1.399387335696e-01 -8.843619159005e-01 -5.004465981037e-01 -1.303011350334e+00 -1.658498682315e+00 -2.224298618152e+00  2.018998470855e+00 
 8.837296943184e-03  1.691499270964e-01 -8.533060966709e-01 -5.315928718774e-01 -1.185518254759e+00 -1.566474082880e+00 -2.146188723855e+00  1.928909312023e+00 
 8.847296943184e-03  1.976935630373e-01 -8.188826681161e-01 -5.606411914341e-01 -1.063346460229e+00 -1.468267325778e+00 -2.059608803247e+00  1.831207629344e+00 
 8.857296943184e-03  2.254569929792e-01 -7.812274837823e-01 -5.874769156799e-01 -9.369781230344e-01 -1.364265988581e+00 -1.964900547522e+00  1.726279006166e+00 
 8.867296943184e-03  2.523306471994e-01 -7.404891514788e-01 -6.119941371726e-01 -8.069119611755e-01 -1.254880516324e+00 -1.862437726930e+00  1.614537548147e+00 
 8.877296943184e-03  2.782084675855e-01 -6.968284467918e-01 -6.340960970847e-01 -6.736612864770e-01 -1.140542604495e+00 -1.752624715562e+00  1.496424248297e+00 
 8.887296943184e-03  3.029883261188e-01 -6.504176785759e-01 -6.536955690244e-01 -5.377519784961e-01 -1.021703491569e+00 -1.635894895298e+00  1.372405244854e+00 
 8.897296943184e-03  3.265724283992e-01 -6.014400089302e-01 -6.707152032759e-01 -3.997204088955e-01 -8.988321821671e-01 -1.512708944967e+00  1.242969985164e+00 
 8.907296943184e-03  3.488676982815e-01 -5.500887303411e-01 -6.850878307596e-01 -2.601113257406e-01 -7.724135925528e-01 -1.383553023799e+00  1.108629290514e+00 
 8.917296943184e-03  3.697861469118e-01 -4.965665028450e-01 -6.967567292741e-01 -1.194757018238e-01 -6.429466393311e-01 -1.248936850694e+00  9.699133420400e-01 
 8.927296943184e-03  3.892452183063e-01 -4.410845542218e-01 -7.056758473627e-01  2.163143795406e-02 -5.109422695241e-01 -1.109391694597e+00  8.273695891022e-01 
 8.937296943184e-03  4.071681168862e-01 -3.838618463755e-01 -7.118099848740e-01  1.626532083901e-01 -3.769214440836e-01 -9.654682762339e-01  6.815605858290e-01 
 8.947296943184e-03  4.234841088182e-01 -3.251242111913e-01 -7.151349334745e-01  3.030330609181e-01 -2.414130817633e-01 -8.177345956792e-01  5.330617741725e-01 
 8.957296943184e-03  4.381288025761e-01 -2.651034592806e-01 -7.156375710620e-01  4.422169805039e-01 -1.049519723747e-01 -6.667736902018e-01  3.824592110237e-01 
 8.967296943184e-03  4.510444019688e-01 -2.040364651305e-01 -7.133159139194e-01  5.796556716086e-01  3.192333451807e-02 -5.131813336629e-01  2.303472560434e-01 
 8.977296943184e-03  4.621799352462e-01 -1.421642322678e-01 -7.081791246310e-01  7.148067264352e-01  1.686726546031e-01 -3.575636848691e-01  7.732622547670e-02 
 8.987296943184e-03  4.714914553915e-01 -7.973094212908e-02 -7.002474755282e-01  8.471367659513e-01  3.047563007567e-01 -2.005348955136e-01 -7.599997662016e-02 
 8.997296943184e-03  4.789422142203e-01 -1.698299038735e-02 -6.895522695268e-01  9.761235435726e-01  4.396372130141e-01 -4.271468656952e-02 -2.290262416026e-01 
 9.007296943184e-03  4.845028069103e-01  4.583198545863e-02 -6.761357157957e-01  1.101258007577e+00  5.727830780670e-01  1.152740977341e-01 -3.811486445871e-01 
 9.017296943184e-03  4.881512884167e-01  1.084660833967e-01 -6.600507628173e-01  1.222046308918e+00  7.036684298655e-01  2.728079478402e-01 -5.317668283976e-01 
 9.027296943184e-03  4.898732597358e-01  1.706721152570e-01 -6.413608910516e-01  1.338011752116e+00  8.317767240806e-01  4.292651495780e-01 -6.802863716192e-01 
 9.037296943184e-03  4.896619251231e-01  2.322045822510e-01 -6.201398606645e-01  1.448696674313e+00  9.566023753723e-01  5.840282379359e-01 -8.261211353464e-01 
 9.047296943184e-03  4.875181186944e-01  2.928206438431e-01 -5.964714214206e-01  1.553664252628e+00  1.077652754029e+00  7.364864336560e-01 -9.686955765208e-01 
 9.057296943184e-03  4.834503008751e-01  3.522810761310e-01 -5.704489819473e-01  1.652500227792e+00  1.194450129988e+00  8.860380538972e-01 -1.107447019127e+00 
 9.067296943184e-03  4.774745256291e-01  4.103512159533e-01 -5.421752406983e-01  1.744814539561e+00  1.306533556664e+00  1.032092886628e+00 -1.241827874284e+00 
 9.077296943184e-03  4.696143764304e-01  4.668018869979e-01 -5.117617814103e-01  1.830242865253e+00  1.413460692624e+00  1.174074520299e+00 -1.371307802413e+00 
 9.087296943184e-03  4.599008740042e-01  5.214103042560e-01 -4.793286320055e-01  1.908448058646e+00  1.514809544431e+00  1.311422618281e+00 -1.495375804927e+00 
 9.097296943184e-03  4.483723529847e-01  5.739609532529e-01 -4.450037913048e-01  1.979121479671e+00  1.610180135351e+00  1.443595130346e+00 -1.613542242862e+00 
 9.107296943184e-03  4.350743110408e-01  6.242464405851e-01 -4.089227239019e-01  2.041984212119e+00  1.699196080910e+00  1.570070431917e+00 -1.725340766686e+00 
 9.117296943184e-03  4.200592294801e-01  6.720683124074e-01 -3.712278251187e-01  2.096788165858e+00  1.781506075757e+00  1.690349382698e+00 -1.830330158797e+00 
 9.127296943184e-03  4.033863660879e-01  7.172378376394e-01 -3.320678597083e-01  2.143317054491e+00  1.856785280164e+00  1.803957296768e+00 -1.928096074160e+00 
 9.137296943184e-03  3.851215210161e-01  7.595767528011e-01 -2.915973739582e-01  2.181387250312e+00  1.924736601301e+00  1.910445815534e+00 -2.018252675348e+00 
 9.147296943184e-03  3.653367773513e-01  7.989179655371e-01 -2.499760864885e-01  2.210848507006e+00  1.985091866227e+00  2.009394677589e+00 -2.100444155313e+00 
 9.157296943184e-03  3.441102160723e-01  8.351062140540e-01 -2.073682574555e-01  2.231584554538e+00  2.037612880580e+00  2.100413376582e+00 -2.174346141812e+00 
 9.167296943184e-03  3.215256092953e-01  8.679986798678e-01 -1.639420405845e-01  2.243513557129e+00  2.082092367811e+00  2.183142703841e+00 -2.239666977854e+00 
 9.177296943184e-03  2.976720875595e-01  8.974655514430e-01 -1.198688192526e-01  2.246588437352e+00  2.118354787584e+00  2.257256164099e+00 -2.296148871296e+00 
 9.187296943184e-03  2.726437902311e-01  9.233905364997e-01 -7.532253036334e-02  2.240797059145e+00  2.146257028915e+00  2.322461265489e+00 -2.343568914507e+00 
 9.197296943184e-03  2.465394924802e-01  9.456713209658e-01 -3.047897772194e-02  2.226162278559e+00  2.165688974317e+00  2.378500673454e+00 -2.381739962116e+00 
 9.207296943184e-03  2.194622158713e-01  9.642199727642e-01  1.448486160916e-02  2.202741852030e+00  2.176573934499e+00  2.425153225777e+00 -2.410511369934e+00 
 9.217296943184e-03  1.915188221610e-01  9.789632888403e-01  5.939153590589e-02  2.170628210530e+00  2.178868951742e+00  2.462234806269e+00 -2.429769590730e+00 
 9.227296943184e-03  1.628195912635e-01  9.898430840611e-01  1.040638190607e-01  2.129948090762e+00  2.172564968932e+00  2.489599070977e+00 -2.439438621502e+00 
 9.237296943184e-03  1.334777855664e-01  9.968164208455e-01  1.483254099730e-01  2.080862038769e+00  2.157686864492e+00  2.507138025248e+00 -2.439480302110e+00 
 9.247296943184e-03  1.036092043360e-01  9.998557786188e-01  1.920016283111e-01  2.023563775234e+00  2.134293355979e+00  2.514782451442e+00 -2.429894469048e+00 
 9.257296943184e-03  7.333172476501e-02  9.989491624247e-01  2.349201040342e-01  1.958279430168e+00  2.102476766333e+00  2.512502180063e+00 -2.410718952256e+00 
 9.267296943184e-03  4.276483831200e-02  9.941001502628e-01  2.769114575349e-01  1.885266650701e+00  2.062362662051e+00  2.500306210364e+00 -2.382029429780e+00 
 9.277296943184e-03  1.202917874616e-02  9.853278789691e-01  3.178099680808e-01  1.804813584778e+00  2.014109354001e+00  2.478242674493e+00 -2.343939125071e+00 
 9.287296943184e-03 -1.875395467141e-02  9.726669686905e-01  3.574542280403e-01  1.717237744248e+00  1.957907276927e+00  2.446398646804e+00 -2.296598363902e+00 
 9.297296943184e-03 -4.946307452337e-02  9.561673862558e-01  3.956877795281e-01  1.622884751298e+00  1.893978233682e+00  2.404899801593e+00 -2.240193977911e+00 
 9.307296943184e-03 -7.997698648251e-02  9.358942479789e-01  4.323597321636e-01  1.522126973141e+00  1.822574523976e+00  2.353909915313e+00 -2.174948569863e+00 
 9.317296943184e-03 -1.101752657123e-01  9.119275626746e-01  4.673253586516e-01  1.415362055646e+00  1.743977945531e+00  2.293630222091e+00 -2.101119633992e+00 
 9.327296943184e-03 -1.399387334823e-01  8.843619159005e-01  5.004466654500e-01  1.303011350334e+00  1.658498682315e+00  2.224298618268e+00 -2.018998538288e+00 
 9.337296943184e-03 -1.691499271255e-01  8.533060966709e-01  5.315929380013e-01  1.185518254526e+00  1.566474082880e+00  2.146188723855e+00 -1.928909378118e+00 
 9.347296943184e-03 -1.976935631828e-01  8.188826681162e-01  5.606412561610e-01  1.063346460229e+00  1.468267325778e+00  2.059608803131e+00 -1.831207693925e+00 
 9.357296943184e-03 -2.254569929792e-01  7.812274837823e-01  5.874769795919e-01  9.369781229179e-01  1.364265988581e+00  1.964900547522e+00 -1.726279070077e+00 
 9.367296943184e-03 -2.523306472576e-01  7.404891514789e-01  6.119941996876e-01  8.069119611755e-01  1.254880516324e+00  1.862437726930e+00 -1.614537610604e+00 
 9.377296943184e-03 -2.782084675855e-01  6.968284467919e-01  6.340961584356e-01  6.736612863606e-01  1.140542604495e+00  1.752624715562e+00 -1.496424309648e+00 
 9.387296943184e-03 -3.029883262352e-01  6.504176785760e-01  6.536956293276e-01  5.377519783797e-01  1.021703491569e+00  1.635894895182e+00 -1.372405305041e+00 
 9.397296943184e-03 -3.265724283992e-01  6.014400089303e-01  6.707152624149e-01  3.997204088373e-01  8.988321820507e-01  1.512708944967e+00 -1.242970044186e+00 
 9.407296943184e-03 -3.488676982815e-01  5.500887303412e-01  6.850878886180e-01  2.601113256533e-01  7.724135924364e-01  1.383553023683e+00 -1.108629348255e+00 
 9.417296943184e-03 -3.697861467954e-01  4.965665028451e-01  6.967567862011e-01  1.194757018384e-01  6.429466392146e-01  1.248936850694e+00 -9.699133989668e-01 
 9.427296943184e-03 -3.892452183063e-01  4.410845542219e-01  7.056759031257e-01 -2.163143794678e-02  5.109422695241e-01  1.109391694597e+00 -8.273696448649e-01 
 9.437296943184e-03 -4.071681169444e-01  3.838618463756e-01  7.118100397056e-01 -1.626532084774e-01  3.769214440254e-01  9.654682761757e-01 -6.815606405440e-01 
 9.447296943184e-03 -4.234841088182e-01  3.251242111914e-01  7.151349872584e-01 -3.030330609763e-01  2.414130817633e-01  8.177345956792e-01 -5.330618279561e-01 
 9.457296943184e-03 -4.381288025179e-01  2.651034592808e-01  7.156376237981e-01 -4.422169805039e-01  1.049519723310e-01  6.667736902018e-01 -3.824592637742e-01 
 9.467296943184e-03 -4.510444019106e-01  2.040364651306e-01  7.133159657242e-01 -5.796556716086e-01 -3.192333455081e-02  5.131813336629e-01 -2.303473078735e-01 
 9.477296943184e-03 -4.621799351880e-01  1.421642322680e-01  7.081791753881e-01 -7.148067265516e-01 -1.686726546322e-01  3.575636848400e-01 -7.732627626268e-02 
 9.487296943184e-03 -4.714914553915e-01  7.973094212921e-02  7.002475255867e-01 -8.471367659513e-01 -3.047563008149e-01  2.005348955136e-01  7.599992661998e-02 
 9.497296943184e-03 -4.789422142203e-01  1.698299038749e-02  6.895523186540e-01 -9.761235434562e-01 -4.396372130723e-01  4.271468656952e-02  2.290261925338e-01 
 9.507296943184e-03 -4.845028069103e-01 -4.583198545851e-02  6.761357638752e-01 -1.101258007344e+00 -5.727830780670e-01 -1.152740977341e-01  3.811485965077e-01 
 9.517296943184e-03 -4.881512884167e-01 -1.084660833965e-01  6.600508100819e-01 -1.222046309151e+00 -7.036684299819e-01 -2.728079478402e-01  5.317667812496e-01 
 9.527296943184e-03 -4.898732597358e-01 -1.706721152569e-01  6.413609372685e-01 -1.338011752348e+00 -8.317767240806e-01 -4.292651496071e-01  6.802863254025e-01 
 9.537296943184e-03 -4.896619251813e-01 -2.322045822509e-01  6.201399061829e-01 -1.448696674546e+00 -9.566023753723e-01 -5.840282379359e-01  8.261210898863e-01 
 9.547296943184e-03 -4.875181185780e-01 -2.928206438430e-01  5.964714661241e-01 -1.553664252628e+00 -1.077652754495e+00 -7.364864335977e-01  9.686955321667e-01 
 9.557296943184e-03 -4.834503008169e-01 -3.522810761309e-01  5.704490258358e-01 -1.652500227792e+00 -1.194450129755e+00 -8.860380538390e-01  1.107446974948e+00 
 9.567296943184e-03 -4.774745256291e-01 -4.103512159532e-01  5.421752836555e-01 -1.744814539561e+00 -1.306533556664e+00 -1.032092886628e+00  1.241827831327e+00 
 9.577296943184e-03 -4.696143765468e-01 -4.668018869978e-01  5.117618236109e-01 -1.830242865253e+00 -1.413460692391e+00 -1.174074520357e+00  1.371307760096e+00 
 9.587296943184e-03 -4.599008740042e-01 -5.214103042559e-01  4.793286733911e-01 -1.908448058646e+00 -1.514809544431e+00 -1.311422618281e+00  1.495375763541e+00 
 9.597296943184e-03 -4.483723529847e-01 -5.739609532528e-01  4.450038320501e-01 -1.979121479439e+00 -1.610180135351e+00 -1.443595130346e+00  1.613542202116e+00 
 9.607296943184e-03 -4.350743110408e-01 -6.242464405850e-01  4.089227638324e-01 -2.041984211653e+00 -1.699196080910e+00 -1.570070431917e+00  1.725340726756e+00 
 9.617296943184e-03 -4.200592294219e-01 -6.720683124073e-01  3.712278643507e-01 -2.096788165625e+00 -1.781506075757e+00 -1.690349382698e+00  1.830330119507e+00 
 9.627296943184e-03 -4.033863660879e-01 -7.172378376394e-01  3.320678981254e-01 -2.143317054491e+00 -1.856785279932e+00 -1.803957296768e+00  1.928096035510e+00 
 9.637296943184e-03 -3.851215211325e-01 -7.595767528010e-01  2.915974116768e-01 -2.181387250312e+00 -1.924736601068e+00 -1.910445815651e+00  2.018252637513e+00 
 9.647296943184e-03 -3.653367772931e-01 -7.989179655370e-01  2.499761235085e-01 -2.210848507006e+00 -1.985091866227e+00 -2.009394677589e+00  2.100444118235e+00 
 9.657296943184e-03 -3.441102161305e-01 -8.351062140539e-01  2.073682938062e-01 -2.231584554538e+00 -2.037612880580e+00 -2.100413376698e+00  2.174346105520e+00 
 9.667296943184e-03 -3.215256091789e-01 -8.679986798677e-01  1.639420762658e-01 -2.243513557129e+00 -2.082092367811e+00 -2.183142703841e+00  2.239666942056e+00 
 9.677296943184e-03 -2.976720875595e-01 -8.974655514429e-01  1.198688542645e-01 -2.246588436887e+00 -2.118354787584e+00 -2.257256164099e+00  2.296148836284e+00 
 9.687296943184e-03 -2.726437902311e-01 -9.233905364996e-01  7.532256472041e-02 -2.240797059145e+00 -2.146257028449e+00 -2.322461265489e+00  2.343568879684e+00 
 9.697296943184e-03 -2.465394924511e-01 -9.456713209658e-01  3.047901145692e-02 -2.226162278559e+00 -2.165688973852e+00 -2.378500673454e+00  2.381739927886e+00 
 9.707296943184e-03 -2.194622158422e-01 -9.642199727642e-01 -1.448482849628e-02 -2.202741852030e+00 -2.176573934034e+00 -2.425153225777e+00  2.410511336327e+00 
 9.717296943184e-03 -1.915188221610e-01 -9.789632888403e-01 -5.939150340419e-02 -2.170628210530e+00 -2.178868951742e+00 -2.462234806269e+00  2.429769558229e+00 
 9.727296943184e-03 -1.628195911762e-01 -9.898430840611e-01 -1.040637871483e-01 -2.129948090762e+00 -2.172564968932e+00 -2.489599070861e+00  2.439438589503e+00 
 9.737296943184e-03 -1.334777855955e-01 -9.968164208455e-01 -1.483253786282e-01 -2.080862038769e+00 -2.157686864492e+00 -2.507138025248e+00  2.439480270794e+00 
 9.747296943184e-03 -1.036092043651e-01 -9.998557786188e-01 -1.920015975775e-01 -2.023563775001e+00 -2.134293355979e+00 -2.514782451442e+00  2.429894438344e+00 
 9.757296943184e-03 -7.333172476501e-02 -9.989491624247e-01 -2.349200738536e-01 -1.958279430168e+00 -2.102476766333e+00 -2.512502180063e+00  2.410718922076e+00 
 9.767296943184e-03 -4.276483831927e-02 -9.941001502629e-01 -2.769114279654e-01 -1.885266650701e+00 -2.062362661818e+00 -2.500306210364e+00  2.382029399985e+00 
 9.777296943184e-03 -1.202917875344e-02 -9.853278789691e-01 -3.178099390934e-01 -1.804813584778e+00 -2.014109353768e+00 -2.478242674493e+00  2.343939095858e+00 
 9.787296943184e-03  1.875395456591e-02 -9.726669686906e-01 -3.574541995185e-01 -1.717237744248e+00 -1.957907276461e+00 -2.446398646920e+00  2.296598335020e+00 
 9.797296943184e-03  4.946307455248e-02 -9.561673862559e-01 -3.956877515884e-01 -1.622884751298e+00 -1.893978233682e+00 -2.404899801593e+00  2.240193949942e+00 
 9.807296943184e-03  7.997698649706e-02 -9.358942479790e-01 -4.323597047478e-01 -1.522126973141e+00 -1.822574523976e+00 -2.353909915313e+00  2.174948542433e+00 
 9.817296943184e-03  1.101752658287e-01 -9.119275626747e-01 -4.673253316432e-01 -1.415362055413e+00 -1.743977945298e+00 -2.293630221975e+00  2.101119606634e+00 
 9.827296943184e-03  1.399387335696e-01 -8.843619159006e-01 -5.004466390237e-01 -1.303011350567e+00 -1.658498682547e+00 -2.224298618152e+00  2.018998512007e+00 
 9.837296943184e-03  1.691499270964e-01 -8.533060966710e-01 -5.315929120407e-01 -1.185518254759e+00 -1.566474082880e+00 -2.146188723855e+00  1.928909352187e+00 
 9.847296943184e-03  1.976935630664e-01 -8.188826681163e-01 -5.606412306661e-01 -1.063346460229e+00 -1.468267325778e+00 -2.059608803247e+00  1.831207668547e+00 
 9.857296943184e-03  2.254569930665e-01 -7.812274837824e-01 -5.874769544462e-01 -9.369781229179e-01 -1.364265988581e+00 -1.964900547406e+00  1.726279044844e+00 
 9.867296943184e-03  2.523306471994e-01 -7.404891514790e-01 -6.119941750076e-01 -8.069119610591e-01 -1.254880516557e+00 -1.862437726930e+00  1.614537586215e+00 
 9.877296943184e-03  2.782084675855e-01 -6.968284467919e-01 -6.340961342212e-01 -6.736612864770e-01 -1.140542604262e+00 -1.752624715562e+00  1.496424285201e+00 
 9.887296943184e-03  3.029883261770e-01 -6.504176785761e-01 -6.536956056952e-01 -5.377519783797e-01 -1.021703491569e+00 -1.635894895182e+00  1.372405281467e+00 
 9.897296943184e-03  3.265724282828e-01 -6.014400089304e-01 -6.707152391318e-01 -3.997204088955e-01 -8.988321820507e-01 -1.512708944967e+00  1.242970021020e+00 
 9.907296943184e-03  3.488676982815e-01 -5.500887303413e-01 -6.850878659170e-01 -2.601113256533e-01 -7.724135924364e-01 -1.383553023683e+00  1.108629325555e+00 
 9.917296943184e-03  3.697861467954e-01 -4.965665028452e-01 -6.967567638494e-01 -1.194757018966e-01 -6.429466392146e-01 -1.248936850752e+00  9.699133766152e-01 
 9.927296943184e-03  3.892452183645e-01 -4.410845542220e-01 -7.056758812396e-01  2.163143800863e-02 -5.109422695241e-01 -1.109391694539e+00  8.273696229207e-01 
 9.937296943184e-03  4.071681168280e-01 -3.838618463757e-01 -7.118100181688e-01  1.626532084192e-01 -3.769214439671e-01 -9.654682762339e-01  6.815606190655e-01 
 9.947296943184e-03  4.234841088182e-01 -3.251242111915e-01 -7.151349661872e-01  3.030330609763e-01 -2.414130817633e-01 -8.177345956792e-01  5.330618068850e-01 
 9.957296943184e-03  4.381288025761e-01 -2.651034592809e-01 -7.156376030762e-01  4.422169805039e-01 -1.049519723601e-01 -6.667736902018e-01  3.824592430232e-01 
 9.967296943184e-03  4.510444019688e-01 -2.040364651307e-01 -7.133159452351e-01  5.796556716086e-01  3.192333454354e-02 -5.131813336920e-01  2.303472873336e-01 
 9.977296943184e-03  4.621799352462e-01 -1.421642322681e-01 -7.081791553646e-01  7.148067265516e-01  1.686726546031e-01 -3.575636848691e-01  7.732625621023e-02 
 9.987296943184e-03  4.714914553915e-01 -7.973094212934e-02 -7.002475059126e-01  8.471367659513e-01  3.047563006985e-01 -2.005348955136e-01 -7.599994617767e-02 
 9.993648471592e-03  4.764244493563e-01 -3.989723771474e-02 -6.937709235353e-01  9.294794428861e-01  3.906147562084e-01 -1.003473454984e-01 -1.732675889590e-01 
 1.000000000000e-02  4.806016865768e-01 -2.449293598295e-15 -6.861893611494e-01  1.010341739631e+00  4.758483103360e-01 -6.160329010819e-15 -2.702595547252e-01 
