 frequency           v(agudos)           v(agudos)           v(entrada)          v(entrada)          v(graves)           v(graves)           v(medio_alto)       v(medio_alto)       v(medios)           v(medios)           v(pre)              v(pre)              v(salida)           v(salida)          
 1.000000000000e+01  9.916039383384e-06  4.994261657885e-03  1.000000000000e+00  0.000000000000e+00  2.512544461992e+00 -8.461715391604e-02  9.912170941107e-04  4.992313298135e-02  1.116791110007e-03  4.992526855494e-02  2.515145189129e+00  0.000000000000e+00 -2.513661114497e+00  2.969750491319e-02 
 1.023292992281e+01  1.038336599457e-05  5.110592006531e-03  1.000000000000e+00  0.000000000000e+00  2.512410318013e+00 -8.658351771010e-02  1.037912441006e-03  5.108504340751e-02  1.169401787820e-03  5.108709332853e-02  2.515145189129e+00  0.000000000000e+00 -2.513580048847e+00  3.038571083219e-02 
 1.047128548051e+01  1.087271684241e-05  5.229631969087e-03  1.000000000000e+00  0.000000000000e+00  2.512269867584e+00 -8.859535394004e-02  1.086806613102e-03  5.227395039401e-02  1.224489802780e-03  5.227590298455e-02  2.515145189129e+00  0.000000000000e+00 -2.513495176123e+00  3.108969462762e-02 
 1.071519305238e+01  1.138512988064e-05  5.351444656299e-03  1.000000000000e+00  0.000000000000e+00  2.512122814544e+00 -9.065369819291e-02  1.138003058259e-03  5.349047791969e-02  1.282171702542e-03  5.349232054868e-02  2.515145189129e+00  0.000000000000e+00 -2.513406317751e+00  3.180980574870e-02 
 1.096478196143e+01  1.192169197850e-05  5.476094646838e-03  1.000000000000e+00  0.000000000000e+00  2.511968849227e+00 -9.275960861123e-02  1.191610082742e-03  5.473526415153e-02  1.342569508552e-03  5.473698314745e-02  2.515145189129e+00  0.000000000000e+00 -2.513313287174e+00  3.254640063134e-02 
 1.122018454302e+01  1.248354122474e-05  5.603648026408e-03  1.000000000000e+00  0.000000000000e+00  2.511807647999e+00 -9.491416611127e-02  1.247741078714e-03  5.600896178657e-02  1.405810970709e-03  5.601054236467e-02  2.515145189129e+00  0.000000000000e+00 -2.513215889648e+00  3.329984252081e-02 
 1.148153621497e+01  1.307186933985e-05  5.734172415032e-03  1.000000000000e+00  0.000000000000e+00  2.511638872325e+00 -9.711847492144e-02  1.306514760699e-03  5.731223826297e-02  1.472029836123e-03  5.731366443797e-02  2.515145189129e+00  0.000000000000e+00 -2.513113921575e+00  3.407050178644e-02 
 1.174897554940e+01  1.368792420919e-05  5.867737011613e-03  1.000000000000e+00  0.000000000000e+00  2.511462165974e+00 -9.937366288796e-02  1.368055415924e-03  5.864577620378e-02  1.541366129231e-03  5.864703071711e-02  2.515145189129e+00  0.000000000000e+00 -2.513007167999e+00  3.485875572421e-02 
 1.202264434617e+01  1.433301252618e-05  6.004412624861e-03  1.000000000000e+00  0.000000000000e+00  2.511277158745e+00 -1.016808819695e-01  1.432493163520e-03  6.001027363527e-02  1.613966444438e-03  6.001133784594e-02  2.515145189129e+00  0.000000000000e+00 -2.512895406620e+00  3.566498883876e-02 
 1.230268770812e+01  1.500850256519e-05  6.144271711491e-03  1.000000000000e+00  0.000000000000e+00  2.511083461344e+00 -1.040413085575e-01  1.499964228515e-03  6.140644437255e-02  1.689984254199e-03  6.140729816252e-02  2.515145189129e+00  0.000000000000e+00 -2.512778402987e+00  3.648959272511e-02 
 1.258925411794e+01  1.571582708060e-05  6.287388417149e-03  1.000000000000e+00  0.000000000000e+00  2.510880667716e+00 -1.064561439125e-01  1.570611225134e-03  6.283501833241e-02  1.769580230075e-03  6.283563999750e-02  2.515145189129e+00  0.000000000000e+00 -2.512655913150e+00  3.733296616599e-02 
 1.288249551693e+01  1.645648634607e-05  6.433838612793e-03  1.000000000000e+00  0.000000000000e+00  2.510668352246e+00 -1.089266146155e-01  1.644583456482e-03  6.429674186074e-02  1.852922576518e-03  6.429710796510e-02  2.515145189129e+00  0.000000000000e+00 -2.512527681198e+00  3.819551525553e-02 
 1.318256738556e+01  1.723205133786e-05  6.583699935618e-03  1.000000000000e+00  0.000000000000e+00  2.510446068365e+00 -1.114539728733e-01  1.722037226045e-03  6.579237812548e-02  1.940187386026e-03  6.579246344336e-02  2.515145189129e+00  0.000000000000e+00 -2.512393438229e+00  3.907765318369e-02 
 1.348962882592e+01  1.804416707429e-05  6.737051832715e-03  1.000000000000e+00  0.000000000000e+00  2.510213350877e+00 -1.140394970134e-01  1.803136163289e-03  6.732270735665e-02  2.031559002489e-03  6.732248466869e-02  2.515145189129e+00  0.000000000000e+00 -2.512252905035e+00  3.997980059283e-02 
 1.380384264603e+01  1.889455608151e-05  6.893975599269e-03  1.000000000000e+00  0.000000000000e+00  2.509969712235e+00 -1.166844917607e-01  1.888051567448e-03  6.888852735574e-02  2.127230411133e-03  6.888796733983e-02  2.515145189129e+00  0.000000000000e+00 -2.512105788779e+00  4.090238521204e-02 
 1.412537544623e+01  1.978502206867e-05  7.054554421302e-03  1.000000000000e+00  0.000000000000e+00  2.509714641608e+00 -1.193902886880e-01  1.976962762456e-03  7.049065369938e-02  2.227403634606e-03  7.048972476332e-02  2.515145189129e+00  0.000000000000e+00 -2.511951782458e+00  4.184584212002e-02 
 1.445439770746e+01  2.071745375432e-05  7.218873427519e-03  1.000000000000e+00  0.000000000000e+00  2.509447605815e+00 -1.221582466533e-01  2.070057470974e-03  7.212992024142e-02  2.332290158847e-03  7.212858837738e-02  2.515145189129e+00  0.000000000000e+00 -2.511790566265e+00  4.281061360592e-02 
 1.479108388168e+01  2.169382884887e-05  7.387019722046e-03  1.000000000000e+00  0.000000000000e+00  2.509168045595e+00 -1.249897519447e-01  2.167532206840e-03  7.380717933120e-02  2.442111372602e-03  7.380540791200e-02  2.515145189129e+00  0.000000000000e+00 -2.511621804310e+00  4.379714912202e-02 
 1.513561248436e+01  2.271621827177e-05  7.559082443549e-03  1.000000000000e+00  0.000000000000e+00  2.508875376545e+00 -1.278862189210e-01  2.269592681841e-03  7.552330230828e-02  2.557099023306e-03  7.552105191280e-02  2.515145189129e+00  0.000000000000e+00 -2.511445146006e+00  4.480590534108e-02 
 1.548816618912e+01  2.378679053194e-05  7.735152800706e-03  1.000000000000e+00  0.000000000000e+00  2.508568988647e+00 -1.308490901429e-01  2.376454235218e-03  7.727917985176e-02  2.677495706394e-03  7.727640804660e-02  2.515145189129e+00  0.000000000000e+00 -2.511260226103e+00  4.583734594618e-02 
 1.584893192461e+01  2.490781633213e-05  7.915324126770e-03  1.000000000000e+00  0.000000000000e+00  2.508248240221e+00 -1.338798368233e-01  2.488342278866e-03  7.907572230033e-02  2.803555360060e-03  7.907238345069e-02  2.515145189129e+00  0.000000000000e+00 -2.511066659131e+00  4.689194167809e-02 
 1.621810097359e+01  2.608167337570e-05  8.099691930511e-03  1.000000000000e+00  0.000000000000e+00  2.507912463974e+00 -1.369799590029e-01  2.605492764815e-03  8.091386016167e-02  2.935543798230e-03  8.090990518394e-02  2.515145189129e+00  0.000000000000e+00 -2.510864045990e+00  4.797017000779e-02 
 1.659586907438e+01  2.731085142926e-05  8.288353943499e-03  1.000000000000e+00  0.000000000000e+00  2.507560959551e+00 -1.401509860298e-01  2.728152676355e-03  8.279454431613e-02  3.073739258070e-03  8.278992040141e-02  2.515145189129e+00  0.000000000000e+00 -2.510651967053e+00  4.907251539480e-02 
 1.698243652462e+01  2.859795757004e-05  8.481410166496e-03  1.000000000000e+00  0.000000000000e+00  2.507192994468e+00 -1.433944767632e-01  2.856580537355e-03  8.471874662791e-02  3.218432978429e-03  8.471339700918e-02  2.515145189129e+00  0.000000000000e+00 -2.510429983684e+00  5.019946878965e-02 
 1.737800828749e+01  2.994572174231e-05  8.678962938575e-03  1.000000000000e+00  0.000000000000e+00  2.506807803176e+00 -1.467120197485e-01  2.991046946590e-03  8.668746011972e-02  3.369929796008e-03  8.668132375169e-02  2.515145189129e+00  0.000000000000e+00 -2.510197637904e+00  5.135152765214e-02 
 1.778279410039e+01  3.135700254120e-05  8.881116971679e-03  1.000000000000e+00  0.000000000000e+00  2.506404585671e+00 -1.501052335079e-01  3.131835137083e-03  8.870169959846e-02  3.528548781560e-03  8.869471089565e-02  2.515145189129e+00  0.000000000000e+00 -2.509954451637e+00  5.252919552382e-02 
 1.819700858610e+01  3.283479324523e-05  9.087979422475e-03  1.000000000000e+00  0.000000000000e+00  2.505982503761e+00 -1.535757668316e-01  3.279241559994e-03  9.076250182989e-02  3.694623890169e-03  9.075459028827e-02  2.515145189129e+00  0.000000000000e+00 -2.509699923644e+00  5.373298218896e-02 
 1.862087136663e+01  3.438222822894e-05  9.299659936005e-03  1.000000000000e+00  0.000000000000e+00  2.505540682469e+00 -1.571252988942e-01  3.433576493990e-03  9.287092607701e-02  3.868504654292e-03  9.286201593932e-02  2.515145189129e+00  0.000000000000e+00 -2.509433531617e+00  5.496340316531e-02 
 1.905460717963e+01  3.600258952474e-05  9.516270711174e-03  1.000000000000e+00  0.000000000000e+00  2.505078205373e+00 -1.607555392548e-01  3.595164686431e-03  9.502805453667e-02  4.050556901802e-03  9.501806439948e-02  2.515145189129e+00  0.000000000000e+00 -2.509154728246e+00  5.622097926018e-02 
 1.949844599758e+01  3.769931386444e-05  9.737926562593e-03  1.000000000000e+00  0.000000000000e+00  2.504594115540e+00 -1.644682282058e-01  3.764346014577e-03  9.723499260144e-02  4.241163502229e-03  9.722383505141e-02  2.515145189129e+00  0.000000000000e+00 -2.508862942905e+00  5.750623656686e-02 
 1.995262314969e+01  3.947599990539e-05  9.964744973331e-03  1.000000000000e+00  0.000000000000e+00  2.504087411799e+00 -1.682651368610e-01  3.941476187720e-03  9.949286939809e-02  4.440725154382e-03  9.948045053170e-02  2.515145189129e+00  0.000000000000e+00 -2.508557578723e+00  5.881970607715e-02 
 2.041737944670e+01  4.133641589732e-05  1.019684616040e-02  1.000000000000e+00  0.000000000000e+00  2.503557047341e+00 -1.721480668057e-01  4.126927474317e-03  1.018028381368e-01  4.649661204894e-03  1.017890571238e-01  2.515145189129e+00  0.000000000000e+00 -2.508238012010e+00  6.016192287376e-02 
 2.089296130854e+01  4.328450763325e-05  1.043435313659e-02  1.000000000000e+00  0.000000000000e+00  2.503001928329e+00 -1.761188505334e-01  4.321089457335e-03  1.041660765040e-01  4.868410507697e-03  1.041508250346e-01  2.515145189129e+00  0.000000000000e+00 -2.507903591730e+00  6.153342622850e-02 
 2.137962089502e+01  4.532440686944e-05  1.067739178507e-02  1.000000000000e+00  0.000000000000e+00  2.502420911565e+00 -1.801793511549e-01  4.524369836872e-03  1.065837870701e-01  5.097432314869e-03  1.065669488889e-01  2.515145189129e+00  0.000000000000e+00 -2.507553638073e+00  6.293475874191e-02 
 2.187761623950e+01  4.746044005799e-05  1.092609091029e-02  1.000000000000e+00  0.000000000000e+00  2.501812800765e+00 -1.843314623111e-01  4.737195250527e-03  1.090571977693e-01  5.337207206139e-03  1.090386480646e-01  2.515145189129e+00  0.000000000000e+00 -2.507187439661e+00  6.436646587034e-02 
 2.238721138568e+01  4.969713749858e-05  1.118058231987e-02  1.000000000000e+00  0.000000000000e+00  2.501176347956e+00 -1.885771080561e-01  4.960012151969e-03  1.115875621181e-01  5.588238078417e-03  1.115671669395e-01  2.515145189129e+00  0.000000000000e+00 -2.506804255955e+00  6.582909548031e-02 
 2.290867652768e+01  5.203924298058e-05  1.144100088459e-02  1.000000000000e+00  0.000000000000e+00  2.500510246493e+00 -1.929182423919e-01  5.193287705879e-03  1.141761598265e-01  5.851051150785e-03  1.141537753720e-01  2.515145189129e+00  0.000000000000e+00 -2.506403311273e+00  6.732319684256e-02 
 2.344228815320e+01  5.449172381589e-05  1.170748461482e-02  1.000000000000e+00  0.000000000000e+00  2.499813132919e+00 -1.973568493850e-01  5.437510736556e-03  1.168242970307e-01  6.126197035883e-03  1.167997689627e-01  2.515145189129e+00  0.000000000000e+00 -2.505983797744e+00  6.884932041020e-02 
 2.398832919019e+01  5.705978137627e-05  1.198017473143e-02  1.000000000000e+00  0.000000000000e+00  2.499083581846e+00 -2.018949422636e-01  5.693192713807e-03  1.195333067444e-01  6.414251844944e-03  1.195064694766e-01  2.515145189129e+00  0.000000000000e+00 -2.505544871293e+00  7.040801642349e-02 
 2.454708915685e+01  5.974886214233e-05  1.225921574405e-02  1.000000000000e+00  0.000000000000e+00  2.498320104554e+00 -2.065345634182e-01  5.960868786133e-03  1.223045491497e-01  6.715818352859e-03  1.222752250032e-01  2.515145189129e+00  0.000000000000e+00 -2.505085651427e+00  7.199983467160e-02 
 2.511886431510e+01  6.256466922139e-05  1.254475551832e-02  1.000000000000e+00  0.000000000000e+00  2.497521145269e+00 -2.112777834409e-01  6.241098852115e-03  1.251394121209e-01  7.031527204163e-03  1.251074104512e-01  2.515145189129e+00  0.000000000000e+00 -2.504605218722e+00  7.362532297012e-02 
 2.570395782769e+01  6.551317446224e-05  1.283694536323e-02  1.000000000000e+00  0.000000000000e+00  2.496685079765e+00 -2.161267008341e-01  6.534468680002e-03  1.280393114139e-01  7.362038173596e-03  1.280044277228e-01  2.515145189129e+00  0.000000000000e+00 -2.504102614702e+00  7.528502660803e-02 
 2.630267991895e+01  6.860063103886e-05  1.313594011117e-02  1.000000000000e+00  0.000000000000e+00  2.495810212102e+00 -2.210834409925e-01  6.841591085504e-03  1.310056910443e-01  7.708041486694e-03  1.309677059326e-01  2.515145189129e+00  0.000000000000e+00 -2.503576839912e+00  7.697948703084e-02 
 2.691534803927e+01  7.183358684415e-05  1.344189818519e-02  1.000000000000e+00  0.000000000000e+00  2.494894769508e+00 -2.261501553876e-01  7.163107141423e-03  1.340400237532e-01  8.070259186752e-03  1.339987019310e-01  2.515145189129e+00  0.000000000000e+00 -2.503026850175e+00  7.870924043445e-02 
 2.754228703338e+01  7.521889826023e-05  1.375498170273e-02  1.000000000000e+00  0.000000000000e+00  2.493936902843e+00 -2.313290208403e-01  7.499687460040e-03  1.371438111528e-01  8.449446573650e-03  1.370989001880e-01  2.515145189129e+00  0.000000000000e+00 -2.502451558509e+00  8.047481705036e-02 
 2.818382931264e+01  7.876374472460e-05  1.407535654835e-02  1.000000000000e+00  0.000000000000e+00  2.492934681475e+00 -2.366222379496e-01  7.852033516428e-03  1.403185840754e-01  8.846393697240e-03  1.402698133024e-01  2.515145189129e+00  0.000000000000e+00 -2.501849831518e+00  8.227673899189e-02 
 2.884031503127e+01  8.247564393571e-05  1.440319246467e-02  1.000000000000e+00  0.000000000000e+00  2.491886089556e+00 -2.420320302190e-01  8.220879031796e-03  1.435659028939e-01  9.261926908948e-03  1.435129820893e-01  2.515145189129e+00  0.000000000000e+00 -2.501220487227e+00  8.411551920293e-02 
 2.951209226666e+01  8.636246784022e-05  1.473866314154e-02  1.000000000000e+00  0.000000000000e+00  2.490789024625e+00 -2.475606426015e-01  8.606991417764e-03  1.468873577833e-01  9.696910477942e-03  1.468299757107e-01  2.515145189129e+00  0.000000000000e+00 -2.500562295322e+00  8.599165978256e-02 
 3.019951720402e+01  9.043245923124e-05  1.508194630514e-02  1.000000000000e+00  0.000000000000e+00  2.489641291089e+00 -2.532103398989e-01  9.011173273393e-03  1.502845688665e-01  1.015224830189e-02  1.502223917923e-01  2.515145189129e+00  0.000000000000e+00 -2.499873972355e+00  8.790565017886e-02 
 3.090295432514e+01  9.469424928454e-05  1.543322381258e-02  1.000000000000e+00  0.000000000000e+00  2.488440599293e+00 -2.589834049577e-01  9.434263964067e-03  1.537591864180e-01  1.062888564775e-02  1.536918565398e-01  2.515145189129e+00  0.000000000000e+00 -2.499154182573e+00  8.985796517344e-02 
 3.162277660168e+01  9.915687581952e-05  1.579268175738e-02  1.000000000000e+00  0.000000000000e+00  2.487184561789e+00 -2.648821369512e-01  9.877141235847e-03  1.573128912132e-01  1.112781099800e-02  1.572400250006e-01  2.515145189129e+00  0.000000000000e+00 -2.498401536057e+00  9.184906279693e-02 
 3.235936569296e+01  1.038298025122e-04  1.616051054771e-02  1.000000000000e+00  0.000000000000e+00  2.485870687757e+00 -2.709088491974e-01  1.034072291986e-02  1.609473944700e-01  1.165005794246e-02  1.608685807150e-01  2.515145189129e+00  0.000000000000e+00 -2.497614585043e+00  9.387938241717e-02 
 3.311311214826e+01  1.087229388617e-04  1.653690502644e-02  1.000000000000e+00  0.000000000000e+00  2.484496379271e+00 -2.770658668596e-01  1.082596870947e-02  1.646644380817e-01  1.219670719183e-02  1.645792359777e-01  2.515145189129e+00  0.000000000000e+00 -2.496791822235e+00  9.594934205809e-02 
 3.388441561392e+01  1.138466611934e-04  1.692206455846e-02  1.000000000000e+00  0.000000000000e+00  2.483058928978e+00 -2.833555246470e-01  1.133388197741e-02  1.684657946753e-01  1.276888862049e-02  1.683737318672e-01  2.515145189129e+00  0.000000000000e+00 -2.495931680533e+00  9.805933598407e-02 
 3.467368504525e+01  1.192118347575e-04  1.731619314160e-02  1.000000000000e+00  0.000000000000e+00  2.481555515900e+00 -2.897801637882e-01  1.186551170940e-02  1.723532674951e-01  1.336778342375e-02  1.722538375761e-01  2.515145189129e+00  0.000000000000e+00 -2.495032531029e+00  1.002097322316e-01 
 3.548133892336e+01  1.248298366221e-04  1.771949951581e-02  1.000000000000e+00  0.000000000000e+00  2.479983198922e+00 -2.963421290624e-01  1.242195448867e-02  1.763286907517e-01  1.399462636982e-02  1.762213511392e-01  2.515145189129e+00  0.000000000000e+00 -2.494092678758e+00  1.024008688039e-01 
 3.630780547701e+01  1.307125798462e-04  1.813219727046e-02  1.000000000000e+00  0.000000000000e+00  2.478338915855e+00 -3.030437660054e-01  1.300435655685e-02  1.803939289821e-01  1.465070809536e-02  1.802780980943e-01  2.515145189129e+00  0.000000000000e+00 -2.493110364088e+00  1.046330521085e-01 
 3.715352290972e+01  1.368725387749e-04  1.855450496441e-02  1.000000000000e+00  0.000000000000e+00  2.476619474590e+00 -3.098874167190e-01  1.361391596583e-02  1.845508774859e-01  1.533737754289e-02  1.844259322097e-01  2.515145189129e+00  0.000000000000e+00 -2.492083756336e+00  1.069065519187e-01 
 3.801893963206e+01  1.433227752443e-04  1.898664621331e-02  1.000000000000e+00  0.000000000000e+00  2.474821553566e+00 -3.168754167273e-01  1.425188481699e-02  1.888014619180e-01  1.605604445467e-02  1.886667344952e-01  2.515145189129e+00  0.000000000000e+00 -2.491010956752e+00  1.092215991324e-01 
 3.890451449943e+01  1.500769665483e-04  1.942884984601e-02  1.000000000000e+00  0.000000000000e+00  2.472941695713e+00 -3.240100903204e-01  1.491957156941e-02  1.931476378522e-01  1.680818199020e-02  1.930024128815e-01  2.515145189129e+00  0.000000000000e+00 -2.489889995109e+00  1.115783812794e-01 
 3.981071705535e+01  1.571494341874e-04  1.988134998828e-02  1.000000000000e+00  0.000000000000e+00  2.470976301003e+00 -3.312937464798e-01  1.561834346103e-02  1.975913908100e-01  1.759532942378e-02  1.974349018128e-01  2.515145189129e+00  0.000000000000e+00 -2.488718824986e+00  1.139770387705e-01 
 4.073802778041e+01  1.645551743366e-04  2.034438621922e-02  1.000000000000e+00  0.000000000000e+00  2.468921625521e+00 -3.387286738725e-01  1.634962898424e-02  2.021347356495e-01  1.841909492214e-02  2.019661615195e-01  2.515145189129e+00  0.000000000000e+00 -2.487495325636e+00  1.164176604632e-01 
 4.168693834703e+01  1.723098895070e-04  2.081820366584e-02  1.000000000000e+00  0.000000000000e+00  2.466773775406e+00 -3.463171356707e-01  1.711492048707e-02  2.067797161872e-01  1.928115849296e-02  2.065981772903e-01  2.515145189129e+00  0.000000000000e+00 -2.486217298919e+00  1.189002791134e-01 
 4.265795188016e+01  1.804300219135e-04  2.130305315222e-02  1.000000000000e+00  0.000000000000e+00  2.464528702199e+00 -3.540613642544e-01  1.791577686163e-02  2.115284045576e-01  2.018327497717e-02  2.113329586573e-01  2.515145189129e+00  0.000000000000e+00 -2.484882467669e+00  1.214248667455e-01 
 4.365158322402e+01  1.889327881770e-04  2.179919130867e-02  1.000000000000e+00  0.000000000000e+00  2.462182197720e+00 -3.619635549840e-01  1.875382629805e-02  2.163829006022e-01  2.112727714120e-02  2.161725385231e-01  2.515145189129e+00  0.000000000000e+00 -2.483488473695e+00  1.239913291869e-01 
 4.466835921510e+01  1.978362158752e-04  2.230688073905e-02  1.000000000000e+00  0.000000000000e+00  2.459729890339e+00 -3.700258599711e-01  1.963076918764e-02  2.213453311415e-01  2.211507892935e-02  2.211189719383e-01  2.515145189129e+00  0.000000000000e+00 -2.482032877353e+00  1.265995008957e-01 
 4.570881896149e+01  2.071591815991e-04  2.282639013356e-02  1.000000000000e+00  0.000000000000e+00  2.457167239394e+00 -3.782503812108e-01  2.054838107870e-02  2.264178490732e-01  2.314867880341e-02  2.261743351701e-01  2.515145189129e+00  0.000000000000e+00 -2.480513155326e+00  1.292491389106e-01 
 4.677351412872e+01  2.169214511127e-04  2.335799439970e-02  1.000000000000e+00  0.000000000000e+00  2.454489531461e+00 -3.866391631891e-01  2.150851576152e-02  2.316026323242e-01  2.423016318062e-02  2.313407240727e-01  2.515145189129e+00  0.000000000000e+00 -2.478926700386e+00  1.319399169571e-01 
 4.786300923226e+01  2.271437209629e-04  2.390197484056e-02  1.000000000000e+00  0.000000000000e+00  2.451691874769e+00 -3.951941851410e-01  2.251310844804e-02  2.369018828322e-01  2.536170999520e-02  2.366202528065e-01  2.515145189129e+00  0.000000000000e+00 -2.477270819401e+00  1.346714188083e-01 
 4.897788193684e+01  2.378476625040e-04  2.445861926390e-02  1.000000000000e+00  0.000000000000e+00  2.448769196402e+00 -4.039173529018e-01  2.356417903138e-02  2.423178252939e-01  2.654559237271e-02  2.420150521502e-01  2.515145189129e+00  0.000000000000e+00 -2.475542734267e+00  1.374431317151e-01 
 5.011872336273e+01  2.490559675721e-04  2.502822216411e-02  1.000000000000e+00  0.000000000000e+00  2.445716235321e+00 -4.128104898846e-01  2.466383550200e-02  2.478527056519e-01  2.778418242815e-02  2.475272676384e-01  2.515145189129e+00  0.000000000000e+00 -2.473739578758e+00  1.402544390644e-01 
 5.128613839914e+01  2.607923968299e-04  2.561108483496e-02  1.000000000000e+00  0.000000000000e+00  2.442527541425e+00 -4.218753275927e-01  2.581427740733e-02  2.535087896977e-01  2.907995515852e-02  2.531590576691e-01  2.515145189129e+00  0.000000000000e+00 -2.471858401547e+00  1.431046126702e-01 
 5.248074602498e+01  2.730818294481e-04  2.620751558061e-02  1.000000000000e+00  0.000000000000e+00  2.439197467640e+00 -4.311134959571e-01  2.701779945710e-02  2.592883611505e-01  3.043549247741e-02  2.589125910890e-01  2.515145189129e+00  0.000000000000e+00 -2.469896162362e+00  1.459928053162e-01 
 5.370317963703e+01  2.859503165382e-04  2.681782982836e-02  1.000000000000e+00  0.000000000000e+00  2.435720172245e+00 -4.405265124515e-01  2.827679521215e-02  2.651937201153e-01  3.185348734041e-02  2.647900451557e-01  2.515145189129e+00  0.000000000000e+00 -2.467849738503e+00  1.489180417953e-01 
 5.495408738576e+01  2.994251355517e-04  2.744235030696e-02  1.000000000000e+00  0.000000000000e+00  2.432089606300e+00 -4.501157709747e-01  2.959376087529e-02  2.712271804921e-01  3.333674798341e-02  2.707936025108e-01  2.515145189129e+00  0.000000000000e+00 -2.465715916555e+00  1.518792106400e-01 
 5.623413251903e+01  3.135348485444e-04  2.808140722118e-02  1.000000000000e+00  0.000000000000e+00  2.428299519699e+00 -4.598825300345e-01  3.097129919479e-02  2.773910679971e-01  3.488820228813e-02  2.769254485029e-01  2.515145189129e+00  0.000000000000e+00 -2.463491402870e+00  1.548750548102e-01 
 5.754399373372e+01  3.283093620325e-04  2.873533842285e-02  1.000000000000e+00  0.000000000000e+00  2.424343451858e+00 -4.698279004660e-01  3.241212345893e-02  2.836877177469e-01  3.651090222411e-02  2.831877681310e-01  2.515145189129e+00  0.000000000000e+00 -2.461172818752e+00  1.579041622955e-01 
 5.888436553556e+01  3.437799909989e-04  2.940448956360e-02  1.000000000000e+00  0.000000000000e+00  2.420214732643e+00 -4.799528316944e-01  3.391906157776e-02  2.901194712613e-01  3.820802847622e-02  2.895827426692e-01  2.515145189129e+00  0.000000000000e+00 -2.458756706084e+00  1.609649556018e-01 
 6.025595860744e+01  3.599795240916e-04  3.008921430592e-02  1.000000000000e+00  0.000000000000e+00  2.415906477720e+00 -4.902580984635e-01  3.549506026320e-02  2.966886734939e-01  3.998289501033e-02  2.961125457077e-01  2.515145189129e+00  0.000000000000e+00 -2.456239527296e+00  1.640556822272e-01 
 6.165950018615e+01  3.769422941104e-04  3.078987447589e-02  1.000000000000e+00  0.000000000000e+00  2.411411590874e+00 -5.007442859351e-01  3.714318930724e-02  3.033976697479e-01  4.183895391907e-02  3.027793393703e-01  2.515145189129e+00  0.000000000000e+00 -2.453617672617e+00  1.671744033913e-01 
 6.309573444802e+01  3.947042495724e-04  3.150684027059e-02  1.000000000000e+00  0.000000000000e+00  2.406722758431e+00 -5.114117744961e-01  3.886664594756e-02  3.102488020668e-01  4.377980025311e-02  3.095852702390e-01  2.515145189129e+00  0.000000000000e+00 -2.450887459384e+00  1.703189827105e-01 
 6.456542290347e+01  4.133030312801e-04  3.224049043638e-02  1.000000000000e+00  0.000000000000e+00  2.401832451578e+00 -5.222607239848e-01  4.066875924764e-02  3.172444052761e-01  4.580917694693e-02  3.165324641159e-01  2.515145189129e+00  0.000000000000e+00 -2.448045139376e+00  1.734870754842e-01 
 6.606934480076e+01  4.327780517883e-04  3.299121245800e-02  1.000000000000e+00  0.000000000000e+00  2.396732927300e+00 -5.332910566358e-01  4.255299464421e-02  3.243868031423e-01  4.793097978836e-02  3.236230216571e-01  2.515145189129e+00  0.000000000000e+00 -2.445086904793e+00  1.766761158162e-01 
 6.760829753920e+01  4.531705783961e-04  3.375940277328e-02  1.000000000000e+00  0.000000000000e+00  2.391416227911e+00 -5.445024396759e-01  4.452295845840e-02  3.316783036571e-01  5.014926250442e-02  3.308590126107e-01  2.515145189129e+00  0.000000000000e+00 -2.442008892958e+00  1.798833047586e-01 
 6.918309709189e+01  4.745238207988e-04  3.454546696594e-02  1.000000000000e+00  0.000000000000e+00  2.385874182452e+00 -5.558942678617e-01  4.658240253048e-02  3.391211942071e-01  5.246824192000e-02  3.382424698793e-01  2.515145189129e+00  0.000000000000e+00 -2.438807192964e+00  1.831055985941e-01 
 7.079457843841e+01  4.968830218104e-04  3.534981997655e-02  1.000000000000e+00  0.000000000000e+00  2.380098414142e+00 -5.674656437477e-01  4.873522886919e-02  3.467177366838e-01  5.489230303647e-02  3.457753838738e-01  2.515145189129e+00  0.000000000000e+00 -2.435477858289e+00  1.863396945385e-01 
 7.244359600750e+01  5.202955535424e-04  3.617288630630e-02  1.000000000000e+00  0.000000000000e+00  2.374080338515e+00 -5.792153588263e-01  5.098549430841e-02  3.544701615465e-01  5.742600427766e-02  3.534596952377e-01  2.515145189129e+00  0.000000000000e+00 -2.432016910279e+00  1.895820189543e-01 
 7.413102413009e+01  5.448110165389e-04  3.701510023529e-02  1.000000000000e+00  0.000000000000e+00  2.367811172269e+00 -5.911418731557e-01  5.333741516370e-02  3.623806620599e-01  6.007408258301e-02  3.612972879200e-01  2.515145189129e+00  0.000000000000e+00 -2.428420352187e+00  1.928287136855e-01 
 7.585775750292e+01  5.704813454486e-04  3.787690604804e-02  1.000000000000e+00  0.000000000000e+00  2.361281937920e+00 -6.032432945212e-01  5.579537197627e-02  3.704513880075e-01  6.284145866084e-02  3.692899817834e-01  2.515145189129e+00  0.000000000000e+00 -2.424684179189e+00  1.960756223873e-01 
 7.762471166287e+01  5.973609180501e-04  3.875875825179e-02  1.000000000000e+00  0.000000000000e+00  2.354483474046e+00 -6.155173575971e-01  5.836391409684e-02  3.786844383576e-01  6.573324203782e-02  3.774395239307e-01  2.515145189129e+00  0.000000000000e+00 -2.420804393784e+00  1.993182781416e-01 
 7.943282347243e+01  6.255066698486e-04  3.966112180933e-02  1.000000000000e+00  0.000000000000e+00  2.347406440414e+00 -6.279614010127e-01  6.104776433494e-02  3.870818545111e-01  6.875473617401e-02  3.857475803234e-01  2.515145189129e+00  0.000000000000e+00 -2.416777016150e+00  2.025518886725e-01 
 8.128305161641e+01  6.549782150387e-04  4.058447238640e-02  1.000000000000e+00  0.000000000000e+00  2.340041331947e+00 -6.405723466305e-01  6.385182350641e-02  3.956456120941e-01  7.191144349054e-02  3.942157265847e-01  2.515145189129e+00  0.000000000000e+00 -2.412598103260e+00  2.057713245741e-01 
 8.317637711027e+01  6.858379708774e-04  4.152929654811e-02  1.000000000000e+00  0.000000000000e+00  2.332378489897e+00 -6.533466754481e-01  6.678117485717e-02  4.043776129256e-01  7.520907009894e-02  4.028454379877e-01  2.515145189129e+00  0.000000000000e+00 -2.408263764911e+00  2.089711050279e-01 
 8.511380382024e+01  7.181512904708e-04  4.249609207181e-02  1.000000000000e+00  0.000000000000e+00  2.324408114888e+00 -6.662804048974e-01  6.984108842153e-02  4.132796756458e-01  7.865353068337e-02  4.116380786290e-01  2.515145189129e+00  0.000000000000e+00 -2.403770181781e+00  2.121453856150e-01 
 8.709635899561e+01  7.519865998802e-04  4.348536809994e-02  1.000000000000e+00  0.000000000000e+00  2.316120285541e+00 -6.793690664927e-01  7.303702521313e-02  4.223535268684e-01  8.225095290982e-02  4.205948909512e-01  2.515145189129e+00  0.000000000000e+00 -2.399113628596e+00  2.152879462898e-01 
 8.912509381337e+01  7.874155422769e-04  4.449764550372e-02  1.000000000000e+00  0.000000000000e+00  2.307504971977e+00 -6.926076809177e-01  7.637464116851e-02  4.316007908783e-01  8.600768184988e-02  4.297169834026e-01  2.515145189129e+00  0.000000000000e+00 -2.394290492208e+00  2.183921784427e-01 
 9.120108393559e+01  8.245131296007e-04  4.553345705790e-02  1.000000000000e+00  0.000000000000e+00  2.298552060500e+00 -7.059907366056e-01  7.985979103250e-02  4.410229789792e-01  8.993028396799e-02  4.390053182724e-01  2.515145189129e+00  0.000000000000e+00 -2.389297300408e+00  2.214510754710e-01 
 9.332543007970e+01  8.633578989929e-04  4.659334775351e-02  1.000000000000e+00  0.000000000000e+00  2.289251370821e+00 -7.195121647092e-01  8.349853176333e-02  4.506214783178e-01  9.402555089036e-02  4.484606980113e-01  2.515145189129e+00  0.000000000000e+00 -2.384130743088e+00  2.244572211154e-01 
 9.549925860214e+01  9.040320794611e-04  4.767787500168e-02  1.000000000000e+00  0.000000000000e+00  2.279592684470e+00 -7.331653177971e-01  8.729712586501e-02  4.603975400096e-01  9.830050278106e-02  4.580837517278e-01  2.515145189129e+00  0.000000000000e+00 -2.378787704180e+00  2.274027814565e-01 
 9.772372209558e+01  9.466217650242e-04  4.878760901192e-02  1.000000000000e+00  0.000000000000e+00  2.269565768540e+00 -7.469429465709e-01  9.126204416680e-02  4.703522666823e-01  1.027623913396e-01  4.678749203449e-01  2.515145189129e+00  0.000000000000e+00 -2.373265288583e+00  2.302794960961e-01 
 1.000000000000e+02  9.912170939970e-04  4.992313298135e-02  1.000000000000e+00  0.000000000000e+00  2.259160407819e+00 -7.608371784445e-01  9.539996834064e-02  4.804865992046e-01  1.074187022896e-01  4.778344408260e-01  2.515145189129e+00  0.000000000000e+00 -2.367560856959e+00  2.330786723225e-01 
 1.023292992281e+02  1.037912441006e-03  5.108504340751e-02  1.000000000000e+00  0.000000000000e+00  2.248366430867e+00 -7.748394969385e-01  9.971779290936e-02  4.908013024833e-01  1.122771572554e-01  4.879623300512e-01  2.515145189129e+00  0.000000000000e+00 -2.361672053876e+00  2.357911803150e-01 
 1.047128548051e+02  1.086806613102e-03  5.227395039401e-02  1.000000000000e+00  0.000000000000e+00  2.237173749134e+00 -7.889407213079e-01  1.042226267600e-01  5.012969516101e-01  1.173457152909e-01  4.982583680539e-01  2.515145189129e+00  0.000000000000e+00 -2.355596848651e+00  2.384074492301e-01 
 1.071519305238e+02  1.138003058031e-03  5.349047791242e-02  1.000000000000e+00  0.000000000000e+00  2.225572393276e+00 -8.031309889629e-01  1.089217940462e-01  5.119739158545e-01  1.226325734897e-01  5.087220793357e-01  2.515145189129e+00  0.000000000000e+00 -2.349333572489e+00  2.409174680449e-01 
 1.096478196143e+02  1.191610082742e-03  5.473526415153e-02  1.000000000000e+00  0.000000000000e+00  2.213552547619e+00 -8.173997381236e-01  1.138228344935e-01  5.228323428892e-01  1.281461668113e-01  5.193527148222e-01  2.515145189129e+00  0.000000000000e+00 -2.342880952989e+00  2.433107859068e-01 
 1.122018454302e+02  1.247741078487e-03  5.600896177930e-02  1.000000000000e+00  0.000000000000e+00  2.201104597654e+00 -8.317356928019e-01  1.189335030067e-01  5.338721420849e-01  1.338951673533e-01  5.301492320141e-01  2.515145189129e+00  0.000000000000e+00 -2.336238161133e+00  2.455765167024e-01 
 1.148153621497e+02  1.306514760699e-03  5.731223826297e-02  1.000000000000e+00  0.000000000000e+00  2.188219170552e+00 -8.461268496467e-01  1.242617683602e-01  5.450929671060e-01  1.398884824594e-01  5.411102744984e-01  2.515145189129e+00  0.000000000000e+00 -2.329404850152e+00  2.477033460720e-01 
 1.174897554940e+02  1.368055415924e-03  5.864577619650e-02  1.000000000000e+00  0.000000000000e+00  2.174887183588e+00 -8.605604685144e-01  1.298158112186e-01  5.564941979246e-01  1.461352517945e-01  5.522341511678e-01  2.515145189129e+00  0.000000000000e+00 -2.322381201274e+00  2.496795424320e-01 
 1.202264434617e+02  1.432493163520e-03  6.001027362800e-02  1.000000000000e+00  0.000000000000e+00  2.161099893972e+00 -8.750230633887e-01  1.356040209939e-01  5.680749210296e-01  1.526448434743e-01  5.635188131128e-01  2.515145189129e+00  0.000000000000e+00 -2.315167969938e+00  2.514929706760e-01 
 1.230268770812e+02  1.499964228742e-03  6.140644437255e-02  1.000000000000e+00  0.000000000000e+00  2.146848949604e+00 -8.895003983052e-01  1.416349919746e-01  5.798339112662e-01  1.594268489862e-01  5.749618322589e-01  2.515145189129e+00  0.000000000000e+00 -2.307766531753e+00  2.531311091494e-01 
 1.258925411794e+02  1.570611225134e-03  6.283501832513e-02  1.000000000000e+00  0.000000000000e+00  2.132126442622e+00 -9.039774860721e-01  1.479175177228e-01  5.917696108809e-01  1.664910765248e-01  5.865603772691e-01  2.515145189129e+00  0.000000000000e+00 -2.300178929657e+00  2.545810721536e-01 
 1.288249551693e+02  1.644583456482e-03  6.429674186074e-02  1.000000000000e+00  0.000000000000e+00  2.116924966685e+00 -9.184385897825e-01  1.544605850650e-01  6.038801085670e-01  1.738475431339e-01  5.983111885143e-01  2.515145189129e+00  0.000000000000e+00 -2.292407923644e+00  2.558296360888e-01 
 1.318256738556e+02  1.722037225818e-03  6.579237811093e-02  1.000000000000e+00  0.000000000000e+00  2.101237675175e+00 -9.328672296833e-01  1.612733660731e-01  6.161631189752e-01  1.815064654511e-01  6.102105547907e-01  2.515145189129e+00  0.000000000000e+00 -2.284457040024e+00  2.568632693286e-01 
 1.348962882592e+02  1.803136163289e-03  6.732270734210e-02  1.000000000000e+00  0.000000000000e+00  2.085058338474e+00 -9.472461936530e-01  1.683652090142e-01  6.286159595475e-01  1.894782482414e-01  6.222542858450e-01  2.515145189129e+00  0.000000000000e+00 -2.276330617557e+00  2.576681697932e-01 
 1.380384264603e+02  1.888051567448e-03  6.888852735574e-02  1.000000000000e+00  0.000000000000e+00  2.068381406600e+00 -9.615575519856e-01  1.757456275518e-01  6.412355295615e-01  1.977734718821e-01  6.344376882771e-01  2.515145189129e+00  0.000000000000e+00 -2.268033857914e+00  2.582303034316e-01 
 1.412537544623e+02  1.976962762456e-03  7.049065371393e-02  1.000000000000e+00  0.000000000000e+00  2.051202069968e+00 -9.757826775312e-01  1.834242881741e-01  6.540182863828e-01  2.064028770546e-01  6.467555378331e-01  2.515145189129e+00  0.000000000000e+00 -2.259572871494e+00  2.585354518424e-01 
 1.445439770746e+02  2.070057470974e-03  7.212992022687e-02  1.000000000000e+00  0.000000000000e+00  2.033516322030e+00 -9.899022709578e-01  1.914109966601e-01  6.669602227630e-01  2.153773486498e-01  6.592020526296e-01  2.515145189129e+00  0.000000000000e+00 -2.250954724332e+00  2.585692638243e-01 
 1.479108388168e+02  2.167532206840e-03  7.380717931665e-02  1.000000000000e+00  0.000000000000e+00  2.015321021667e+00 -1.003896391252e+00  1.997156815196e-01  6.800568441395e-01  2.247078960936e-01  6.717708675424e-01  2.515145189129e+00  0.000000000000e+00 -2.242187481217e+00  2.583173111238e-01 
 1.513561248436e+02  2.269592682296e-03  7.552330230828e-02  1.000000000000e+00  0.000000000000e+00  1.996613956522e+00 -1.017744491808e+00  2.083483764145e-01  6.933031438384e-01  2.344056323345e-01  6.844550038222e-01  2.515145189129e+00  0.000000000000e+00 -2.233280248418e+00  2.577651546170e-01 
 1.548816618912e+02  2.376454235218e-03  7.727917985176e-02  1.000000000000e+00  0.000000000000e+00  1.977393901907e+00 -1.031425462570e+00  2.173192001355e-01  7.066935815383e-01  2.444817505020e-01  6.972468458116e-01  2.515145189129e+00  0.000000000000e+00 -2.224243209671e+00  2.568984093130e-01 
 1.584893192461e+02  2.488342278866e-03  7.907572230033e-02  1.000000000000e+00  0.000000000000e+00  1.957660683198e+00 -1.044917678111e+00  2.266383344831e-01  7.202220592881e-01  2.549474974512e-01  7.101381113753e-01  2.515145189129e+00  0.000000000000e+00 -2.215087662577e+00  2.557028216243e-01 
 1.621810097359e+02  2.605492764360e-03  8.091386014712e-02  1.000000000000e+00  0.000000000000e+00  1.937415232416e+00 -1.058199051535e+00  2.363159998786e-01  7.338818984572e-01  2.658141450374e-01  7.231198262889e-01  2.515145189129e+00  0.000000000000e+00 -2.205826046914e+00  2.541643484413e-01 
 1.659586907438e+02  2.728152676809e-03  8.279454431613e-02  1.000000000000e+00  0.000000000000e+00  1.916659644805e+00 -1.071247094311e+00  2.463624286174e-01  7.476658176165e-01  2.770929587423e-01  7.361822979292e-01  2.515145189129e+00  0.000000000000e+00 -2.196471970336e+00  2.522692429885e-01 
 1.698243652462e+02  2.856580537809e-03  8.471874662791e-02  1.000000000000e+00  0.000000000000e+00  1.895397231216e+00 -1.084038982634e+00  2.567878358823e-01  7.615659113508e-01  2.887951635639e-01  7.493150902446e-01  2.515145189129e+00  0.000000000000e+00 -2.187040227156e+00  2.500041457444e-01 
 1.737800828749e+02  2.991046946590e-03  8.668746013427e-02  1.000000000000e+00  0.000000000000e+00  1.873632566072e+00 -1.096551628783e+00  2.676023879903e-01  7.755736284889e-01  3.009319063858e-01  7.625069988426e-01  2.515145189129e+00  0.000000000000e+00 -2.177546809217e+00  2.473561803818e-01 
 1.778279410039e+02  3.131835137083e-03  8.870169959846e-02  1.000000000000e+00  0.000000000000e+00  1.851371532073e+00 -1.108761760872e+00  2.788161682547e-01  7.896797538269e-01  3.135142164538e-01  7.757460296853e-01  2.515145189129e+00  0.000000000000e+00 -2.168008911628e+00  2.443130543359e-01 
 1.819700858610e+02  3.279241559540e-03  9.076250182989e-02  1.000000000000e+00  0.000000000000e+00  1.828621359542e+00 -1.120646002702e+00  2.904391405755e-01  8.038743879879e-01  3.265529619530e-01  7.890193751082e-01  2.515145189129e+00  0.000000000000e+00 -2.158444929275e+00  2.408631623117e-01 
 1.862087136663e+02  3.433576494444e-03  9.287092607701e-02  1.000000000000e+00  0.000000000000e+00  1.805390659254e+00 -1.132180965738e+00  3.024811096257e-01  8.181469326373e-01  3.400588040240e-01  8.023133965908e-01  2.515145189129e+00  0.000000000000e+00 -2.148874444275e+00  2.369956950878e-01 
 1.905460717963e+02  3.595164686431e-03  9.502805453667e-02  1.000000000000e+00  0.000000000000e+00  1.781689449213e+00 -1.143343339441e+00  3.149516791455e-01  8.324860738358e-01  3.540421471698e-01  8.156136056641e-01  2.515145189129e+00  0.000000000000e+00 -2.139318203797e+00  2.327007484376e-01 
 1.949844599758e+02  3.764346014577e-03  9.723499260144e-02  1.000000000000e+00  0.000000000000e+00  1.757529173978e+00 -1.154109991388e+00  3.278602078208e-01  8.468797702808e-01  3.685130883241e-01  8.289046495920e-01  2.515145189129e+00  0.000000000000e+00 -2.129798089124e+00  2.279694373172e-01 
 1.995262314969e+02  3.941476188174e-03  9.949286939809e-02  1.000000000000e+00  0.000000000000e+00  1.732922718395e+00 -1.164458065527e+00  3.412157616112e-01  8.613152429461e-01  3.834813602152e-01  8.421702990308e-01  2.515145189129e+00  0.000000000000e+00 -2.120337073450e+00  2.227940059216e-01 
 2.041737944670e+02  4.126927474317e-03  1.018028381222e-01  1.000000000000e+00  0.000000000000e+00  1.707884409465e+00 -1.174365088576e+00  3.550270644482e-01  8.757789664669e-01  3.989562742063e-01  8.553934380179e-01  2.515145189129e+00  0.000000000000e+00 -2.110959167309e+00  2.171679437645e-01 
 2.089296130854e+02  4.321089457335e-03  1.041660765040e-01  1.000000000000e+00  0.000000000000e+00  1.682430013083e+00 -1.183809075737e+00  3.693024468957e-01  8.902566658799e-01  4.149466597592e-01  8.685560603626e-01  2.515145189129e+00  0.000000000000e+00 -2.101689355542e+00  2.110860945263e-01 
 2.137962089502e+02  4.524369835963e-03  1.065837870701e-01  1.000000000000e+00  0.000000000000e+00  1.656576719135e+00 -1.192768638488e+00  3.840497913770e-01  9.047333148774e-01  4.314608008717e-01  8.816392658046e-01  2.515145189129e+00  0.000000000000e+00 -2.092553519629e+00  2.045447674342e-01 
 2.187761623950e+02  4.737195250527e-03  1.090571977693e-01  1.000000000000e+00  0.000000000000e+00  1.630343119148e+00 -1.201223093318e+00  3.992764763534e-01  9.191931372043e-01  4.485063698376e-01  8.946232625749e-01  2.515145189129e+00  0.000000000000e+00 -2.083578349923e+00  1.975418428063e-01 
 2.238721138568e+02  4.960012151969e-03  1.115875621181e-01  1.000000000000e+00  0.000000000000e+00  1.603749172995e+00 -1.209152570460e+00  4.149893184658e-01  9.336196149234e-01  4.660903601907e-01  9.074873762438e-01  2.515145189129e+00  0.000000000000e+00 -2.074791246173e+00  1.900768717906e-01 
 2.290867652768e+02  5.193287705879e-03  1.141761598265e-01  1.000000000000e+00  0.000000000000e+00  1.576816166751e+00 -1.216538120294e+00  4.311945130466e-01  9.479954979615e-01  4.842190167401e-01  9.202100598486e-01  2.515145189129e+00  0.000000000000e+00 -2.066220206316e+00  1.821511720142e-01 
 2.344228815320e+02  5.437510735646e-03  1.168242970307e-01  1.000000000000e+00  0.000000000000e+00  1.549566659611e+00 -1.223361817654e+00  4.478975730017e-01  9.623028193600e-01  5.028977639740e-01  9.327689117054e-01  2.515145189129e+00  0.000000000000e+00 -2.057893702746e+00  1.737679138465e-01 
 2.398832919019e+02  5.693192714716e-03  1.195333067444e-01  1.000000000000e+00  0.000000000000e+00  1.522024423117e+00 -1.229606865440e+00  4.651032674010e-01  9.765229164623e-01  5.221311336500e-01  9.451406991575e-01  2.515145189129e+00  0.000000000000e+00 -2.049840550119e+00  1.649321998089e-01 
 2.454708915685e+02  5.960868786133e-03  1.223045491497e-01  1.000000000000e+00  0.000000000000e+00  1.494214367587e+00 -1.235257689608e+00  4.828155589057e-01  9.906364554772e-01  5.419226918602e-01  9.573013860499e-01  2.515145189129e+00  0.000000000000e+00 -2.042089759874e+00  1.556511318041e-01 
 2.511886431510e+02  6.241098852115e-03  1.251394121064e-01  1.000000000000e+00  0.000000000000e+00  1.466162464349e+00 -1.240300031845e+00  5.010375416605e-01  1.004623462912e+00  5.622749658069e-01  9.692261691671e-01  2.515145189129e+00  0.000000000000e+00 -2.034670390326e+00  1.459338668356e-01 
 2.570395782769e+02  6.534468680002e-03  1.280393113993e-01  1.000000000000e+00  0.000000000000e+00  1.437895655166e+00 -1.244721036637e+00  5.197713785456e-01  1.018463361426e+00  5.831893698778e-01  9.808895189781e-01  2.515145189129e+00  0.000000000000e+00 -2.027611383279e+00  1.357916630931e-01 
 2.630267991895e+02  6.841591085504e-03  1.310056910443e-01  1.000000000000e+00  0.000000000000e+00  1.409441753291e+00 -1.248509326484e+00  5.390182402916e-01  1.032135013258e+00  6.046661343426e-01  9.922652288806e-01  2.515145189129e+00  0.000000000000e+00 -2.020941394953e+00  1.252379056076e-01 
 2.691534803927e+02  7.163107140514e-03  1.340400237532e-01  1.000000000000e+00  0.000000000000e+00  1.380829341942e+00 -1.251655076165e+00  5.587782455841e-01  1.045616767136e+00  6.267042333493e-01  1.003326469217e+00  2.515145189129e+00  0.000000000000e+00 -2.014688623678e+00  1.142881260416e-01 
 2.754228703338e+02  7.499687459131e-03  1.371438111237e-01  1.000000000000e+00  0.000000000000e+00  1.352087659761e+00 -1.254150071181e+00  5.790504027391e-01  1.058886513580e+00  6.493013182189e-01  1.014045850607e+00  2.515145189129e+00  0.000000000000e+00 -2.008880629917e+00  1.029599976111e-01 
 2.818382931264e+02  7.852033516428e-03  1.403185840754e-01  1.000000000000e+00  0.000000000000e+00  1.323246486951e+00 -1.255987761542e+00  5.998325539986e-01  1.071921745315e+00  6.724536489928e-01  1.024395492859e+00  2.515145189129e+00  0.000000000000e+00 -2.003544155283e+00  9.127331951431e-02 
 2.884031503127e+02  8.220879029977e-03  1.435659029230e-01  1.000000000000e+00  0.000000000000e+00  1.294336019782e+00 -1.257163302507e+00  6.211213244824e-01  1.084699621890e+00  6.961560348282e-01  1.034347099368e+00  2.515145189129e+00  0.000000000000e+00 -1.998704938821e+00  7.924998321586e-02 
 2.951209226666e+02  8.606991415945e-03  1.468873578124e-01  1.000000000000e+00  0.000000000000e+00  1.265386747895e+00 -1.257673586020e+00  6.429120718967e-01  1.097197045805e+00  7.204017741606e-01  1.043872043723e+00  2.515145189129e+00  0.000000000000e+00 -1.994387535921e+00  6.691391682896e-02 
 3.019951720402e+02  9.011173275212e-03  1.502845688956e-01  1.000000000000e+00  0.000000000000e+00  1.236429325305e+00 -1.257517261198e+00  6.651988438098e-01  1.109390735626e+00  7.451826022007e-01  1.052941455273e+00  2.515145189129e+00  0.000000000000e+00 -1.990615138320e+00  5.429101986517e-02 
 3.090295432514e+02  9.434263962248e-03  1.537591863889e-01  1.000000000000e+00  0.000000000000e+00  1.207494440256e+00 -1.256694741780e+00  6.879743391182e-01  1.121257313527e+00  7.704886450665e-01  1.061526317382e+00  2.515145189129e+00  0.000000000000e+00 -1.987409399647e+00  4.140907237249e-02 
 3.162277660168e+02  9.877141234028e-03  1.573128912132e-01  1.000000000000e+00  0.000000000000e+00  1.178612685762e+00 -1.255208204500e+00  7.112298742868e-01  1.132773392135e+00  7.963083776413e-01  1.069597569760e+00  2.515145189129e+00  0.000000000000e+00 -1.984790265477e+00  2.829763033670e-02 
 3.235936569296e+02  1.034072292168e-02  1.609473944700e-01  1.000000000000e+00  0.000000000000e+00  1.149814429926e+00 -1.253061575117e+00  7.349553568056e-01  1.143915668363e+00  8.226285909768e-01  1.077126213582e+00  2.515145189129e+00  0.000000000000e+00 -1.982775812721e+00  1.498790711274e-02 
 3.311311214826e+02  1.082596870765e-02  1.646644381108e-01  1.000000000000e+00  0.000000000000e+00  1.121129688807e+00 -1.250260502333e+00  7.591392669128e-01  1.154661020963e+00  8.494343679631e-01  1.084083426744e+00  2.515145189129e+00  0.000000000000e+00 -1.981382099949e+00  1.512631427774e-03 
 3.388441561392e+02  1.133388197741e-02  1.684657946753e-01  1.000000000000e+00  0.000000000000e+00  1.092588004190e+00 -1.246812322875e+00  7.837686451385e-01  1.164986612042e+00  8.767090658657e-01  1.090440678177e+00  2.515145189129e+00  0.000000000000e+00 -1.980623029541e+00 -1.209410160080e-02 
 3.467368504525e+02  1.186551170940e-02  1.723532675242e-01  1.000000000000e+00  0.000000000000e+00  1.064218321117e+00 -1.242726013763e+00  8.088290884625e-01  1.174869989976e+00  9.044343087589e-01  1.096169848694e+00  2.515145189129e+00  0.000000000000e+00 -1.980510219544e+00 -2.579699926682e-02 
 3.548133892336e+02  1.242195448867e-02  1.763286907226e-01  1.000000000000e+00  0.000000000000e+00  1.036048875772e+00 -1.238012135495e+00  8.343047568342e-01  1.184289199999e+00  9.325899924152e-01  1.101243355777e+00  2.515145189129e+00  0.000000000000e+00 -1.981052898465e+00 -3.955975276619e-02 
 3.630780547701e+02  1.300435655685e-02  1.803939289821e-01  1.000000000000e+00  0.000000000000e+00  1.008107085130e+00 -1.232682768721e+00  8.601783860940e-01  1.193222886883e+00  9.611542943167e-01  1.105634275358e+00  2.515145189129e+00  0.000000000000e+00 -1.982257806972e+00 -5.334522223823e-02 
 3.715352290972e+02  1.361391596402e-02  1.845508774859e-01  1.000000000000e+00  0.000000000000e+00  9.804194471799e-01 -1.226751436479e+00  8.864313124213e-01  1.201650406932e+00  9.901036992669e-01  1.109316469170e+00  2.515145189129e+00  0.000000000000e+00 -1.984129125894e+00 -6.711564171409e-02 
 3.801893963206e+02  1.425188481699e-02  1.888014619180e-01  1.000000000000e+00  0.000000000000e+00  9.530114463996e-01 -1.220233025495e+00  9.130435055122e-01  1.209551935317e+00  1.019413033267e+00  1.112264709314e+00  2.515145189129e+00  0.000000000000e+00 -1.986668417810e+00 -8.083282240613e-02 
 3.890451449943e+02  1.491957156941e-02  1.931476378522e-01  1.000000000000e+00  0.000000000000e+00  9.259074690053e-01 -1.213143695146e+00  9.399936115369e-01  1.216908574104e+00  1.049055508804e+00  1.114454803057e+00  2.515145189129e+00  0.000000000000e+00 -1.989874589880e+00 -9.445836792993e-02 
 3.981071705535e+02  1.561834345921e-02  1.975913908100e-01  1.000000000000e+00  0.000000000000e+00  8.991307261167e-01 -1.205500783864e+00  9.672590062255e-01  1.223702454707e+00  1.079002782004e+00  1.115863713436e+00  2.515145189129e+00  0.000000000000e+00 -1.993743876604e+00 -1.079538885658e-01 
 4.073802778041e+02  1.634962898424e-02  2.021347356495e-01  1.000000000000e+00  0.000000000000e+00  8.727031869348e-01 -1.197322710184e+00  9.948158570332e-01  1.229916841025e+00  1.109225019580e+00  1.116469677072e+00  2.515145189129e+00  0.000000000000e+00 -1.998269842419e+00 -1.212812174122e-01 
 4.168693834703e+02  1.711492048707e-02  2.067797161872e-01  1.000000000000e+00  0.000000000000e+00  8.466455216985e-01 -1.188628867967e+00  1.022639195551e+00  1.235536225606e+00  1.139690977056e+00  1.116252318025e+00  2.515145189129e+00  0.000000000000e+00 -2.003443405468e+00 -1.344026286342e-01 
 4.265795188016e+02  1.791577686163e-02  2.115284045285e-01  1.000000000000e+00  0.000000000000e+00  8.209770532558e-01 -1.179439522093e+00  1.050702997716e+00  1.240546421846e+00  1.170368088642e+00  1.115192754427e+00  2.515145189129e+00  0.000000000000e+00 -2.009252881748e+00 -1.472810477381e-01 
 4.365158322402e+02  1.875382629805e-02  2.163829006022e-01  1.000000000000e+00  0.000000000000e+00  7.957157193450e-01 -1.169775700662e+00  1.078980274498e+00  1.244934648508e+00  1.201222563395e+00  1.113273697905e+00  2.515145189129e+00  0.000000000000e+00 -2.015684046302e+00 -1.598802583241e-01 
 4.466835921510e+02  1.963076918764e-02  2.213453311415e-01  1.000000000000e+00  0.000000000000e+00  7.708780445391e-01 -1.159659085097e+00  1.107443168527e+00  1.248689608416e+00  1.232219493715e+00  1.110479546944e+00  2.515145189129e+00  0.000000000000e+00 -2.022720216561e+00 -1.721651043280e-01 
 4.570881896149e+02  2.054838108234e-02  2.264178491023e-01  1.000000000000e+00  0.000000000000e+00  7.464791209204e-01 -1.149111902574e+00  1.136063060723e+00  1.251801558537e+00  1.263322971994e+00  1.106796469772e+00  2.515145189129e+00  0.000000000000e+00 -2.030342352627e+00 -1.841016798937e-01 
 4.677351412872e+02  2.150851576152e-02  2.316026323242e-01  1.000000000000e+00  0.000000000000e+00  7.225325995823e-01 -1.138156818924e+00  1.164810680319e+00  1.254262370756e+00  1.294496212387e+00  1.102212476777e+00  2.515145189129e+00  0.000000000000e+00 -2.038529173615e+00 -1.956575075466e-01 
 4.786300923226e+02  2.251310844804e-02  2.369018828322e-01  1.000000000000e+00  0.000000000000e+00  6.990506885340e-01 -1.126816832693e+00  1.193656223128e+00  1.256065582624e+00  1.325701680500e+00  1.096717482666e+00  2.515145189129e+00  0.000000000000e+00 -2.047257288453e+00 -2.068017055976e-01 
 4.897788193684e+02  2.356417903138e-02  2.423178252939e-01  1.000000000000e+00  0.000000000000e+00  6.760441618972e-01 -1.115115171764e+00  1.222569473786e+00  1.257206439273e+00  1.356901228894e+00  1.090303358622e+00  2.515145189129e+00  0.000000000000e+00 -2.056501343817e+00 -2.175051421311e-01 
 5.011872336273e+02  2.466383550200e-02  2.478527056228e-01  1.000000000000e+00  0.000000000000e+00  6.535223746905e-01 -1.103075196268e+00  1.251519930549e+00  1.257681924384e+00  1.388056236552e+00  1.082963969558e+00  2.515145189129e+00  0.000000000000e+00 -2.066234181808e+00 -2.277405679510e-01 
 5.128613839914e+02  2.581427740733e-02  2.535087896686e-01  1.000000000000e+00  0.000000000000e+00  6.314932864625e-01 -1.090720299399e+00  1.280476935208e+00  1.257490779040e+00  1.419127749046e+00  1.074695203453e+00  2.515145189129e+00  0.000000000000e+00 -2.076427007208e+00 -2.374827437924e-01 
 5.248074602498e+02  2.701779946074e-02  2.592883611796e-01  1.000000000000e+00  0.000000000000e+00  6.099634912098e-01 -1.078073819401e+00  1.309409801150e+00  1.256633509183e+00  1.450076623587e+00  1.065494982991e+00  2.515145189129e+00  0.000000000000e+00 -2.087049566059e+00 -2.467085379361e-01 
 5.370317963702e+02  2.827679521215e-02  2.651937200571e-01  1.000000000000e+00  0.000000000000e+00  5.889382527675e-01 -1.065158951795e+00  1.338287943741e+00  1.255112383515e+00  1.480863671051e+00  1.055363267660e+00  2.515145189129e+00  0.000000000000e+00 -2.098070326750e+00 -2.553970143345e-01 
 5.495408738576e+02  2.959376087529e-02  2.712271804921e-01  1.000000000000e+00  0.000000000000e+00  5.684215474175e-01 -1.051998669747e+00  1.367081010249e+00  1.252931418363e+00  1.511449799640e+00  1.044302044204e+00  2.515145189129e+00  0.000000000000e+00 -2.109456670106e+00 -2.635295008304e-01 
 5.623413251903e+02  3.097129919479e-02  2.773910680553e-01  1.000000000000e+00  0.000000000000e+00  5.484161097556e-01 -1.038615648518e+00  1.395759006031e+00  1.250096351840e+00  1.541796155274e+00  1.032315300545e+00  2.515145189129e+00  0.000000000000e+00 -2.121175079524e+00 -2.710896357232e-01 
 5.754399373372e+02  3.241212345529e-02  2.836877177469e-01  1.000000000000e+00  0.000000000000e+00  5.289234825177e-01 -1.025032196427e+00  1.424292417709e+00  1.246614607051e+00  1.571864255704e+00  1.019408992026e+00  2.515145189129e+00  0.000000000000e+00 -2.133191328912e+00 -2.780634010926e-01 
 5.888436553556e+02  3.391906157049e-02  2.901194712613e-01  1.000000000000e+00  0.000000000000e+00  5.099440720514e-01 -1.011270190706e+00  1.452652334701e+00  1.242495245300e+00  1.601616124623e+00  1.005590994260e+00  2.515145189129e+00  0.000000000000e+00 -2.145470676362e+00 -2.844391370595e-01 
 6.025595860744e+02  3.549506025593e-02  2.966886735521e-01  1.000000000000e+00  0.000000000000e+00  4.914772038464e-01 -9.973510215059e-01  1.480810561217e+00  1.237748908810e+00  1.631014415994e+00  9.908710442251e-01  2.515145189129e+00  0.000000000000e+00 -2.157978048184e+00 -2.902075354412e-01 
 6.165950018615e+02  3.714318931452e-02  3.033976697479e-01  1.000000000000e+00  0.000000000000e+00  4.735211824882e-01 -9.832955405582e-01  1.508739724755e+00  1.232387754833e+00  1.660022531170e+00  9.752606739057e-01  2.515145189129e+00  0.000000000000e+00 -2.170678220260e+00 -2.953616216490e-01 
 6.309573444802e+02  3.886664595484e-02  3.102488020086e-01  1.000000000000e+00  0.000000000000e+00  4.560733520775e-01 -9.691240151878e-01  1.536413379246e+00  1.226425380213e+00  1.688604732510e+00  9.587731318315e-01  2.515145189129e+00  0.000000000000e+00 -2.183535996398e+00 -2.998967190654e-01 
 6.456542290347e+02  4.066875924764e-02  3.172444052179e-01  1.000000000000e+00  0.000000000000e+00  4.391301579890e-01 -9.548560895491e-01  1.563806094695e+00  1.219876739895e+00  1.716726240935e+00  9.414232989075e-01  2.515145189129e+00  0.000000000000e+00 -2.196516372106e+00 -3.038103993347e-01 
 6.606934480076e+02  4.255299464421e-02  3.243868031423e-01  1.000000000000e+00  0.000000000000e+00  4.226872096187e-01 -9.405107512139e-01  1.590893544722e+00  1.212758057285e+00  1.744353331160e+00  9.232275960967e-01  2.515145189129e+00  0.000000000000e+00 -2.209584697084e+00 -3.071024196154e-01 
 6.760829753920e+02  4.452295845113e-02  3.316783036571e-01  1.000000000000e+00  0.000000000000e+00  4.067393423757e-01 -9.261063034646e-01  1.617652582005e+00  1.205086730188e+00  1.771453412250e+00  9.042038855841e-01  2.515145189129e+00  0.000000000000e+00 -2.222706822249e+00 -3.097746466780e-01 
 6.918309709189e+02  4.658240253775e-02  3.391211942653e-01  1.000000000000e+00  0.000000000000e+00  3.912806800799e-01 -9.116603413131e-01  1.644061302766e+00  1.196881229756e+00  1.797995097935e+00  8.843713675160e-01  2.515145189129e+00  0.000000000000e+00 -2.235849237156e+00 -3.118309731443e-01 
 7.079457843841e+02  4.873522886919e-02  3.467177366838e-01  1.000000000000e+00  0.000000000000e+00  3.763046961394e-01 -8.971897354349e-01  1.670099106617e+00  1.188160999445e+00  1.823948270408e+00  8.637504752260e-01  2.515145189129e+00  0.000000000000e+00 -2.248979199500e+00 -3.132772233659e-01 
 7.244359600750e+02  5.098549430841e-02  3.544701615465e-01  1.000000000000e+00  0.000000000000e+00  3.618042737944e-01 -8.827106178505e-01  1.695746742887e+00  1.178946345579e+00  1.849284127820e+00  8.423627621960e-01  2.515145189129e+00  0.000000000000e+00 -2.262064847664e+00 -3.141210494077e-01 
 7.413102413009e+02  5.333741516370e-02  3.623806620599e-01  1.000000000000e+00  0.000000000000e+00  3.477717645583e-01 -8.682383745909e-01  1.720986346016e+00  1.169258333044e+00  1.873975222930e+00  8.202307960019e-01  2.515145189129e+00  0.000000000000e+00 -2.275075302351e+00 -3.143718259836e-01 
 7.585775750292e+02  5.579537197627e-02  3.704513880075e-01  1.000000000000e+00  0.000000000000e+00  3.341990459012e-01 -8.537876406917e-01  1.745801466051e+00  1.159118674695e+00  1.897995492211e+00  7.973780453904e-01  2.515145189129e+00  0.000000000000e+00 -2.287980758165e+00 -3.140405365440e-01 
 7.762471166287e+02  5.836391409684e-02  3.786844383576e-01  1.000000000000e+00  0.000000000000e+00  3.210775754997e-01 -8.393722998444e-01  1.770177086350e+00  1.148549623555e+00  1.921320274705e+00  7.738287707325e-01  2.515145189129e+00  0.000000000000e+00 -2.300752561291e+00 -3.131396566871e-01 
 7.943282347243e+02  6.104776434222e-02  3.870818545111e-01  1.000000000000e+00  0.000000000000e+00  3.083984448458e-01 -8.250054878881e-01  1.794099631021e+00  1.137573865009e+00  1.943926317384e+00  7.496079165721e-01  2.515145189129e+00  0.000000000000e+00 -2.313363273119e+00 -3.116830364629e-01 
 8.128305161641e+02  6.385182351369e-02  3.956456120941e-01  1.000000000000e+00  0.000000000000e+00  2.961524294806e-01 -8.106995981652e-01  1.817556967493e+00  1.126214412507e+00  1.965791774914e+00  7.247410087148e-01  2.515145189129e+00  0.000000000000e+00 -2.325786724761e+00 -3.096857839005e-01 
 8.317637711027e+02  6.678117485717e-02  4.043776128674e-01  1.000000000000e+00  0.000000000000e+00  2.843300371896e-01 -7.964662910672e-01  1.840538395569e+00  1.114494503243e+00  1.986896196846e+00  6.992540506180e-01  2.515145189129e+00  0.000000000000e+00 -2.337998056901e+00 -3.071641437617e-01 
 8.511380382024e+02  6.984108842153e-02  4.132796756458e-01  1.000000000000e+00  0.000000000000e+00  2.729215542204e-01 -7.823165066075e-01  1.863034634618e+00  1.102437500376e+00  2.007220511558e+00  6.731734294444e-01  2.515145189129e+00  0.000000000000e+00 -2.349973754304e+00 -3.041353819412e-01 
 8.709635899561e+02  7.303702521313e-02  4.223535268684e-01  1.000000000000e+00  0.000000000000e+00  2.619170876860e-01 -7.682604762958e-01  1.885037796572e+00  1.090066797566e+00  2.026746995281e+00  6.465258258395e-01  2.515145189129e+00  0.000000000000e+00 -2.361691661414e+00 -3.006176739413e-01 
 8.912509381337e+02  7.637464116851e-02  4.316007908783e-01  1.000000000000e+00  0.000000000000e+00  2.513066068932e-01 -7.543077407172e-01  1.906541358214e+00  1.077405727236e+00  2.045459239744e+00  6.193381277844e-01  2.515145189129e+00  0.000000000000e+00 -2.373130995281e+00 -2.966299914256e-01 
 9.120108393559e+02  7.985979103250e-02  4.410229789792e-01  1.000000000000e+00  0.000000000000e+00  2.410799807985e-01 -7.404671669938e-01  1.927540123696e+00  1.064477475360e+00  2.063342114445e+00  5.916373534128e-01  2.515145189129e+00  0.000000000000e+00 -2.384272349186e+00 -2.921919966302e-01 
 9.332543007970e+02  8.349853176333e-02  4.506214783760e-01  1.000000000000e+00  0.000000000000e+00  2.312270135153e-01 -7.267469669459e-01  1.948030183092e+00  1.051305001834e+00  2.080381717067e+00  5.634505802300e-01  2.515145189129e+00  0.000000000000e+00 -2.395097681955e+00 -2.873239423643e-01 
 9.549925860214e+02  8.729712587956e-02  4.603975400096e-01  1.000000000000e+00  0.000000000000e+00  2.217374771426e-01 -7.131547185127e-01  1.968008865137e+00  1.037910963525e+00  2.096565327141e+00  5.348048800370e-01  2.515145189129e+00  0.000000000000e+00 -2.405590307802e+00 -2.820465733476e-01 
 9.772372209558e+02  9.126204416680e-02  4.703522666823e-01  1.000000000000e+00  0.000000000000e+00  2.126011420623e-01 -6.996973857749e-01  1.987474687630e+00  1.024317648029e+00  2.111881351564e+00  5.057272640406e-01  2.515145189129e+00  0.000000000000e+00 -2.415734874854e+00 -2.763810394238e-01 
 1.000000000000e+03  9.539996834064e-02  4.804865991464e-01  1.000000000000e+00  0.000000000000e+00  2.038078048790e-01 -6.863813418895e-01  2.006427302957e+00  1.010546908830e+00  2.126319270115e+00  4.762446329696e-01  2.515145189129e+00  0.000000000000e+00 -2.425517341266e+00 -2.703488088313e-01 
 1.023292992281e+03  9.971779292391e-02  4.908013025415e-01  1.000000000000e+00  0.000000000000e+00  1.953473136819e-01 -6.732123917900e-01  2.024867439177e+00  9.966201091884e-01  2.139869575389e+00  4.463837365620e-01  2.515145189129e+00  0.000000000000e+00 -2.434924942295e+00 -2.639715914271e-01 
 1.047128548051e+03  1.042226267600e-01  5.012969516101e-01  1.000000000000e+00  0.000000000000e+00  1.872095914441e-01 -6.601957946550e-01  2.042796844151e+00  9.825580707984e-01  2.152523716446e+00  4.161711391644e-01  2.515145189129e+00  0.000000000000e+00 -2.443946158866e+00 -2.572712670344e-01 
 1.071519305238e+03  1.089217940462e-01  5.119739158545e-01  1.000000000000e+00  0.000000000000e+00  1.793846568908e-01 -6.473362869583e-01  2.060218222672e+00  9.683810297865e-01  2.164274042007e+00  3.856331944116e-01  2.515145189129e+00  0.000000000000e+00 -2.452570682661e+00 -2.502698222285e-01 
 1.096478196143e+03  1.138228345080e-01  5.228323428892e-01  1.000000000000e+00  0.000000000000e+00  1.718626434740e-01 -6.346381065669e-01  2.077135173138e+00  9.541085967794e-01  2.175113734324e+00  3.547960260184e-01  2.515145189129e+00  0.000000000000e+00 -2.460789369148e+00 -2.429892903836e-01 
 1.122018454302e+03  1.189335030067e-01  5.338721419685e-01  1.000000000000e+00  0.000000000000e+00  1.646338160790e-01 -6.221050157910e-01  2.093552129809e+00  9.397597244242e-01  2.185036762618e+00  3.236855153227e-01  2.515145189129e+00  0.000000000000e+00 -2.468594207326e+00 -2.354516996934e-01 
 1.148153621497e+03  1.242617683602e-01  5.450929672224e-01  1.000000000000e+00  0.000000000000e+00  1.576885861577e-01 -6.097403242020e-01  2.109474294819e+00  9.253526789835e-01  2.194037821610e+00  2.923272967455e-01  2.515145189129e+00  0.000000000000e+00 -2.475978272214e+00 -2.276790290498e-01 
 1.174897554940e+03  1.298158112186e-01  5.564941978082e-01  1.000000000000e+00  0.000000000000e+00  1.510175248550e-01 -5.975469115656e-01  2.124907580204e+00  9.109050185652e-01  2.202112281229e+00  2.607467582857e-01  2.515145189129e+00  0.000000000000e+00 -2.482935685560e+00 -2.196931657556e-01 
 1.202264434617e+03  1.356040209939e-01  5.680749210296e-01  1.000000000000e+00  0.000000000000e+00  1.446113745624e-01 -5.855272507761e-01  2.139858545270e+00  8.964335751953e-01  2.209256138653e+00  2.289690482139e-01  2.515145189129e+00  0.000000000000e+00 -2.489461576363e+00 -2.115158724040e-01 
 1.230268770812e+03  1.416349919746e-01  5.798339111498e-01  1.000000000000e+00  0.000000000000e+00  1.384610586392e-01 -5.736834295094e-01  2.154334335122e+00  8.819544424769e-01  2.215465968475e+00  1.970190878201e-01  2.515145189129e+00  0.000000000000e+00 -2.495552036880e+00 -2.031687567854e-01 
 1.258925411794e+03  1.479175176937e-01  5.917696108809e-01  1.000000000000e+00  0.000000000000e+00  1.325576900563e-01 -5.620171723422e-01  2.168342624791e+00  8.674829668598e-01  2.220738887321e+00  1.649215872458e-01  2.515145189129e+00  0.000000000000e+00 -2.501204090255e+00 -1.946732470915e-01 
 1.288249551693e+03  1.544605850358e-01  6.038801086834e-01  1.000000000000e+00  0.000000000000e+00  1.268925784243e-01 -5.505298608914e-01  2.181891560089e+00  8.530337444972e-01  2.225072513800e+00  1.327010683890e-01  2.515145189129e+00  0.000000000000e+00 -2.506415651598e+00 -1.860505719787e-01 
 1.318256738556e+03  1.612733660731e-01  6.161631189752e-01  1.000000000000e+00  0.000000000000e+00  1.214572356403e-01 -5.392225557007e-01  2.194989703596e+00  8.386206197320e-01  2.228464937769e+00  1.003818884637e-01  2.515145189129e+00  0.000000000000e+00 -2.511185494740e+00 -1.773217424513e-01 
 1.348962882592e+03  1.683652090142e-01  6.286159596639e-01  1.000000000000e+00  0.000000000000e+00  1.162433806603e-01 -5.280960146338e-01  2.207645982504e+00  8.242566892877e-01  2.230914693791e+00  6.798826897284e-02  2.515145189129e+00  0.000000000000e+00 -2.515513221413e+00 -1.685075399728e-01 
 1.380384264603e+03  1.757456275227e-01  6.412355295615e-01  1.000000000000e+00  0.000000000000e+00  1.112429429195e-01 -5.171507127816e-01  2.219869635534e+00  8.099543080898e-01  2.232420739252e+00  3.554432679812e-02  2.515145189129e+00  0.000000000000e+00 -2.519399232097e+00 -1.596285050640e-01 
 1.412537544623e+03  1.834242881741e-01  6.540182863828e-01  1.000000000000e+00  0.000000000000e+00  1.064480649075e-01 -5.063868612051e-01  2.231670167763e+00  7.957250989275e-01  2.232982438989e+00  3.074106479289e-03  2.515145189129e+00  0.000000000000e+00 -2.522844700692e+00 -1.507049288373e-01 
 1.445439770746e+03  1.914109966601e-01  6.669602228794e-01  1.000000000000e+00  0.000000000000e+00  1.018511037400e-01 -4.958044242230e-01  2.243057302665e+00  7.815799638629e-01  2.232599559706e+00 -2.939838528255e-02  2.515145189129e+00  0.000000000000e+00 -2.525851556700e+00 -1.417568463465e-01 
 1.479108388168e+03  1.997156814905e-01  6.800568440231e-01  1.000000000000e+00  0.000000000000e+00  9.744463207608e-02 -4.854031364084e-01  2.254040942527e+00  7.675290983170e-01  2.231272260658e+00 -6.184914590267e-02  2.515145189129e+00  0.000000000000e+00 -2.528422460535e+00 -1.328040304958e-01 
 1.513561248436e+03  2.083483764145e-01  6.933031437220e-01  1.000000000000e+00  0.000000000000e+00  9.322143798636e-02 -4.751825194689e-01  2.264631123282e+00  7.535820072517e-01  2.229001100175e+00 -9.425414039288e-02  2.515145189129e+00  0.000000000000e+00 -2.530560792333e+00 -1.238659883962e-01 
 1.548816618912e+03  2.173192001355e-01  7.066935815383e-01  1.000000000000e+00  0.000000000000e+00  8.917452447349e-02 -4.651418974390e-01  2.274837980513e+00  7.397475228645e-01  2.225787041243e+00 -1.265892683004e-01  2.515145189129e+00  0.000000000000e+00 -2.532270636770e+00 -1.149619559510e-01 
 1.584893192461e+03  2.266383344831e-01  7.202220592881e-01  1.000000000000e+00  0.000000000000e+00  8.529710816219e-02 -4.552804119303e-01  2.284671712667e+00  7.260338235646e-01  2.221631469205e+00 -1.588303302706e-01  2.515145189129e+00  0.000000000000e+00 -2.533556777623e+00 -1.061108926436e-01 
 1.621810097359e+03  2.363159998786e-01  7.338818984572e-01  1.000000000000e+00  0.000000000000e+00  8.158261753852e-02 -4.455970360432e-01  2.294142548461e+00  7.124484544620e-01  2.216536207590e+00 -1.909529968398e-01  2.515145189129e+00  0.000000000000e+00 -2.534424687309e+00 -9.733147624833e-02 
 1.659586907438e+03  2.463624286174e-01  7.476658176165e-01  1.000000000000e+00  0.000000000000e+00  7.802469069429e-02 -4.360905882204e-01  2.303260716610e+00  6.989983484382e-01  2.210503547452e+00 -2.229327795503e-01  2.515145189129e+00  0.000000000000e+00 -2.534880527242e+00 -8.864209527741e-02 
 1.698243652462e+03  2.567878358823e-01  7.615659113508e-01  1.000000000000e+00  0.000000000000e+00  7.461717262049e-02 -4.267597449361e-01  2.312036419287e+00  6.856898483820e-01  2.203536274377e+00 -2.547450057755e-01  2.515145189129e+00  0.000000000000e+00 -2.534931143155e+00 -8.006084039580e-02 
 1.737800828749e+03  2.676023879903e-01  7.755736286053e-01  1.000000000000e+00  0.000000000000e+00  7.135411218042e-02 -4.176030528615e-01  2.320479803253e+00  6.725287301233e-01  2.195637705736e+00 -2.863647949998e-01  2.515145189129e+00  0.000000000000e+00 -2.534584067570e+00 -7.160549432202e-02 
 1.778279410039e+03  2.788161682547e-01  7.896797537105e-01  1.000000000000e+00  0.000000000000e+00  6.822975868999e-02 -4.086189403897e-01  2.328600943089e+00  6.595202246681e-01  2.186811733991e+00 -3.177670438308e-01  2.515145189129e+00  0.000000000000e+00 -2.533847525546e+00 -6.329351631591e-02 
 1.819700858610e+03  2.904391405755e-01  8.038743881043e-01  1.000000000000e+00  0.000000000000e+00  6.523855825799e-02 -3.998057288700e-01  2.336409813259e+00  6.466690424131e-01  2.177062866278e+00 -3.489264099044e-01  2.515145189129e+00  0.000000000000e+00 -2.532730434190e+00 -5.514202876183e-02 
 1.862087136663e+03  3.024811095675e-01  8.181469327537e-01  1.000000000000e+00  0.000000000000e+00  6.237514995883e-02 -3.911616422120e-01  2.343916273676e+00  6.339793953812e-01  2.166396275163e+00 -3.798173057730e-01  2.515145189129e+00  0.000000000000e+00 -2.531242409719e+00 -4.716779609756e-02 
 1.905460717963e+03  3.149516792037e-01  8.324860738358e-01  1.000000000000e+00  0.000000000000e+00  5.963436160528e-02 -3.826848174213e-01  2.351130052935e+00  6.214550219011e-01  2.154817851260e+00 -4.104138966068e-01  2.515145189129e+00  0.000000000000e+00 -2.529393774494e+00 -3.938720225892e-02 
 1.949844599758e+03  3.278602078208e-01  8.468797703972e-01  1.000000000000e+00  0.000000000000e+00  5.701120558660e-02 -3.743733131560e-01  2.358060731553e+00  6.090992083773e-01  2.142334259581e+00 -4.406901040929e-01  2.515145189129e+00  0.000000000000e+00 -2.527195564206e+00 -3.181622588341e-02 
 1.995262314969e+03  3.412157615530e-01  8.613152428297e-01  1.000000000000e+00  0.000000000000e+00  5.450087442296e-02 -3.662251185160e-01  2.364717728924e+00  5.969148130389e-01  2.128952986095e+00 -4.706196165062e-01  2.515145189129e+00  0.000000000000e+00 -2.524659523433e+00 -2.447040992592e-02 
 2.041737944670e+03  3.550270644482e-01  8.757789664669e-01  1.000000000000e+00  0.000000000000e+00  5.209873626154e-02 -3.582381610759e-01  2.371110294014e+00  5.849042878253e-01  2.114682409912e+00 -5.001759078004e-01  2.515145189129e+00  0.000000000000e+00 -2.521798123430e+00 -1.736482813128e-02 
 2.089296130854e+03  3.693024468957e-01  8.902566658799e-01  1.000000000000e+00  0.000000000000e+00  4.980033032189e-02 -3.504103145679e-01  2.377247494180e+00  5.730697010877e-01  2.099531852640e+00 -5.293322612997e-01  2.515145189129e+00  0.000000000000e+00 -2.518624555360e+00 -1.051404795610e-02 
 2.137962089502e+03  3.840497913188e-01  9.047333148774e-01  1.000000000000e+00  0.000000000000e+00  4.760136223194e-02 -3.427394056343e-01  2.383138205390e+00  5.614127586596e-01  2.083511636592e+00 -5.580618013628e-01  2.515145189129e+00  0.000000000000e+00 -2.515152729532e+00 -3.932092151877e-03 
 2.187761623950e+03  3.992764763534e-01  9.191931372043e-01  1.000000000000e+00  0.000000000000e+00  4.549769935693e-02 -3.352232210455e-01  2.388791108038e+00  5.499348252779e-01  2.066633148585e+00 -5.863375345943e-01  2.515145189129e+00  0.000000000000e+00 -2.511397278706e+00  2.367608965092e-03 
 2.238721138568e+03  4.149893184658e-01  9.336196149234e-01  1.000000000000e+00  0.000000000000e+00  4.348536615726e-02 -3.278595129959e-01  2.394214679487e+00  5.386369449552e-01  2.048908890923e+00 -6.141323961783e-01  2.515145189129e+00  0.000000000000e+00 -2.507373546052e+00  8.372260761833e-03 
 2.290867652768e+03  4.311945130466e-01  9.479954979615e-01  1.000000000000e+00  0.000000000000e+00  4.156053948100e-02 -3.206460057991e-01  2.399417189881e+00  5.275198605377e-01  2.030352538452e+00 -6.414193052333e-01  2.515145189129e+00  0.000000000000e+00 -2.503097578589e+00  1.406975679179e-02 
 2.344228815320e+03  4.478975729435e-01  9.623028193600e-01  1.000000000000e+00  0.000000000000e+00  3.971954387816e-02 -3.135804006015e-01  2.404406698886e+00  5.165840326808e-01  2.010978986276e+00 -6.681712274440e-01  2.515145189129e+00  0.000000000000e+00 -2.498586108754e+00  1.944873089049e-02 
 2.398832919019e+03  4.651032674010e-01  9.765229164623e-01  1.000000000000e+00  0.000000000000e+00  3.795884701685e-02 -3.066603807965e-01  2.409191052429e+00  5.058296592906e-01  1.990804396570e+00 -6.943612436298e-01  2.515145189129e+00  0.000000000000e+00 -2.493856535561e+00  2.449860996965e-02 
 2.454708915685e+03  4.828155589639e-01  9.906364555936e-01  1.000000000000e+00  0.000000000000e+00  3.627505512122e-02 -2.998836160987e-01  2.413777882699e+00  4.952566920547e-01  1.969846241409e+00 -7.199626285583e-01  2.515145189129e+00  0.000000000000e+00 -2.488926899787e+00  2.920967222463e-02 
 2.511886431510e+03  5.010375416605e-01  1.004623462912e+00  1.000000000000e+00  0.000000000000e+00  3.466490836581e-02 -2.932477674913e-01  2.418174605351e+00  4.848648541374e-01  1.948123335373e+00 -7.449489325518e-01  2.515145189129e+00  0.000000000000e+00 -2.483815850136e+00  3.357310283894e-02 
 2.570395782769e+03  5.197713785456e-01  1.018463361426e+00  1.000000000000e+00  0.000000000000e+00  3.312527649541e-02 -2.867504908936e-01  2.422388420906e+00  4.746536565945e-01  1.925655865809e+00 -7.692940712441e-01  2.515145189129e+00  0.000000000000e+00 -2.478542606679e+00  3.758105038723e-02 
 2.630267991895e+03  5.390182402916e-01  1.032135013258e+00  1.000000000000e+00  0.000000000000e+00  3.165315440128e-02 -2.803894406534e-01  2.426426315214e+00  4.646224135067e-01  1.902465412626e+00 -7.929724219721e-01  2.515145189129e+00  0.000000000000e+00 -2.473126914811e+00  4.122668446064e-02 
 2.691534803927e+03  5.587782455841e-01  1.045616767136e+00  1.000000000000e+00  0.000000000000e+00  3.024565780288e-02 -2.741622731555e-01  2.430295061786e+00  4.547702573473e-01  1.878574962495e+00 -8.159589220304e-01  2.515145189129e+00  0.000000000000e+00 -2.467588995526e+00  4.450425003255e-02 
 2.754228703338e+03  5.790504027391e-01  1.058886513580e+00  1.000000000000e+00  0.000000000000e+00  2.890001904598e-02 -2.680666500237e-01  2.434001218993e+00  4.450961527764e-01  1.854008909548e+00 -8.382291726302e-01  2.515145189129e+00  0.000000000000e+00 -2.461949483535e+00  4.740911943781e-02 
 2.818382931264e+03  5.998325539986e-01  1.071921745082e+00  1.000000000000e+00  0.000000000000e+00  2.761358296266e-02 -2.621002406231e-01  2.437551139854e+00  4.355989106698e-01  1.828793053981e+00 -8.597595473984e-01  2.515145189129e+00  0.000000000000e+00 -2.456229366025e+00  4.993784318780e-02 
 2.884031503127e+03  6.211213244824e-01  1.084699621890e+00  1.000000000000e+00  0.000000000000e+00  2.638380282224e-02 -2.562607250875e-01  2.440950967837e+00  4.262772001675e-01  1.802954581566e+00 -8.805273004109e-01  2.515145189129e+00  0.000000000000e+00 -2.450449907071e+00  5.208819525587e-02 
 2.951209226666e+03  6.429120717803e-01  1.097197045572e+00  1.000000000000e+00  0.000000000000e+00  2.520823638042e-02 -2.505457964435e-01  2.444206642918e+00  4.171295617125e-01  1.776522040367e+00 -9.005106758559e-01  2.515145189129e+00  0.000000000000e+00 -2.444632569998e+00  5.385921129044e-02 
 3.019951720402e+03  6.651988439262e-01  1.109390735393e+00  1.000000000000e+00  0.000000000000e+00  2.408454207762e-02 -2.449531628808e-01  2.447323906235e+00  4.081544177025e-01  1.749525303720e+00 -9.196890215389e-01  2.515145189129e+00  0.000000000000e+00 -2.438798934528e+00  5.525122802149e-02 
 3.090295432514e+03  6.879743391182e-01  1.121257313294e+00  1.000000000000e+00  0.000000000000e+00  2.301047524452e-02 -2.394805498188e-01  2.450308300555e+00  3.993500841316e-01  1.721995520638e+00 -9.380428943550e-01  2.515145189129e+00  0.000000000000e+00 -2.432970603119e+00  5.626590581590e-02 
 3.162277660168e+03  7.112298741704e-01  1.132773392135e+00  1.000000000000e+00  0.000000000000e+00  2.198388450051e-02 -2.341257015651e-01  2.453165178653e+00  3.907147803693e-01  1.693965060404e+00 -9.555541719310e-01  2.515145189129e+00  0.000000000000e+00 -2.427169110398e+00  5.690625373577e-02 
 3.235936569296e+03  7.349553568056e-01  1.143915668363e+00  1.000000000000e+00  0.000000000000e+00  2.100270818846e-02 -2.288863830618e-01  2.455899700988e+00  3.822466388228e-01  1.665467439219e+00 -9.722061519278e-01  2.515145189129e+00  0.000000000000e+00 -2.421415818550e+00  5.717663792028e-02 
 3.311311214826e+03  7.591392669128e-01  1.154661020963e+00  1.000000000000e+00  0.000000000000e+00  2.006497096227e-02 -2.237603813992e-01  2.458516847342e+00  3.739437144250e-01  1.636537242914e+00 -9.879836555338e-01  2.515145189129e+00  0.000000000000e+00 -2.415731817861e+00  5.708278763927e-02 
 3.388441561392e+03  7.837686451385e-01  1.164986611810e+00  1.000000000000e+00  0.000000000000e+00  1.916878044722e-02 -2.187455068924e-01  2.461021414027e+00  3.658039928414e-01  1.607210035203e+00 -1.002873116988e+00  2.515145189129e+00  0.000000000000e+00 -2.410137820237e+00  5.663178554348e-02 
 3.467368504525e+03  8.088290884625e-01  1.174869990209e+00  1.000000000000e+00  0.000000000000e+00  1.831232402401e-02 -2.138395945949e-01  2.463418025523e+00  3.578253988526e-01  1.577522260603e+00 -1.016862674267e+00  2.515145189129e+00  0.000000000000e+00 -2.404654054473e+00  5.583205532459e-02 
 3.548133892336e+03  8.343047568342e-01  1.184289200231e+00  1.000000000000e+00  0.000000000000e+00  1.749386569281e-02 -2.090405050549e-01  2.465711133089e+00  3.500058031641e-01  1.547511131968e+00 -1.029942244873e+00  2.515145189129e+00  0.000000000000e+00 -2.399300157295e+00  5.469333092350e-02 
 3.630780547701e+03  8.601783859776e-01  1.193222886650e+00  1.000000000000e+00  0.000000000000e+00  1.671174304647e-02 -2.043461254507e-01  2.467905022670e+00  3.423430305556e-01  1.517214515945e+00 -1.042103595566e+00  2.515145189129e+00  0.000000000000e+00 -2.394095068589e+00  5.322662146031e-02 
 3.715352290972e+03  8.864313124213e-01  1.201650406700e+00  1.000000000000e+00  0.000000000000e+00  1.596436436921e-02 -1.997543702018e-01  2.470003817696e+00  3.348348654108e-01  1.486670808168e+00 -1.053340403596e+00  2.515145189129e+00  0.000000000000e+00 -2.389056928731e+00  5.144416132151e-02 
 3.801893963206e+03  9.130435055122e-01  1.209551935317e+00  1.000000000000e+00  0.000000000000e+00  1.525020578629e-02 -1.952631819586e-01  2.472011487465e+00  3.274790588766e-01  1.455918804277e+00 -1.063648306299e+00  2.515145189129e+00  0.000000000000e+00 -2.384202978763e+00  4.935935550316e-02 
 3.890451449943e+03  9.399936114205e-01  1.216908574104e+00  1.000000000000e+00  0.000000000000e+00  1.456780856097e-02 -1.908705318638e-01  2.473931845743e+00  3.202733335784e-01  1.424997560214e+00 -1.073024934856e+00  2.515145189129e+00  0.000000000000e+00 -2.379549461998e+00  4.698670466886e-02 
 3.981071705535e+03  9.672590062255e-01  1.223702454707e+00  1.000000000000e+00  0.000000000000e+00  1.391577643881e-02 -1.865744203969e-01  2.475768561475e+00  3.132153897313e-01  1.393946258351e+00 -1.081469945842e+00  2.515145189129e+00  0.000000000000e+00 -2.375111540569e+00  4.434173416575e-02 
 4.073802778041e+03  9.948158571497e-01  1.229916841025e+00  1.000000000000e+00  0.000000000000e+00  1.329277312288e-02 -1.823728774907e-01  2.477525158785e+00  3.063029097393e-01  1.362804061035e+00 -1.088985029608e+00  2.515145189129e+00  0.000000000000e+00 -2.370903207694e+00  4.144090031058e-02 
 4.168693834703e+03  1.022639195551e+00  1.235536225606e+00  1.000000000000e+00  0.000000000000e+00  1.269751981818e-02 -1.782639631128e-01  2.479205024894e+00  2.995335629676e-01  1.331609969027e+00 -1.095573914470e+00  2.515145189129e+00  0.000000000000e+00 -2.366937216648e+00  3.830149877124e-02 
 4.265795188016e+03  1.050702997716e+00  1.240546421614e+00  1.000000000000e+00  0.000000000000e+00  1.212879287596e-02 -1.742457674991e-01  2.480811412446e+00  2.929050099920e-01  1.300402678316e+00 -1.101242353907e+00  2.515145189129e+00  0.000000000000e+00 -2.363225016008e+00  3.494156002616e-02 
 4.365158322402e+03  1.078980274266e+00  1.244934648508e+00  1.000000000000e+00  0.000000000000e+00  1.158542151825e-02 -1.703164112987e-01  2.482347445097e+00  2.864149063826e-01  1.269220435759e+00 -1.105998101877e+00  2.515145189129e+00  0.000000000000e+00 -2.359776692436e+00  3.137973914859e-02 
 4.466835921510e+03  1.107443168759e+00  1.248689608416e+00  1.000000000000e+00  0.000000000000e+00  1.106628564776e-02 -1.664740458073e-01  2.483816121239e+00  2.800609067199e-01  1.238100902643e+00 -1.109850876266e+00  2.515145189129e+00  0.000000000000e+00 -2.356600930646e+00  2.763520311700e-02 
 4.570881896149e+03  1.136063060723e+00  1.251801558770e+00  1.000000000000e+00  0.000000000000e+00  1.057031374148e-02 -1.627168529085e-01  2.485220319591e+00  2.738406675635e-01  1.207081016852e+00 -1.112812311389e+00  2.515145189129e+00  0.000000000000e+00 -2.353704976496e+00  2.372751061676e-02 
 4.677351412872e+03  1.164810680319e+00  1.254262370523e+00  1.000000000000e+00  0.000000000000e+00  1.009648082800e-02 -1.590430453361e-01  2.486562801525e+00  2.677518507116e-01  1.176196861546e+00 -1.114895895356e+00  2.515145189129e+00  0.000000000000e+00 -2.351094618315e+00  1.967649146343e-02 
 4.786300923226e+03  1.193656223128e+00  1.256065582624e+00  1.000000000000e+00  0.000000000000e+00  9.643806528402e-03 -1.554508664703e-01  2.487846216187e+00  2.617921262281e-01  1.145483543398e+00 -1.116116900695e+00  2.515145189129e+00  0.000000000000e+00 -2.348774177957e+00  1.550212253364e-02 
 4.897788193684e+03  1.222569473553e+00  1.257206439273e+00  1.000000000000e+00  0.000000000000e+00  9.211353197315e-03 -1.519385904539e-01  2.489073105156e+00  2.559591747413e-01  1.114975072443e+00 -1.116492303088e+00  2.515145189129e+00  0.000000000000e+00 -2.346746512208e+00  1.122440937118e-02 
 5.011872336273e+03  1.251519930549e+00  1.257681924384e+00  1.000000000000e+00  0.000000000000e+00  8.798224103884e-03 -1.485045219306e-01  2.490245905239e+00  2.502506900637e-01  1.084704254754e+00 -1.116040690104e+00  2.515145189129e+00  0.000000000000e+00 -2.345013029355e+00  6.863260197008e-03 
 5.128613839914e+03  1.280476935208e+00  1.257490779040e+00  1.000000000000e+00  0.000000000000e+00  8.403561718296e-03 -1.451469960448e-01  2.491366953589e+00  2.446643812000e-01  1.054702592781e+00 -1.114782163873e+00  2.515145189129e+00  0.000000000000e+00 -2.343573715412e+00  2.438371124236e-03 
 5.248074602498e+03  1.309409800917e+00  1.256633509183e+00  1.000000000000e+00  0.000000000000e+00  8.026546033761e-03 -1.418643782381e-01  2.492438487709e+00  2.391979746171e-01  1.025000191410e+00 -1.112738231895e+00  2.515145189129e+00  0.000000000000e+00 -2.342427168652e+00 -2.030890926151e-03 
 5.370317963702e+03  1.338287943741e+00  1.255112383515e+00  1.000000000000e+00  0.000000000000e+00  7.666392980354e-03 -1.386550639872e-01  2.493462656159e+00  2.338492155250e-01  9.956256836886e-01 -1.109931700164e+00  2.515145189129e+00  0.000000000000e+00 -2.341570654128e+00 -6.525593260574e-03 
 5.495408738576e+03  1.367081010249e+00  1.252931418363e+00  1.000000000000e+00  0.000000000000e+00  7.322352888878e-03 -1.355174787459e-01  2.494441515300e+00  2.286158700590e-01  9.666061556200e-01 -1.106386551633e+00  2.515145189129e+00  0.000000000000e+00 -2.341000154757e+00 -1.102734387426e-02 
 5.623413251903e+03  1.395759006031e+00  1.250096351840e+00  1.000000000000e+00  0.000000000000e+00  6.993709016569e-03 -1.324500775954e-01  2.495377036277e+00  2.234957264736e-01  9.379670907510e-01 -1.102127827471e+00  2.515145189129e+00  0.000000000000e+00 -2.340710442957e+00 -1.551838469952e-02 
 5.754399373372e+03  1.424292417709e+00  1.246614607051e+00  1.000000000000e+00  0.000000000000e+00  6.679776147394e-03 -1.294513448665e-01  2.496271107811e+00  2.184865963645e-01  9.097323217429e-01 -1.097181503428e+00  2.515145189129e+00  0.000000000000e+00 -2.340695152818e+00 -1.998167882961e-02 
 5.888436553556e+03  1.452652334701e+00  1.242495245300e+00  1.000000000000e+00  0.000000000000e+00  6.379899220519e-03 -1.265197941393e-01  2.497125537600e+00  2.135863160656e-01  8.819239927689e-01 -1.091574364109e+00  2.515145189129e+00  0.000000000000e+00 -2.340946862903e+00 -2.440098944800e-02 
 6.025595860744e+03  1.480810560985e+00  1.237748908810e+00  1.000000000000e+00  0.000000000000e+00  6.093452047935e-03 -1.236539676465e-01  2.497942057438e+00  2.087927475222e-01  8.545625355328e-01 -1.085333877010e+00  2.515145189129e+00  0.000000000000e+00 -2.341457182736e+00 -2.876094910972e-02 
 6.165950018615e+03  1.508739724988e+00  1.232387754833e+00  1.000000000000e+00  0.000000000000e+00  5.819836060255e-03 -1.208524360845e-01  2.498722326476e+00  2.041037792515e-01  8.276666532038e-01 -1.078488069354e+00  2.515145189129e+00  0.000000000000e+00 -2.342216845385e+00 -3.304711720670e-02 
 6.309573444802e+03  1.536413379014e+00  1.226425380213e+00  1.000000000000e+00  0.000000000000e+00  5.558479110732e-03 -1.181137983658e-01  2.499467933085e+00  1.995173272444e-01  8.012533162255e-01 -1.071065403521e+00  2.515145189129e+00  0.000000000000e+00 -2.343215801487e+00 -3.724602934220e-02 
 6.456542290347e+03  1.563806094462e+00  1.219876739895e+00  1.000000000000e+00  0.000000000000e+00  5.308834339303e-03 -1.154366810078e-01  2.500180397183e+00  1.950313355483e-01  7.753377679037e-01 -1.063094655517e+00  2.515145189129e+00  0.000000000000e+00 -2.344443318932e+00 -4.134523798868e-02 
 6.606934480076e+03  1.590893544722e+00  1.212758057285e+00  1.000000000000e+00  0.000000000000e+00  5.070379068457e-03 -1.128197380749e-01  2.500861174427e+00  1.906437768484e-01  7.499335387256e-01 -1.054604799720e+00  2.515145189129e+00  0.000000000000e+00 -2.345888078964e+00 -4.533333815732e-02 
 6.760829753920e+03  1.617652581772e+00  1.205086730188e+00  1.000000000000e+00  0.000000000000e+00  4.842613757319e-03 -1.102616505959e-01  2.501511657611e+00  1.863526531379e-01  7.250524699921e-01 -1.045624892809e+00  2.515145189129e+00  0.000000000000e+00 -2.347538275368e+00 -4.919998998244e-02 
 6.918309709189e+03  1.644061302766e+00  1.196881229756e+00  1.000000000000e+00  0.000000000000e+00  4.625060986655e-03 -1.077611262735e-01  2.502133180387e+00  1.821559958917e-01  7.007047457155e-01 -1.036183968652e+00  2.515145189129e+00  0.000000000000e+00 -2.349381711941e+00 -5.293592308712e-02 
 7.079457843841e+03  1.670099106850e+00  1.188160999445e+00  1.000000000000e+00  0.000000000000e+00  4.417264503900e-03 -1.053168990766e-01  2.502727018204e+00  1.780518666783e-01  6.768989316188e-01 -1.026310931542e+00  2.515145189129e+00  0.000000000000e+00 -2.351405897349e+00 -5.653294269495e-02 
 7.244359600750e+03  1.695746742887e+00  1.178946345346e+00  1.000000000000e+00  0.000000000000e+00  4.218788292746e-03 -1.029277289053e-01  2.503294392489e+00  1.740383573633e-01  6.536420214688e-01 -1.016034462606e+00  2.515145189129e+00  0.000000000000e+00 -2.353598138256e+00 -5.998391389945e-02 
 7.413102413009e+03  1.720986345783e+00  1.169258333044e+00  1.000000000000e+00  0.000000000000e+00  4.029215690480e-03 -1.005924010533e-01  2.503836471122e+00  1.701135901094e-01  6.309394878335e-01 -1.005382926669e+00  2.515145189129e+00  0.000000000000e+00 -2.355945625524e+00 -6.328275219086e-02 
 7.585775750292e+03  1.745801466051e+00  1.159118674695e+00  1.000000000000e+00  0.000000000000e+00  3.848148539873e-03 -9.830972598866e-02  2.504354371224e+00  1.662757178419e-01  6.087953404058e-01 -9.943842890207e-01  2.515145189129e+00  0.000000000000e+00 -2.358435521255e+00 -6.642439398859e-02 
 7.762471166287e+03  1.770177086117e+00  1.148549623555e+00  1.000000000000e+00  0.000000000000e+00  3.675206378375e-03 -9.607853881607e-02  2.504849161487e+00  1.625229240453e-01  5.872121867724e-01 -9.830660374137e-01  2.515145189129e+00  0.000000000000e+00 -2.361055035047e+00 -6.940476970576e-02 
 7.943282347243e+03  1.794099631021e+00  1.137573865009e+00  1.000000000000e+00  0.000000000000e+00  3.510025661853e-03 -9.389769894187e-02  2.505321865436e+00  1.588534231123e-01  5.661912976066e-01 -9.714551123325e-01  2.515145189129e+00  0.000000000000e+00 -2.363791499123e+00 -7.222076485206e-02 
 8.128305161641e+03  1.817556967493e+00  1.126214412274e+00  1.000000000000e+00  0.000000000000e+00  3.352259019721e-03 -9.176608966663e-02  2.505773460492e+00  1.552654599946e-01  5.457326752366e-01 -9.595778430812e-01  2.515145189129e+00  0.000000000000e+00 -2.366632435220e+00 -7.487018004528e-02 
 8.317637711027e+03  1.840538395802e+00  1.114494503243e+00  1.000000000000e+00  0.000000000000e+00  3.201574544619e-03 -8.968261771952e-02  2.506204883102e+00  1.517573103774e-01  5.258351240773e-01 -9.474598912057e-01  2.515145189129e+00  0.000000000000e+00 -2.369565616161e+00 -7.735168491098e-02 
 8.511380382024e+03  1.863034634618e+00  1.102437500609e+00  1.000000000000e+00  0.000000000000e+00  3.057655111661e-03 -8.764621293813e-02  2.506617026869e+00  1.483272805344e-01  5.064963217592e-01 -9.351262009004e-01  2.515145189129e+00  0.000000000000e+00 -2.372579121172e+00 -7.966476811147e-02 
 8.709635899561e+03  1.885037796805e+00  1.090066797333e+00  1.000000000000e+00  0.000000000000e+00  2.920197726326e-03 -8.565582777373e-02  2.507010747679e+00  1.449737072689e-01  4.877128935186e-01 -9.226009560516e-01  2.515145189129e+00  0.000000000000e+00 -2.375661385404e+00 -8.180968626875e-02 
 8.912509381337e+03  1.906541358447e+00  1.077405727236e+00  1.000000000000e+00  0.000000000000e+00  2.788912900087e-03 -8.371043701482e-02  2.507386863697e+00  1.416949574486e-01  4.694804845494e-01 -9.099075443810e-01  2.515145189129e+00  0.000000000000e+00 -2.378801240691e+00 -8.378741069016e-02 
 9.120108393559e+03  1.927540123696e+00  1.064477475593e+00  1.000000000000e+00  0.000000000000e+00  2.663524056061e-03 -8.180903723405e-02  2.507746156305e+00  1.384894282965e-01  4.517938336357e-01 -8.970685260138e-01  2.515145189129e+00  0.000000000000e+00 -2.381987953436e+00 -8.559956994678e-02 
 9.332543007970e+03  1.948030182859e+00  1.051305001602e+00  1.000000000000e+00  0.000000000000e+00  2.543766956933e-03 -7.995064646821e-02  2.508089374751e+00  1.353555467504e-01  4.346468462027e-01 -8.841056119418e-01  2.515145189129e+00  0.000000000000e+00 -2.385211255174e+00 -8.724839419802e-02 
 9.549925860214e+03  1.968008865369e+00  1.037910963641e+00  1.000000000000e+00  0.000000000000e+00  2.429389158351e-03 -7.813430385431e-02  2.508417234290e+00  1.322917693178e-01  4.180326650385e-01 -8.710396433016e-01  2.515145189129e+00  0.000000000000e+00 -2.388461365721e+00 -8.873666153889e-02 
 9.772372209558e+03  1.987474687630e+00  1.024317648029e+00  1.000000000000e+00  0.000000000000e+00  2.320149488696e-03 -7.635906916403e-02  2.508730417117e+00  1.292965820321e-01  4.019437405514e-01 -8.578905785689e-01  2.515145189129e+00  0.000000000000e+00 -2.391729010754e+00 -9.006764002545e-02 
 1.000000000000e+04  2.006427302957e+00  1.010546908714e+00  1.000000000000e+00  0.000000000000e+00  2.215817547494e-03 -7.462402249803e-02  2.509029577021e+00  1.263684998703e-01  3.863718998036e-01 -8.446774871554e-01  2.515145189129e+00  0.000000000000e+00 -2.395005440286e+00 -9.124503408029e-02 
 1.023292992281e+04  2.024867438944e+00  9.966201090720e-01  1.000000000000e+00  0.000000000000e+00  2.116173229751e-03 -7.292826374760e-02  2.509315339383e+00  1.235060665495e-01  3.713084116462e-01 -8.314185453346e-01  2.515145189129e+00  0.000000000000e+00 -2.398282430690e+00 -9.227293089803e-02 
 1.047128548051e+04  2.042796844151e+00  9.825580707984e-01  1.000000000000e+00  0.000000000000e+00  2.021006268933e-03 -7.127091242000e-02  2.509588301182e+00  1.207078543521e-01  3.567440513871e-01 -8.181310368236e-01  2.515145189129e+00  0.000000000000e+00 -2.401552295598e+00 -9.315574893179e-02 
 1.071519305238e+04  2.060218222672e+00  9.683810297865e-01  1.000000000000e+00  0.000000000000e+00  1.930115798814e-03 -6.965110708552e-02  2.509849033318e+00  1.179724635440e-01  3.426691610948e-01 -8.048313584877e-01  2.515145189129e+00  0.000000000000e+00 -2.404807880334e+00 -9.389818862055e-02 
 1.096478196143e+04  2.077135173138e+00  9.541085967794e-01  1.000000000000e+00  0.000000000000e+00  1.843309937158e-03 -6.806800505728e-02  2.510098080616e+00  1.152985221270e-01  3.290737088537e-01 -7.915350275580e-01  2.515145189129e+00  0.000000000000e+00 -2.408042559759e+00 -9.450518614339e-02 
 1.122018454302e+04  2.093552129809e+00  9.397597244242e-01  1.000000000000e+00  0.000000000000e+00  1.760405385312e-03 -6.652078208572e-02  2.510335965548e+00  1.126846855768e-01  3.159473441774e-01 -7.782566953683e-01  2.515145189129e+00  0.000000000000e+00 -2.411250234371e+00 -9.498186704271e-02 
 1.148153621497e+04  2.109474294819e+00  9.253526789835e-01  1.000000000000e+00  0.000000000000e+00  1.681227047584e-03 -6.500863189285e-02  2.510563185439e+00  1.101296363340e-01  3.032794505125e-01 -7.650101602776e-01  2.515145189129e+00  0.000000000000e+00 -2.414425314678e+00 -9.533350547900e-02 
 1.174897554940e+04  2.124907579739e+00  9.109050185652e-01  1.000000000000e+00  0.000000000000e+00  1.605607665397e-03 -6.353076588857e-02  2.510780218057e+00  1.076320834836e-01  2.910591954715e-01 -7.518083857140e-01  2.515145189129e+00  0.000000000000e+00 -2.417562712625e+00 -9.556548470078e-02 
 1.202264434617e+04  2.139858544804e+00  8.964335751953e-01  1.000000000000e+00  0.000000000000e+00  1.533387468953e-03 -6.208641277044e-02  2.510987516958e+00  1.051907623769e-01  2.792755768169e-01 -7.386635179864e-01  2.515145189129e+00  0.000000000000e+00 -2.420657826459e+00 -9.568326170535e-02 
 1.230268770812e+04  2.154334335122e+00  8.819544424769e-01  1.000000000000e+00  0.000000000000e+00  1.464413842768e-03 -6.067481818172e-02  2.511185518000e+00  1.028044341656e-01  2.679174666991e-01 -7.255869094515e-01  2.515145189129e+00  0.000000000000e+00 -2.423706520838e+00 -9.569233207428e-02 
 1.258925411794e+04  2.168342624325e+00  8.674829669762e-01  1.000000000000e+00  0.000000000000e+00  1.398541008029e-03 -5.929524438397e-02  2.511374637019e+00  1.004718855838e-01  2.569736520236e-01 -7.125891397009e-01  2.515145189129e+00  0.000000000000e+00 -2.426705110536e+00 -9.559820049860e-02 
 1.288249551693e+04  2.181891560555e+00  8.530337443808e-01  1.000000000000e+00  0.000000000000e+00  1.335629716323e-03 -5.794696989324e-02  2.511555269826e+00  9.819192830764e-02  2.464328721981e-01 -6.996800400084e-01  2.515145189129e+00  0.000000000000e+00 -2.429650343868e+00 -9.540635285377e-02 
 1.318256738556e+04  2.194989703596e+00  8.386206197320e-01  1.000000000000e+00  0.000000000000e+00  1.275546960187e-03 -5.662928915262e-02  2.511727798264e+00  9.596339876589e-02  2.362838542031e-01 -6.868687191745e-01  2.515145189129e+00  0.000000000000e+00 -2.432539374601e+00 -9.512223091588e-02 
 1.348962882592e+04  2.207645982504e+00  8.242566892877e-01  1.000000000000e+00  0.000000000000e+00  1.218165692308e-03 -5.534151221946e-02  2.511892582756e+00  9.378515761637e-02  2.265153439366e-01 -6.741635875078e-01  2.515145189129e+00  0.000000000000e+00 -2.435369750654e+00 -9.475121055563e-02 
 1.380384264603e+04  2.219869635534e+00  8.099543080898e-01  1.000000000000e+00  0.000000000000e+00  1.163364561762e-03 -5.408296441601e-02  2.512049971614e+00  9.165608936746e-02  2.171161363658e-01 -6.615723859286e-01  2.515145189129e+00  0.000000000000e+00 -2.438139383904e+00 -9.429858055087e-02 
 1.412537544623e+04  2.231670167297e+00  7.957250989275e-01  1.000000000000e+00  0.000000000000e+00  1.111027658226e-03 -5.285298603121e-02  2.512200294994e+00  8.957510199980e-02  2.080751011963e-01 -6.491022106493e-01  2.515145189129e+00  0.000000000000e+00 -2.440846532766e+00 -9.376952716890e-02 
 1.445439770746e+04  2.243057302665e+00  7.815799638629e-01  1.000000000000e+00  0.000000000000e+00  1.061044269591e-03 -5.165093197138e-02  2.512343869545e+00  8.754112650058e-02  1.993812076980e-01 -6.367595412303e-01  2.515145189129e+00  0.000000000000e+00 -2.443489780673e+00 -9.316911798477e-02 
 1.479108388168e+04  2.254040942527e+00  7.675290983170e-01  1.000000000000e+00  0.000000000000e+00  1.013308648567e-03 -5.047617151286e-02  2.512480997480e+00  8.555311655800e-02  1.910235460964e-01 -6.245502678212e-01  2.515145189129e+00  0.000000000000e+00 -2.446068013000e+00 -9.250228897384e-02 
 1.513561248436e+04  2.264631123282e+00  7.535820072517e-01  1.000000000000e+00  0.000000000000e+00  9.677197923565e-04 -4.932808794547e-02  2.512611967511e+00  8.361004805192e-02  1.829913467809e-01 -6.124797182856e-01  2.515145189129e+00  0.000000000000e+00 -2.448580395534e+00 -9.177383392526e-02 
 1.548816618912e+04  2.274837980047e+00  7.397475229809e-01  1.000000000000e+00  0.000000000000e+00  9.241812293794e-04 -4.820607826696e-02  2.512737056240e+00  8.171091870463e-02  1.752739980875e-01 -6.005526848603e-01  2.515145189129e+00  0.000000000000e+00 -2.451026355258e+00 -9.098839590006e-02 
 1.584893192461e+04  2.284671712667e+00  7.260338236811e-01  1.000000000000e+00  0.000000000000e+00  8.826008171354e-04 -4.710955297924e-02  2.512856526300e+00  7.985474770248e-02  1.678610607632e-01 -5.887734501157e-01  2.515145189129e+00  0.000000000000e+00 -2.453405560625e+00 -9.015045998429e-02 
 1.621810097359e+04  2.294142548461e+00  7.124484544620e-01  1.000000000000e+00  0.000000000000e+00  8.428905479150e-04 -4.603793567367e-02  2.512970629614e+00  7.804057523026e-02  1.607422817324e-01 -5.771458147792e-01  2.515145189129e+00  0.000000000000e+00 -2.455717897869e+00 -8.926434695172e-02 
 1.659586907438e+04  2.303260716610e+00  6.989983484382e-01  1.000000000000e+00  0.000000000000e+00  8.049663641714e-04 -4.499066284916e-02  2.513079607394e+00  7.626746213646e-02  1.539076054178e-01 -5.656731216004e-01  2.515145189129e+00  0.000000000000e+00 -2.457963456538e+00 -8.833421065177e-02 
 1.698243652462e+04  2.312036419287e+00  6.856898483820e-01  1.000000000000e+00  0.000000000000e+00  7.687479820788e-04 -4.396718358475e-02  2.513183689211e+00  7.453448954038e-02  1.473471833742e-01 -5.543582811952e-01  2.515145189129e+00  0.000000000000e+00 -2.460142510074e+00 -8.736403414597e-02 
 1.737800828749e+04  2.320479803253e+00  6.725287300069e-01  1.000000000000e+00  0.000000000000e+00  7.341587219116e-04 -4.296695931407e-02  2.513283094391e+00  7.284075841017e-02  1.410513825540e-01 -5.432037966093e-01  2.515145189129e+00  0.000000000000e+00 -2.462255495507e+00 -8.635762865300e-02 
 1.778279410039e+04  2.328600943554e+00  6.595202246681e-01  1.000000000000e+00  0.000000000000e+00  7.011253464952e-04 -4.198946349788e-02  2.513378033414e+00  7.118538924260e-02  1.350107921753e-01 -5.322117861360e-01  2.515145189129e+00  0.000000000000e+00 -2.464303003864e+00 -8.531863375963e-02 
 1.819700858610e+04  2.336409813259e+00  6.466690422967e-01  1.000000000000e+00  0.000000000000e+00  6.695779076153e-04 -4.103418139130e-02  2.513468705583e+00  6.956752156839e-02  1.292162288883e-01 -5.213840071810e-01  2.515145189129e+00  0.000000000000e+00 -2.466285754912e+00 -8.425051672230e-02 
 1.862087136663e+04  2.343916273676e+00  6.339793953812e-01  1.000000000000e+00  0.000000000000e+00  6.394495984523e-04 -4.010060981818e-02  2.513555302750e+00  6.798631373385e-02  1.236587411549e-01 -5.107218777994e-01  2.515145189129e+00  0.000000000000e+00 -2.468204591611e+00 -8.315657513732e-02 
 1.905460717963e+04  2.351130052935e+00  6.214550220175e-01  1.000000000000e+00  0.000000000000e+00  6.106766127232e-04 -3.918825687288e-02  2.513638008852e+00  6.644094239164e-02  1.183296122617e-01 -5.002264985233e-01  2.515145189129e+00  0.000000000000e+00 -2.470060461568e+00 -8.203993846158e-02 
 1.949844599758e+04  2.358060731553e+00  6.090992084937e-01  1.000000000000e+00  0.000000000000e+00  5.831980101902e-04 -3.829664169461e-02  2.513716997113e+00  6.493060220237e-02  1.132203621382e-01 -4.898986723274e-01  2.515145189129e+00  0.000000000000e+00 -2.471854404283e+00 -8.090357085742e-02 
 1.995262314969e+04  2.364717728924e+00  5.969148130389e-01  1.000000000000e+00  0.000000000000e+00  5.569555877400e-04 -3.742529423471e-02  2.513792435173e+00  6.345450549998e-02  1.083227486815e-01 -4.797389249434e-01  2.515145189129e+00  0.000000000000e+00 -2.473587538843e+00 -7.975027485971e-02 
 2.041737944670e+04  2.371110294014e+00  5.849042878253e-01  1.000000000000e+00  0.000000000000e+00  5.318937575112e-04 -3.657375500916e-02  2.513864481822e+00  6.201188186242e-02  1.036287677998e-01 -4.697475233697e-01  2.515145189129e+00  0.000000000000e+00 -2.475261054527e+00 -7.858269511567e-02 
 2.089296130854e+04  2.377247494180e+00  5.730697009712e-01  1.000000000000e+00  0.000000000000e+00  5.079594293420e-04 -3.574157485855e-02  2.513933290262e+00  6.060197780607e-02  9.913065301953e-02 -4.599244943820e-01  2.515145189129e+00  0.000000000000e+00 -2.476876199124e+00 -7.740332211742e-02 
 2.137962089502e+04  2.383138205390e+00  5.614127585432e-01  1.000000000000e+00  0.000000000000e+00  4.851018979934e-04 -3.492831474432e-02  2.513999005314e+00  5.922405647289e-02  9.482087405922e-02 -4.502696411801e-01  2.515145189129e+00  0.000000000000e+00 -2.478434267611e+00 -7.621449776079e-02 
 2.187761623950e+04  2.388791108038e+00  5.499348253943e-01  1.000000000000e+00  0.000000000000e+00  4.632727371927e-04 -3.413354550867e-02  2.514061765280e+00  5.787739719381e-02  9.069213508337e-02 -4.407825602102e-01  2.515145189129e+00  0.000000000000e+00 -2.479936596112e+00 -7.501841960175e-02 
 2.238721138568e+04  2.394214679487e+00  5.386369449552e-01  1.000000000000e+00  0.000000000000e+00  4.424256966900e-04 -3.335684766353e-02  2.514121703804e+00  5.656129525596e-02  8.673737233039e-02 -4.314626571722e-01  2.515145189129e+00  0.000000000000e+00 -2.481384551976e+00 -7.381714485088e-02 
 2.290867652768e+04  2.399417189881e+00  5.275198604213e-01  1.000000000000e+00  0.000000000000e+00  4.225166048855e-04 -3.259781115776e-02  2.514178947080e+00  5.527506150247e-02  8.294975114404e-02 -4.223091609892e-01  2.515145189129e+00  0.000000000000e+00 -2.482779526512e+00 -7.261259782392e-02 
 2.344228815320e+04  2.404406698421e+00  5.165840326226e-01  1.000000000000e+00  0.000000000000e+00  4.035032756633e-04 -3.185603521342e-02  2.514233616646e+00  5.401802207052e-02  7.932266272837e-02 -4.133211387671e-01  2.515145189129e+00  0.000000000000e+00 -2.484122927933e+00 -7.140657301586e-02 
 2.398832919019e+04  2.409191052429e+00  5.058296592906e-01  1.000000000000e+00  0.000000000000e+00  3.853454188061e-04 -3.113112808569e-02  2.514285828453e+00  5.278951798391e-02  7.584972040786e-02 -4.044975087745e-01  2.515145189129e+00  0.000000000000e+00 -2.485416176591e+00 -7.020074162744e-02 
 2.454708915685e+04  2.413777882233e+00  4.952566920547e-01  1.000000000000e+00  0.000000000000e+00  3.680045554120e-04 -3.042270685910e-02  2.514335691929e+00  5.158890494931e-02  7.252475565474e-02 -3.958370530745e-01  2.515145189129e+00  0.000000000000e+00 -2.486660695801e+00 -6.899665613446e-02 
 2.511886431510e+04  2.418174605351e+00  4.848648541374e-01  1.000000000000e+00  0.000000000000e+00  3.514439361538e-04 -2.973039726567e-02  2.514383312780e+00  5.041555294156e-02  6.934181382530e-02 -3.873384293402e-01  2.515145189129e+00  0.000000000000e+00 -2.487857911681e+00 -6.779575634856e-02 
 2.570395782769e+04  2.422388420906e+00  4.746536565945e-01  1.000000000000e+00  0.000000000000e+00  3.356284639722e-04 -2.905383349935e-02  2.514428792056e+00  4.926884599263e-02  6.629514963424e-02 -3.790001828456e-01  2.515145189129e+00  0.000000000000e+00 -2.489009242967e+00 -6.659937385198e-02 
 2.630267991895e+04  2.426426315214e+00  4.646224134485e-01  1.000000000000e+00  0.000000000000e+00  3.205246196103e-04 -2.839265801595e-02  2.514472226612e+00  4.814818182786e-02  6.337922252715e-02 -3.708207562449e-01  2.515145189129e+00  0.000000000000e+00 -2.490116101897e+00 -6.540873755269e-02 
 2.691534803927e+04  2.430295061786e+00  4.547702573473e-01  1.000000000000e+00  0.000000000000e+00  3.061003908442e-04 -2.774652134394e-02  2.514513706788e+00  4.705297161127e-02  6.058869170374e-02 -3.627984997584e-01  2.515145189129e+00  0.000000000000e+00 -2.491179889161e+00 -6.422497934505e-02 
 2.754228703338e+04  2.434001218993e+00  4.450961528346e-01  1.000000000000e+00  0.000000000000e+00  2.923252048959e-04 -2.711508191715e-02  2.514553321991e+00  4.598263963999e-02  5.791841136670e-02 -3.549316810677e-01  2.515145189129e+00  0.000000000000e+00 -2.492201986757e+00 -6.304913765322e-02 
 2.818382931264e+04  2.437551139854e+00  4.355989106698e-01  1.000000000000e+00  0.000000000000e+00  2.791698636315e-04 -2.649800589643e-02  2.514591155108e+00  4.493662306777e-02  5.536342541018e-02 -3.472184933489e-01  2.515145189129e+00  0.000000000000e+00 -2.493183762393e+00 -6.188216389579e-02 
 2.884031503127e+04  2.440950967837e+00  4.262772002257e-01  1.000000000000e+00  0.000000000000e+00  2.666064817163e-04 -2.589496699511e-02  2.514627286699e+00  4.391437162849e-02  5.291896250128e-02 -3.396570643527e-01  2.515145189129e+00  0.000000000000e+00 -2.494126560314e+00 -6.072492597828e-02 
 2.951209226666e+04  2.444206642918e+00  4.171295616543e-01  1.000000000000e+00  0.000000000000e+00  2.546084279800e-04 -2.530564629706e-02  2.514661792666e+00  4.291534736694e-02  5.058043082681e-02 -3.322454633308e-01  2.515145189129e+00  0.000000000000e+00 -2.495031702046e+00 -5.957821371362e-02 
 3.019951720402e+04  2.447323905770e+00  4.081544177025e-01  1.000000000000e+00  0.000000000000e+00  2.431502687728e-04 -2.472973212207e-02  2.514694746584e+00  4.193902439874e-02  4.834341295646e-02 -3.249817090109e-01  2.515145189129e+00  0.000000000000e+00 -2.495900485393e+00 -5.844274279852e-02 
 3.090295432514e+04  2.450308300555e+00  3.993500841316e-01  1.000000000000e+00  0.000000000000e+00  2.322077142196e-04 -2.416691983672e-02  2.514726218767e+00  4.098488858290e-02  4.620366062591e-02 -3.178637759993e-01  2.515145189129e+00  0.000000000000e+00 -2.496734181958e+00 -5.731915901895e-02 
 3.162277660168e+04  2.453165178653e+00  3.907147803693e-01  1.000000000000e+00  0.000000000000e+00  2.217575668908e-04 -2.361691170518e-02  2.514756274410e+00  4.005243731808e-02  4.415708960732e-02 -3.108896009508e-01  2.515145189129e+00  0.000000000000e+00 -2.497534035691e+00 -5.620804288120e-02 
 3.235936569296e+04  2.455899700988e+00  3.822466388810e-01  1.000000000000e+00  0.000000000000e+00  2.117776725470e-04 -2.307941673644e-02  2.514784978237e+00  3.914117929526e-02  4.219977460161e-02 -3.040570887388e-01  2.515145189129e+00  0.000000000000e+00 -2.498301260057e+00 -5.510991296618e-02 
 3.311311214826e+04  2.458516847342e+00  3.739437144832e-01  1.000000000000e+00  0.000000000000e+00  2.022468735277e-04 -2.255415053878e-02  2.514812390786e+00  3.825063422846e-02  4.032794413797e-02 -2.973641179269e-01  2.515145189129e+00  0.000000000000e+00 -2.499037042206e+00 -5.402522991656e-02 
 3.388441561392e+04  2.461021414027e+00  3.658039928996e-01  1.000000000000e+00  0.000000000000e+00  1.931449637311e-04 -2.204083515244e-02  2.514838570263e+00  3.738033262198e-02  3.853797553893e-02 -2.908085455419e-01  2.515145189129e+00  0.000000000000e+00 -2.499742535559e+00 -5.295440038761e-02 
 3.467368504525e+04  2.463418025523e+00  3.578253987944e-01  1.000000000000e+00  0.000000000000e+00  1.844526458399e-04 -2.153919893317e-02  2.514863572083e+00  3.652981553751e-02  3.682639003091e-02 -2.843882119050e-01  2.515145189129e+00  0.000000000000e+00 -2.500418866525e+00 -5.189778036506e-02 
 3.548133892336e+04  2.465711133089e+00  3.500058031641e-01  1.000000000000e+00  0.000000000000e+00  1.761514905922e-04 -2.104897637400e-02  2.514887448866e+00  3.569863434677e-02  3.518984785478e-02 -2.781009454047e-01  2.515145189129e+00  0.000000000000e+00 -2.501067128166e+00 -5.085567796265e-02 
 3.630780547701e+04  2.467905022670e+00  3.423430304974e-01  1.000000000000e+00  0.000000000000e+00  1.682238977878e-04 -2.056990801066e-02  2.514910251368e+00  3.488635052781e-02  3.362514344917e-02 -2.719445658149e-01  2.515145189129e+00  0.000000000000e+00 -2.501688383263e+00 -4.982835735843e-02 
 3.715352290972e+04  2.470003817696e+00  3.348348654690e-01  1.000000000000e+00  0.000000000000e+00  1.606530587424e-04 -2.010174024326e-02  2.514932028018e+00  3.409253544669e-02  3.212920085571e-02 -2.659168887767e-01  2.515145189129e+00  0.000000000000e+00 -2.502283662476e+00 -4.881604118489e-02 
 3.801893963206e+04  2.472011487465e+00  3.274790588184e-01  1.000000000000e+00  0.000000000000e+00  1.534229210165e-04 -1.964422523815e-02  2.514952824917e+00  3.331677010283e-02  3.069906902601e-02 -2.600157285633e-01  2.515145189129e+00  0.000000000000e+00 -2.502853967997e+00 -4.781891374131e-02 
 3.890451449943e+04  2.473931845743e+00  3.202733335784e-01  1.000000000000e+00  0.000000000000e+00  1.465181543381e-04 -1.919712078234e-02  2.514972686768e+00  3.255864495441e-02  2.933191741977e-02 -2.542389019218e-01  2.515145189129e+00  0.000000000000e+00 -2.503400267716e+00 -4.683712352576e-02 
 3.981071705535e+04  2.475768561475e+00  3.132153897313e-01  1.000000000000e+00  0.000000000000e+00  1.399241179172e-04 -1.876019014526e-02  2.514991654083e+00  3.181775967823e-02  2.802503156636e-02 -2.485842303140e-01  2.515145189129e+00  0.000000000000e+00 -2.503923501465e+00 -4.587078578893e-02 
 4.073802778041e+04  2.477525158785e+00  3.063029096811e-01  1.000000000000e+00  0.000000000000e+00  1.336268297791e-04 -1.833320198057e-02  2.515009768307e+00  3.109372299150e-02  2.677580887757e-02 -2.430495430599e-01  2.515145189129e+00  0.000000000000e+00 -2.504424576794e+00 -4.491998496070e-02 
 4.168693834703e+04  2.479205024894e+00  2.995335629093e-01  1.000000000000e+00  0.000000000000e+00  1.276129368506e-04 -1.791593019152e-02  2.515027067624e+00  3.038615245168e-02  2.558175440936e-02 -2.376326796948e-01  2.515145189129e+00  0.000000000000e+00 -2.504904372623e+00 -4.398477708392e-02 
 4.265795188016e+04  2.480811412446e+00  2.929050099337e-01  1.000000000000e+00  0.000000000000e+00  1.218696868364e-04 -1.750815381092e-02  2.515043588355e+00  2.969467423463e-02  2.444047687459e-02 -2.323314920068e-01  2.515145189129e+00  0.000000000000e+00 -2.505363737553e+00 -4.306519185528e-02 
 4.365158322402e+04  2.482347445097e+00  2.864149064408e-01  1.000000000000e+00  0.000000000000e+00  1.163849011760e-04 -1.710965688108e-02  2.515059365891e+00  2.901892297086e-02  2.334968470677e-02 -2.271438463940e-01  2.515145189129e+00  0.000000000000e+00 -2.505803491491e+00 -4.216123452073e-02 
 4.466835921510e+04  2.483816121239e+00  2.800609067781e-01  1.000000000000e+00  0.000000000000e+00  1.111469492088e-04 -1.672022836283e-02  2.515074433759e+00  2.835854153091e-02  2.230718223291e-02 -2.220676253492e-01  2.515145189129e+00  0.000000000000e+00 -2.506224425524e+00 -4.127288797455e-02 
 4.570881896149e+04  2.485220319591e+00  2.738406676217e-01  1.000000000000e+00  0.000000000000e+00  1.061447235458e-04 -1.633966199188e-02  2.515088822693e+00  2.771318086889e-02  2.131086598092e-02 -2.171007293218e-01  2.515145189129e+00  0.000000000000e+00 -2.506627303787e+00 -4.040011470753e-02 
 4.677351412872e+04  2.486562801525e+00  2.677518507699e-01  1.000000000000e+00  0.000000000000e+00  1.013676165513e-04 -1.596775620419e-02  2.515102564823e+00  2.708249983334e-02  2.035872112174e-02 -2.122410784359e-01  2.515145189129e+00  0.000000000000e+00 -2.507012862212e+00 -3.954285795832e-02 
 4.786300923226e+04  2.487846216187e+00  2.617921262572e-01  1.000000000000e+00  0.000000000000e+00  9.680549784719e-05 -1.560431399957e-02  2.515115688555e+00  2.646616497441e-02  1.944881795862e-02 -2.074866133626e-01  2.515145189129e+00  0.000000000000e+00 -2.507381810116e+00 -3.870104409089e-02 
 4.897788193684e+04  2.489073105156e+00  2.559591747413e-01  1.000000000000e+00  0.000000000000e+00  9.244869286817e-05 -1.524914285983e-02  2.515128222294e+00  2.586385039103e-02  1.857930860206e-02 -2.028352971538e-01  2.515145189129e+00  0.000000000000e+00 -2.507734831512e+00 -3.787458322933e-02 
 5.011872336273e+04  2.490245905239e+00  2.502506900637e-01  1.000000000000e+00  0.000000000000e+00  8.828796232763e-05 -1.490205463961e-02  2.515140191652e+00  2.527523755998e-02  1.774842370651e-02 -1.982851155044e-01  2.515145189129e+00  0.000000000000e+00 -2.508072584618e+00 -3.706337166620e-02 
 5.128613839914e+04  2.491366953589e+00  2.446643812291e-01  1.000000000000e+00  0.000000000000e+00  8.431448263480e-05 -1.456286547000e-02  2.515151621774e+00  2.470001516849e-02  1.695446933445e-02 -1.938340785273e-01  2.515145189129e+00  0.000000000000e+00 -2.508395703823e+00 -3.626729216263e-02 
 5.248074602498e+04  2.492438487709e+00  2.391979746171e-01  1.000000000000e+00  0.000000000000e+00  8.051982729285e-05 -1.423139565122e-02  2.515162538271e+00  2.413787894329e-02  1.619582394233e-02 -1.894802213355e-01  2.515145189129e+00  0.000000000000e+00 -2.508704796659e+00 -3.548621568550e-02 
 5.370317963702e+04  2.493462656159e+00  2.338492155250e-01  1.000000000000e+00  0.000000000000e+00  7.689594887950e-05 -1.390746957077e-02  2.515172963031e+00  2.358853151236e-02  1.547093542467e-02 -1.852216044208e-01  2.515145189129e+00  0.000000000000e+00 -2.509000451531e+00 -3.472000265339e-02 
 5.495408738576e+04  2.494441515300e+00  2.286158700590e-01  1.000000000000e+00  0.000000000000e+00  7.343516210767e-05 -1.359091561608e-02  2.515182919335e+00  2.305168222665e-02  1.477831832926e-02 -1.810563148756e-01  2.515145189129e+00  0.000000000000e+00 -2.509283231659e+00 -3.396850369330e-02 
 5.623413251903e+04  2.495377036277e+00  2.234957264736e-01  1.000000000000e+00  0.000000000000e+00  7.013012751145e-05 -1.328156605632e-02  2.515192427207e+00  2.252704703278e-02  1.411655110132e-02 -1.769824664807e-01  2.515145189129e+00  0.000000000000e+00 -2.509553679291e+00 -3.323156101037e-02 
 5.754399373372e+04  2.496271107811e+00  2.184865963645e-01  1.000000000000e+00  0.000000000000e+00  6.697383587095e-05 -1.297925699146e-02  2.515201507136e+00  2.201434831295e-02  1.348427348239e-02 -1.729982003453e-01  2.515145189129e+00  0.000000000000e+00 -2.509812315880e+00 -3.250900899172e-02 
 5.888436553556e+04  2.497125537600e+00  2.135863160365e-01  1.000000000000e+00  0.000000000000e+00  6.395959336203e-05 -1.268382823218e-02  2.515210178215e+00  2.151331473578e-02  1.288018398191e-02 -1.691016854020e-01  2.515145189129e+00  0.000000000000e+00 -2.510059640937e+00 -3.180067519966e-02 
 6.025595860744e+04  2.497942057438e+00  2.087927475222e-01  1.000000000000e+00  0.000000000000e+00  6.108100737379e-05 -1.239512323809e-02  2.515218459535e+00  2.102368112173e-02  1.230303744705e-02 -1.652911186393e-01  2.515145189129e+00  0.000000000000e+00 -2.510296134708e+00 -3.110638121933e-02 
 6.165950018615e+04  2.498722326476e+00  2.041037792806e-01  1.000000000000e+00  0.000000000000e+00  5.833197293725e-05 -1.211298902308e-02  2.515226368327e+00  2.054518831574e-02  1.175164271262e-02 -1.615647252183e-01  2.515145189129e+00  0.000000000000e+00 -2.510522259073e+00 -3.042594333536e-02 
 6.309573444802e+04  2.499467933085e+00  1.995173272735e-01  1.000000000000e+00  0.000000000000e+00  5.570665982901e-05 -1.183727608623e-02  2.515233920887e+00  2.007758302352e-02  1.122486034546e-02 -1.579207587638e-01  2.515145189129e+00  0.000000000000e+00 -2.510738457136e+00 -2.975917338678e-02 
 6.456542290346e+04  2.500180397183e+00  1.950313355483e-01  1.000000000000e+00  0.000000000000e+00  5.319950015092e-05 -1.156783831539e-02  2.515241133515e+00  1.962061770246e-02  1.072160049989e-02 -1.543575015385e-01  2.515145189129e+00  0.000000000000e+00 -2.510945153402e+00 -2.910587927089e-02 
 6.606934480076e+04  2.500861174427e+00  1.906437768484e-01  1.000000000000e+00  0.000000000000e+00  5.080517658484e-05 -1.130453292899e-02  2.515248022042e+00  1.917405042695e-02  1.024082081312e-02 -1.508732646180e-01  2.515145189129e+00  0.000000000000e+00 -2.511142755846e+00 -2.846586543801e-02 
 6.760829753920e+04  2.501511657611e+00  1.863526531088e-01  1.000000000000e+00  0.000000000000e+00  4.851861108079e-05 -1.104722038690e-02  2.515254599974e+00  1.873764475386e-02  9.781524413484e-03 -1.474663874251e-01  2.515145189129e+00  0.000000000000e+00 -2.511331655308e+00 -2.783893394105e-02 
 6.918309709189e+04  2.502133180387e+00  1.821559958626e-01  1.000000000000e+00  0.000000000000e+00  4.633495409223e-05 -1.079576431948e-02  2.515260882210e+00  1.831116962421e-02  9.342757995910e-03 -1.441352383990e-01  2.515145189129e+00  0.000000000000e+00 -2.511512227288e+00 -2.722488424451e-02 
 7.079457843841e+04  2.502727018204e+00  1.780518666783e-01  1.000000000000e+00  0.000000000000e+00  4.424957431581e-05 -1.055003146939e-02  2.515266881790e+00  1.789439919594e-02  8.923609970225e-03 -1.408782144717e-01  2.515145189129e+00  0.000000000000e+00 -2.511684831009e+00 -2.662351424310e-02 
 7.244359600750e+04  2.503294392489e+00  1.740383573633e-01  1.000000000000e+00  0.000000000000e+00  4.225804886460e-05 -1.030989159699e-02  2.515272611286e+00  1.748711277469e-02  8.523208693077e-03 -1.376937410678e-01  2.515145189129e+00  0.000000000000e+00 -2.511849811832e+00 -2.603462056007e-02 
 7.413102413009e+04  2.503836471122e+00  1.701135901094e-01  1.000000000000e+00  0.000000000000e+00  4.035615387465e-05 -1.007521743122e-02  2.515278082807e+00  1.708909466106e-02  8.140720760821e-03 -1.345802720170e-01  2.515145189129e+00  0.000000000000e+00 -2.512007500006e+00 -2.545799882913e-02 
 7.585775750292e+04  2.504354371224e+00  1.662757178419e-01  1.000000000000e+00  0.000000000000e+00  3.853985557356e-05 -9.845884593233e-03  2.515283308458e+00  1.670013407420e-02  7.775349374242e-03 -1.315362895257e-01  2.515145189129e+00  0.000000000000e+00 -2.512158211821e+00 -2.489344414923e-02 
 7.762471166287e+04  2.504849161487e+00  1.625229240744e-01  1.000000000000e+00  0.000000000000e+00  3.680530172545e-05 -9.621771530874e-03  2.515288298950e+00  1.632002498627e-02  7.426332772411e-03 -1.285603036813e-01  2.515145189129e+00  0.000000000000e+00 -2.512302250352e+00 -2.434075149926e-02 
 7.943282347243e+04  2.505321865436e+00  1.588534231123e-01  1.000000000000e+00  0.000000000000e+00  3.514881342426e-05 -9.402759465956e-03  2.515293064062e+00  1.594856608244e-02  7.092942723830e-03 -1.256508524675e-01  2.515145189129e+00  0.000000000000e+00 -2.512439907213e+00 -2.379971597997e-02 
 8.128305161641e+04  2.505773460492e+00  1.552654599946e-01  1.000000000000e+00  0.000000000000e+00  3.356687733458e-05 -9.188732306939e-03  2.515297614969e+00  1.558556059899e-02  6.774483088520e-03 -1.228065015312e-01  2.515145189129e+00  0.000000000000e+00 -2.512571460173e+00 -2.327013307592e-02 
 8.317637711027e+04  2.506204883102e+00  1.517573103483e-01  1.000000000000e+00  0.000000000000e+00  3.205613823809e-05 -8.979576618003e-03  2.515301961452e+00  1.523081624327e-02  6.470288430137e-03 -1.200258438475e-01  2.515145189129e+00  0.000000000000e+00 -2.512697176882e+00 -2.275179887559e-02 
 8.511380382024e+04  2.506617026869e+00  1.483272805344e-01  1.000000000000e+00  0.000000000000e+00  3.061339192101e-05 -8.775181531746e-03  2.515306112356e+00  1.488414509913e-02  6.179722687193e-03 -1.173074994294e-01  2.515145189129e+00  0.000000000000e+00 -2.512817311679e+00 -2.224451059520e-02 
 8.709635899561e+04  2.507010747679e+00  1.449737072689e-01  1.000000000000e+00  0.000000000000e+00  2.923557833157e-05 -8.575438710977e-03  2.515310076531e+00  1.454536351775e-02  5.902177905227e-03 -1.146501150943e-01  2.515145189129e+00  0.000000000000e+00 -2.512932109434e+00 -2.174806647144e-02 
 8.912509381337e+04  2.507386863697e+00  1.416949574486e-01  1.000000000000e+00  0.000000000000e+00  2.791977516026e-05 -8.380242277781e-03  2.515313861426e+00  1.421429201400e-02  5.637073009893e-03 -1.120523641002e-01  2.515145189129e+00  0.000000000000e+00 -2.513041804315e+00 -2.126226602155e-02 
 9.120108393559e+04  2.507746156305e+00  1.384894283256e-01  1.000000000000e+00  0.000000000000e+00  2.666319160127e-05 -8.189488766220e-03  2.515317476820e+00  1.389075519000e-02  5.383852653722e-03 -1.095129460155e-01  2.515145189129e+00  0.000000000000e+00 -2.513146619564e+00 -2.078691039624e-02 
 9.332543007970e+04  2.508089374751e+00  1.353555467213e-01  1.000000000000e+00  0.000000000000e+00  2.546316244789e-05 -8.003077061403e-03  2.515320929233e+00  1.357458163147e-02  5.141986077433e-03 -1.070305860630e-01  2.515145189129e+00  0.000000000000e+00 -2.513246771004e+00 -2.032180230960e-02 
 9.549925860214e+04  2.508417234290e+00  1.322917693178e-01  1.000000000000e+00  0.000000000000e+00  2.431714242945e-05 -7.820908349458e-03  2.515324226581e+00  1.326560381676e-02  4.910966054013e-03 -1.046040350775e-01  2.515145189129e+00  0.000000000000e+00 -2.513342464117e+00 -1.986674642387e-02 
 9.772372209558e+04  2.508730417117e+00  1.292965820176e-01  1.000000000000e+00  0.000000000000e+00  2.322270083965e-05 -7.642886066606e-03  2.515327375382e+00  1.296365803864e-02  4.690307850979e-03 -1.022320689808e-01  2.515145189129e+00  0.000000000000e+00 -2.513433893934e+00 -1.942154928395e-02 
 1.000000000000e+05  2.509029577021e+00  1.263684998557e-01  1.000000000000e+00  0.000000000000e+00  2.217751634603e-05 -7.468915843674e-03  2.515330382157e+00  1.266858429881e-02  4.479548248128e-03 -9.991348849144e-02  2.515145189129e+00  0.000000000000e+00 -2.513521248700e+00 -1.898601957655e-02 
