 frequency           v(agudos)           v(agudos)           v(entrada)          v(entrada)          v(graves)           v(graves)           v(medio_alto)       v(medio_alto)       v(medios)           v(medios)           v(pre)              v(pre)              v(salida)           v(salida)          
 1.000000000000e+01  1.006091152966e-05  5.030612006522e-03  1.000000000000e+00  0.000000000000e+00  2.512602580711e+00 -8.375081811391e-02  1.005692924764e-03  5.028620804660e-02  1.131485781343e-03  5.028835827397e-02  2.515145189129e+00  0.000000000000e+00 -1.258564258117e+00 -6.121636862878e-02 
 1.023292992281e+01  1.053506569448e-05  5.147789042894e-03  1.000000000000e+00  0.000000000000e+00  2.512471169233e+00 -8.569714301848e-02  1.053069929412e-03  5.145655472734e-02  1.184788389992e-03  5.145861861092e-02  2.515145189129e+00  0.000000000000e+00 -1.258605394508e+00 -6.264230966481e-02 
 1.047128548051e+01  1.103156586701e-05  5.267695413750e-03  1.000000000000e+00  0.000000000000e+00  2.512333579361e+00 -8.768848355976e-02  1.102677829977e-03  5.265409296408e-02  1.240600886604e-03  5.265605874592e-02  2.515145189129e+00  0.000000000000e+00 -1.258648472643e+00 -6.410146701298e-02 
 1.071519305238e+01  1.155146516219e-05  5.390394689130e-03  1.000000000000e+00  0.000000000000e+00  2.512189520989e+00 -8.972586551681e-02  1.154621580781e-03  5.387945121765e-02  1.299041347693e-03  5.388130617212e-02  2.515145189129e+00  0.000000000000e+00 -1.258693584148e+00 -6.559461455193e-02 
 1.096478196143e+01  1.209586632278e-05  5.515951917005e-03  1.000000000000e+00  0.000000000000e+00  2.512038691435e+00 -9.181033686036e-02  1.209011064702e-03  5.513327215158e-02  1.360233394280e-03  5.513500248344e-02  2.515145189129e+00  0.000000000000e+00 -1.258740825476e+00 -6.712254400502e-02 
 1.122018454302e+01  1.266592407134e-05  5.644433663292e-03  1.000000000000e+00  0.000000000000e+00  2.511880772188e+00 -9.394296824757e-02  1.265961324407e-03  5.641621309042e-02  1.424306451781e-03  5.641780391306e-02  2.515145189129e+00  0.000000000000e+00 -1.258790296799e+00 -6.868606578972e-02 
 1.148153621497e+01  1.326284753667e-05  5.775908041869e-03  1.000000000000e+00  0.000000000000e+00  2.511715432629e+00 -9.612485342950e-02  1.325592801550e-03  5.772894623078e-02  1.491396019446e-03  5.773038144980e-02  2.515145189129e+00  0.000000000000e+00 -1.258842104409e+00 -7.028600906175e-02 
 1.174897554940e+01  1.388790283308e-05  5.910444753681e-03  1.000000000000e+00  0.000000000000e+00  2.511542323511e+00 -9.835710960033e-02  1.388031591887e-03  5.907215898333e-02  1.561643956848e-03  5.907342119463e-02  2.515145189129e+00  0.000000000000e+00 -1.258896358035e+00 -7.192322227304e-02 
 1.202264434617e+01  1.454241574450e-05  6.048115124941e-03  1.000000000000e+00  0.000000000000e+00  2.511361081619e+00 -1.006408778630e-01  1.453409707665e-03  6.044655434380e-02  1.635198778786e-03  6.044762476813e-02  2.515145189129e+00  0.000000000000e+00 -1.258953173762e+00 -7.359857377291e-02 
 1.230268770812e+01  1.522777453467e-05  6.188992138050e-03  1.000000000000e+00  0.000000000000e+00  2.511171326041e+00 -1.029773236223e-01  1.521865355016e-03  6.185285114043e-02  1.712215969064e-03  6.185370950698e-02  2.515145189129e+00  0.000000000000e+00 -1.259012672795e+00 -7.531295202001e-02 
 1.258925411794e+01  1.594543288874e-05  6.333150476166e-03  1.000000000000e+00  0.000000000000e+00  2.510972659104e+00 -1.053676369629e-01  1.593543221361e-03  6.329178443411e-02  1.792858301314e-03  6.329240885680e-02  2.515145189129e+00  0.000000000000e+00 -1.259074982571e+00 -7.706726620116e-02 
 1.288249551693e+01  1.669691300066e-05  6.480666565949e-03  1.000000000000e+00  0.000000000000e+00  2.510764661711e+00 -1.078130330861e-01  1.668594780995e-03  6.476410584582e-02  1.877296183920e-03  6.476447274326e-02  2.515145189129e+00  0.000000000000e+00 -1.259140235119e+00 -7.886244677665e-02 
 1.318256738556e+01  1.748380879718e-05  6.631618607571e-03  1.000000000000e+00  0.000000000000e+00  2.510546899866e+00 -1.103147526446e-01  1.747178608412e-03  6.627058384765e-02  1.965708013131e-03  6.627066776855e-02  2.515145189129e+00  0.000000000000e+00 -1.259208571030e+00 -8.069944572079e-02 
 1.348962882592e+01  1.830778932188e-05  6.786086625652e-03  1.000000000000e+00  0.000000000000e+00  2.510318914894e+00 -1.128740622080e-01  1.829460711633e-03  6.781200421392e-02  2.058280546407e-03  6.781177774246e-02  2.515145189129e+00  0.000000000000e+00 -1.259280135314e+00 -8.257923737681e-02 
 1.380384264603e+01  1.917060227541e-05  6.944152506549e-03  1.000000000000e+00  0.000000000000e+00  2.510080229957e+00 -1.154922546266e-01  1.915614877589e-03  6.938917025400e-02  2.155209291686e-03  6.938860386435e-02  2.515145189129e+00  0.000000000000e+00 -1.259355081443e+00 -8.450281865741e-02 
 1.412537544623e+01  2.007407771742e-05  7.105900044735e-03  1.000000000000e+00  0.000000000000e+00  2.509830344468e+00 -1.181706494535e-01  2.005823034324e-03  7.100290329254e-02  2.256698915062e-03  7.100196514511e-02  2.515145189129e+00  0.000000000000e+00 -1.259433569369e+00 -8.647120970099e-02 
 1.445439770746e+01  2.102013194971e-05  7.271414984643e-03  1.000000000000e+00  0.000000000000e+00  2.509568736423e+00 -1.209105932357e-01  2.100275630710e-03  7.265404294594e-02  2.362963667110e-03  7.265269875643e-02  2.515145189129e+00  0.000000000000e+00 -1.259515767549e+00 -8.848545444549e-02 
 1.479108388168e+01  2.201077157693e-05  7.440785067956e-03  1.000000000000e+00  0.000000000000e+00  2.509294856805e+00 -1.237134599214e-01  2.199172031851e-03  7.434344751528e-02  2.474227828316e-03  7.434166039457e-02  2.515145189129e+00  0.000000000000e+00 -1.259601851038e+00 -9.054662117592e-02 
 1.513561248436e+01  2.304809778053e-05  7.614100077262e-03  1.000000000000e+00  0.000000000000e+00  2.509008134250e+00 -1.265806512820e-01  2.302720936314e-03  7.607199442282e-02  2.590726177459e-03  7.606972462963e-02  2.515145189129e+00  0.000000000000e+00 -1.259692004761e+00 -9.265580303369e-02 
 1.548816618912e+01  2.413431073833e-05  7.791451886078e-03  1.000000000000e+00  0.000000000000e+00  2.508707968984e+00 -1.295135971741e-01  2.411140804270e-03  7.784058044490e-02  2.712704474106e-03  7.783778524026e-02  2.515145189129e+00  0.000000000000e+00 -1.259786421450e+00 -9.481411858005e-02 
 1.584893192461e+01  2.527171433897e-05  7.972934510690e-03  1.000000000000e+00  0.000000000000e+00  2.508393734228e+00 -1.325137559907e-01  2.524660317704e-03  7.965012229397e-02  2.840419974291e-03  7.964675570838e-02  2.515145189129e+00  0.000000000000e+00 -1.259885303378e+00 -9.702271258593e-02 
 1.621810097359e+01  2.646272101003e-05  8.158644149262e-03  1.000000000000e+00  0.000000000000e+00  2.508064773865e+00 -1.355826147483e-01  2.643518848345e-03  8.150155677868e-02  2.974141960294e-03  8.149756932107e-02  2.515145189129e+00  0.000000000000e+00 -1.259988862258e+00 -9.928275621161e-02 
 1.659586907438e+01  2.770985689082e-05  8.348679244591e-03  1.000000000000e+00  0.000000000000e+00  2.507720402908e+00 -1.387216896692e-01  2.767966958345e-03  8.339584138594e-02  3.114152299986e-03  8.339117988362e-02  2.515145189129e+00  0.000000000000e+00 -1.260097320593e+00 -1.015954481732e-01 
 1.698243652462e+01  2.901576714720e-05  8.543140529582e-03  1.000000000000e+00  0.000000000000e+00  2.507359903771e+00 -1.419325263705e-01  2.898266915963e-03  8.533395458653e-02  3.260746027081e-03  8.532856183592e-02  2.515145189129e+00  0.000000000000e+00 -1.260210910980e+00 -1.039620149033e-01 
 1.737800828749e+01  3.038322160620e-05  8.742131083636e-03  1.000000000000e+00  0.000000000000e+00  2.506982525811e+00 -1.452167000680e-01  3.034693237623e-03  8.731689624256e-02  3.414231953684e-03  8.731071071816e-02  2.515145189129e+00  0.000000000000e+00 -1.260329877104e+00 -1.063837114093e-01 
 1.778279410039e+01  3.181512061090e-05  8.945756384492e-03  1.000000000000e+00  0.000000000000e+00  2.506587484386e+00 -1.485758157505e-01  3.177533254529e-03  8.934568800032e-02  3.574933305117e-03  8.933864362189e-02  2.515145189129e+00  0.000000000000e+00 -1.260454474546e+00 -1.088618221135e-01 
 1.819700858610e+01  3.331450119504e-05  9.154124360066e-03  1.000000000000e+00  0.000000000000e+00  2.506173958536e+00 -1.520115087915e-01  3.327087707021e-03  9.142137371236e-02  3.743188387944e-03  9.141339943744e-02  2.515145189129e+00  0.000000000000e+00 -1.260584970955e+00 -1.113976610685e-01 
 1.862087136663e+01  3.488454349565e-05  9.367345463033e-03  1.000000000000e+00  0.000000000000e+00  2.505741090048e+00 -1.555254445411e-01  3.483671360300e-03  9.354501978669e-02  3.919351282093e-03  9.353603930504e-02  2.515145189129e+00  0.000000000000e+00 -1.260721646973e+00 -1.139925731007e-01 
 1.905460717963e+01  3.652857749614e-05  9.585532703568e-03  1.000000000000e+00  0.000000000000e+00  2.505287981592e+00 -1.591193190543e-01  3.647613652902e-03  9.571771569608e-02  4.103792572096e-03  9.570764699311e-02  2.515145189129e+00  0.000000000000e+00 -1.260864796770e+00 -1.166479342191e-01 
 1.949844599758e+01  3.825009014236e-05  9.808801729378e-03  1.000000000000e+00  0.000000000000e+00  2.504813694395e+00 -1.627948588575e-01  3.819259372904e-03  9.794057425461e-02  4.296900105146e-03  9.792932923301e-02  2.515145189129e+00  0.000000000000e+00 -1.261014728394e+00 -1.193651524413e-01 
 1.995262314969e+01  4.005273265051e-05  1.003727087846e-02  1.000000000000e+00  0.000000000000e+00  2.504317246843e+00 -1.665538211819e-01  3.998969363693e-03  1.002147321560e-01  4.499079786910e-03  1.002022162138e-01  2.515145189129e+00  0.000000000000e+00 -1.261171764675e+00 -1.221456686932e-01 
 2.041737944670e+01  4.194032831606e-05  1.027106124457e-02  1.000000000000e+00  0.000000000000e+00  2.503797613084e+00 -1.703979939921e-01  4.187121264295e-03  1.025413502502e-01  4.710756410532e-03  1.025274617859e-01  2.515145189129e+00  0.000000000000e+00 -1.261336244182e+00 -1.249909572343e-01 
 2.089296130854e+01  4.391688058547e-05  1.051029673545e-02  1.000000000000e+00  0.000000000000e+00  2.503253721166e+00 -1.743291959574e-01  4.384110276987e-03  1.049216140091e-01  4.932374522468e-03  1.049062439124e-01  2.515145189129e+00  0.000000000000e+00 -1.261508522034e+00 -1.279025266037e-01 
 2.137962089502e+01  4.598658156141e-05  1.075510414739e-02  1.000000000000e+00  0.000000000000e+00  2.502684449777e+00 -1.783492764516e-01  4.590349972204e-03  1.073567339772e-01  5.164399324713e-03  1.073397651198e-01  2.515145189129e+00  0.000000000000e+00 -1.261688970073e+00 -1.308819205599e-01 
 2.187761623950e+01  4.815382089163e-05  1.100561322164e-02  1.000000000000e+00  0.000000000000e+00  2.502088627312e+00 -1.824601154949e-01  4.806273137547e-03  1.098479460779e-01  5.407317631580e-03  1.098292527022e-01  2.515145189129e+00  0.000000000000e+00 -1.261877978318e+00 -1.339307185449e-01 
 2.238721138568e+01  5.042319506288e-05  1.126195672441e-02  1.000000000000e+00  0.000000000000e+00  2.501465027686e+00 -1.866636235209e-01  5.032332648625e-03  1.123965120642e-01  5.661638849233e-03  1.123759591719e-01  2.515145189129e+00  0.000000000000e+00 -1.262075954835e+00 -1.370505367434e-01 
 2.290867652768e+01  5.279951714954e-05  1.152427051056e-02  1.000000000000e+00  0.000000000000e+00  2.500812371727e+00 -1.909617411438e-01  5.269002386740e-03  1.150037199113e-01  5.927896003413e-03  1.149811626528e-01  2.515145189129e+00  0.000000000000e+00 -1.262283328496e+00 -1.402430290169e-01 
 2.344228815320e+01  5.528782702413e-05  1.179269358727e-02  1.000000000000e+00  0.000000000000e+00  2.500129322056e+00 -1.953564390424e-01  5.516778200217e-03  1.176708841667e-01  6.206646820829e-03  1.176461670402e-01  2.515145189129e+00  0.000000000000e+00 -1.262500548581e+00 -1.435098873133e-01 
 2.398832919019e+01  5.789340207230e-05  1.206736820677e-02  1.000000000000e+00  0.000000000000e+00  2.499414481223e+00 -1.998497173772e-01  5.776178906672e-03  1.203993463714e-01  6.498474859654e-03  1.203723025537e-01  2.515145189129e+00  0.000000000000e+00 -1.262728086119e+00 -1.468528431109e-01 
 2.454708915685e+01  6.062176829857e-05  1.234843992825e-02  1.000000000000e+00  0.000000000000e+00  2.498666389845e+00 -2.044436055876e-01  6.047747328012e-03  1.231904753949e-01  6.803990669141e-03  1.231609258684e-01  2.515145189129e+00  0.000000000000e+00 -1.262966435279e+00 -1.502736678125e-01 
 2.511886431510e+01  6.347871212853e-05  1.263605769236e-02  1.000000000000e+00  0.000000000000e+00  2.497883521020e+00 -2.091401616926e-01  6.332051386380e-03  1.260456678574e-01  7.123833021978e-03  1.260134205368e-01  2.515145189129e+00  0.000000000000e+00 -1.263216113046e+00 -1.537741739767e-01 
 2.570395782769e+01  6.647029259454e-05  1.293037390678e-02  1.000000000000e+00  0.000000000000e+00  2.497064282186e+00 -2.139414717967e-01  6.629685245571e-03  1.289663483476e-01  7.458670194865e-03  1.289311971923e-01  2.515145189129e+00  0.000000000000e+00 -1.263477662719e+00 -1.573562160147e-01 
 2.630267991895e+01  6.960285429614e-05  1.323154452803e-02  1.000000000000e+00  0.000000000000e+00  2.496207010001e+00 -2.188496493327e-01  6.941270480638e-03  1.319539699762e-01  7.809201285454e-03  1.319156939571e-01  2.515145189129e+00  0.000000000000e+00 -1.263751653992e+00 -1.610216914252e-01 
 2.691534803927e+01  7.288304070130e-05  1.353972913603e-02  1.000000000000e+00  0.000000000000e+00  2.495309966151e+00 -2.238668341888e-01  7.267457333000e-03  1.350100144628e-01  8.176157622074e-03  1.349683764856e-01  2.515145189129e+00  0.000000000000e+00 -1.264038683685e+00 -1.647725413547e-01 
 2.754228703338e+01  7.631780837869e-05  1.385509102329e-02  1.000000000000e+00  0.000000000000e+00  2.494371336885e+00 -2.289951919811e-01  7.608925988279e-03  1.381359926017e-01  8.560304200728e-03  1.380907383864e-01  2.515145189129e+00  0.000000000000e+00 -1.264339378391e+00 -1.686107518509e-01 
 2.818382931264e+01  7.991444161348e-05  1.417779727672e-02  1.000000000000e+00  0.000000000000e+00  2.493389227893e+00 -2.342369127437e-01  7.966387924171e-03  1.413334445679e-01  8.962441190306e-03  1.412843014696e-01  2.515145189129e+00  0.000000000000e+00 -1.264654394930e+00 -1.725383550522e-01 
 2.884031503127e+01  8.368056792563e-05  1.450801887768e-02  1.000000000000e+00  0.000000000000e+00  2.492361661978e+00 -2.395942100266e-01  8.340587313796e-03  1.446039399889e-01  9.383405529661e-03  1.445506154851e-01  2.515145189129e+00  0.000000000000e+00 -1.264984422395e+00 -1.765574291660e-01 
 2.951209226666e+01  8.762417419916e-05  1.484593077475e-02  1.000000000000e+00  0.000000000000e+00  2.491286575794e+00 -2.450693192659e-01  8.732302492717e-03  1.479490784695e-01  9.824072543779e-03  1.478912590828e-01  2.515145189129e+00  0.000000000000e+00 -1.265330183751e+00 -1.806701012397e-01 
 3.019951720402e+01  9.175362367841e-05  1.519171198379e-02  1.000000000000e+00  0.000000000000e+00  2.490161815658e+00 -2.506644965324e-01  9.142347460511e-03  1.513704896788e-01  1.028535766636e-02  1.513078391727e-01  2.515145189129e+00  0.000000000000e+00 -1.265692437204e+00 -1.848785465568e-01 
 3.090295432514e+01  9.607767357522e-05  1.554554568793e-02  1.000000000000e+00  0.000000000000e+00  2.488985135686e+00 -2.563820168434e-01  9.571573491485e-03  1.548698334664e-01  1.076821821516e-02  1.548019913898e-01  2.515145189129e+00  0.000000000000e+00 -1.266071978822e+00 -1.891849904620e-01 
 3.162277660168e+01  1.006054937278e-04  1.590761933039e-02  1.000000000000e+00  0.000000000000e+00  2.487754191738e+00 -2.622241723584e-01  1.002087077723e-02  1.584488000954e-01  1.127365526190e-02  1.583753800078e-01  2.515145189129e+00  0.000000000000e+00 -1.266469643261e+00 -1.935917091347e-01 
 3.235936569296e+01  1.053466860128e-04  1.627812470178e-02  1.000000000000e+00  0.000000000000e+00  2.486466539558e+00 -2.681932701962e-01  1.049117013463e-02  1.621091105917e-01  1.180271553312e-02  1.620296982583e-01  2.515145189129e+00  0.000000000000e+00 -1.266886306643e+00 -1.981010313652e-01 
 3.311311214826e+01  1.103113046241e-04  1.665725805651e-02  1.000000000000e+00  0.000000000000e+00  2.485119630117e+00 -2.742916307761e-01  1.098344481034e-02  1.658525163657e-01  1.235649344744e-02  1.657666676911e-01  2.515145189129e+00  0.000000000000e+00 -1.267322888314e+00 -2.027153381610e-01 
 3.388441561392e+01  1.155098775030e-04  1.704522021100e-02  1.000000000000e+00  0.000000000000e+00  2.483710805420e+00 -2.805215845001e-01  1.149871233793e-02  1.696807997650e-01  1.293613319649e-02  1.695880388725e-01  2.515145189129e+00  0.000000000000e+00 -1.267780352920e+00 -2.074370658521e-01 
 3.467368504525e+01  1.209534285636e-04  1.744221664558e-02  1.000000000000e+00  0.000000000000e+00  2.482237296645e+00 -2.868854702683e-01  1.203803647513e-02  1.735957737546e-01  1.354283090950e-02  1.734955905122e-01  2.515145189129e+00  0.000000000000e+00 -1.268259713817e+00 -2.122687051382e-01 
 3.548133892336e+01  1.266535009989e-04  1.784845761358e-02  1.000000000000e+00  0.000000000000e+00  2.480696215294e+00 -2.933856315794e-01  1.260252921566e-02  1.775992820913e-01  1.417783692887e-02  1.774911298708e-01  2.515145189129e+00  0.000000000000e+00 -1.268762033207e+00 -2.172128039074e-01 
 3.630780547701e+01  1.326221818942e-04  1.826415826145e-02  1.000000000000e+00  0.000000000000e+00  2.479084555060e+00 -3.000244141440e-01  1.319335288099e-02  1.816931991198e-01  1.484245814754e-02  1.815764920320e-01  2.515145189129e+00  0.000000000000e+00 -1.269288427762e+00 -2.222719670349e-01 
 3.715352290972e+01  1.388721276783e-04  1.868953871599e-02  1.000000000000e+00  0.000000000000e+00  2.477399182972e+00 -3.068041618681e-01  1.381172231231e-02  1.858794296277e-01  1.553806046468e-02  1.857535399322e-01  2.515145189129e+00  0.000000000000e+00 -1.269840069119e+00 -2.274488584929e-01 
 3.801893963206e+01  1.454165910957e-04  1.912482424086e-02  1.000000000000e+00  0.000000000000e+00  2.475636836141e+00 -3.137272138847e-01  1.445890709510e-02  1.901599086996e-01  1.626607128492e-02  1.900241637195e-01  2.515145189129e+00  0.000000000000e+00 -1.270418187263e+00 -2.327462016323e-01 
 3.890451449943e+01  1.522694490461e-04  1.957024530202e-02  1.000000000000e+00  0.000000000000e+00  2.473794117570e+00 -3.207959000138e-01  1.513623394567e-02  1.945366015134e-01  1.702798220140e-02  1.943902806379e-01  2.515145189129e+00  0.000000000000e+00 -1.271024073816e+00 -2.381667812528e-01 
 3.981071705535e+01  1.594452321854e-04  2.002603774235e-02  1.000000000000e+00  0.000000000000e+00  2.471867492422e+00 -3.280125366291e-01  1.584508911219e-02  1.990115027293e-01  1.782535167513e-02  1.988538338046e-01  2.515145189129e+00  0.000000000000e+00 -1.271659085541e+00 -2.437134433121e-01 
 4.073802778041e+01  1.669591557061e-04  2.049244286536e-02  1.000000000000e+00  0.000000000000e+00  2.469853281975e+00 -3.353794220602e-01  1.658692092678e-02  2.035866364604e-01  1.865980791263e-02  2.034167922684e-01  2.515145189129e+00  0.000000000000e+00 -1.272324647092e+00 -2.493890973830e-01 
 4.168693834703e+01  1.748271513975e-04  2.096970758430e-02  1.000000000000e+00  0.000000000000e+00  2.467747659888e+00 -3.428988315864e-01  1.736324239391e-02  2.082640554872e-01  1.953305175266e-02  2.080811499909e-01  2.515145189129e+00  0.000000000000e+00 -1.273022254936e+00 -2.551967171939e-01 
 4.265795188016e+01  1.830659015525e-04  2.145808453133e-02  1.000000000000e+00  0.000000000000e+00  2.465546647087e+00 -3.505730121979e-01  1.817563392251e-02  2.130458407919e-01  2.044685973669e-02  2.128489248862e-01  2.515145189129e+00  0.000000000000e+00 -1.273753480954e+00 -2.611393413818e-01 
 4.365158322402e+01  1.916928742105e-04  2.195783221396e-02  1.000000000000e+00  0.000000000000e+00  2.463246108498e+00 -3.584041765425e-01  1.902574613996e-02  2.179341006849e-01  2.140308725575e-02  2.177221577440e-01  2.515145189129e+00  0.000000000000e+00 -1.274519977118e+00 -2.672200744434e-01 
 4.466835921510e+01  2.007263601058e-04  2.246921513142e-02  1.000000000000e+00  0.000000000000e+00  2.460841746069e+00 -3.663944969303e-01  1.991530277883e-02  2.229309704271e-01  2.240367178456e-02  2.227029116766e-01  2.515145189129e+00  0.000000000000e+00 -1.275323478490e+00 -2.734420886854e-01 
 4.570881896149e+01  2.101855115484e-04  2.299250391661e-02  1.000000000000e+00  0.000000000000e+00  2.458329094574e+00 -3.745460985810e-01  2.084610369275e-02  2.280386108323e-01  2.345063628309e-02  2.277932702273e-01  2.515145189129e+00  0.000000000000e+00 -1.276165807946e+00 -2.798086238878e-01 
 4.677351412872e+01  2.200903828395e-04  2.352797547792e-02  1.000000000000e+00  0.000000000000e+00  2.455703519285e+00 -3.828610527562e-01  2.182002796690e-02  2.332592075109e-01  2.454609263441e-02  2.329953364097e-01  2.515145189129e+00  0.000000000000e+00 -1.277048881907e+00 -2.863229888882e-01 
 4.786300923226e+01  2.304619726772e-04  2.407591314841e-02  1.000000000000e+00  0.000000000000e+00  2.452960208524e+00 -3.913413689006e-01  2.283903711941e-02  2.385949697928e-01  2.569224526815e-02  2.383112311363e-01  2.515145189129e+00  0.000000000000e+00 -1.277974713886e+00 -2.929885624423e-01 
 4.897788193684e+01  2.413222687778e-04  2.463660682770e-02  1.000000000000e+00  0.000000000000e+00  2.450094171800e+00 -3.999889868428e-01  2.390517843378e-02  2.440481291560e-01  2.689139487120e-02  2.437430912978e-01  2.515145189129e+00  0.000000000000e+00 -1.278945420995e+00 -2.998087933529e-01 
 5.011872336273e+01  2.526942944314e-04  2.521035313111e-02  1.000000000000e+00  0.000000000000e+00  2.447100231890e+00 -4.088057679473e-01  2.502058834943e-02  2.496209379751e-01  2.814594217489e-02  2.492930681619e-01  2.515145189129e+00  0.000000000000e+00 -1.279963227589e+00 -3.067872017669e-01 
 5.128613839914e+01  2.646021567898e-04  2.579745555704e-02  1.000000000000e+00  0.000000000000e+00  2.443973024376e+00 -4.177934862091e-01  2.618749599060e-02  2.553156678914e-01  2.945839191671e-02  2.549633252202e-01  2.515145189129e+00  0.000000000000e+00 -1.281030472978e+00 -3.139273794048e-01 
 5.248074602498e+01  2.770710987079e-04  2.639822461788e-02  1.000000000000e+00  0.000000000000e+00  2.440706991591e+00 -4.269538182416e-01  2.740822680062e-02  2.611346080666e-01  3.083135690758e-02  2.607560359756e-01  2.515145189129e+00  0.000000000000e+00 -1.282149616561e+00 -3.212329902075e-01 
 5.370317963703e+01  2.901275511249e-04  2.701297802923e-02  1.000000000000e+00  0.000000000000e+00  2.437296377961e+00 -4.362883332069e-01  2.868520625270e-02  2.670800630003e-01  3.226756213553e-02  2.666733813239e-01  2.515145189129e+00  0.000000000000e+00 -1.283323243734e+00 -3.287077702279e-01 
 5.495408738576e+01  3.037991899077e-04  2.764204086270e-02  1.000000000000e+00  0.000000000000e+00  2.433735228609e+00 -4.457984818728e-01  3.002096368800e-02  2.731543507543e-01  3.376984912757e-02  2.727175470791e-01  2.515145189129e+00  0.000000000000e+00 -1.284554073938e+00 -3.363555282310e-01 
 5.623413251903e+01  3.181149940019e-04  2.828574569867e-02  1.000000000000e+00  0.000000000000e+00  2.430017384235e+00 -4.554855849710e-01  3.141813622642e-02  2.793598002172e-01  3.534118022799e-02  2.788907207432e-01  2.515145189129e+00  0.000000000000e+00 -1.285844966691e+00 -3.441801451297e-01 
 5.754399373372e+01  3.331053064244e-04  2.894443284458e-02  1.000000000000e+00  0.000000000000e+00  2.426136477850e+00 -4.653508207994e-01  3.287947281206e-02  2.856987488340e-01  3.698464318586e-02  2.851950887707e-01  2.515145189129e+00  0.000000000000e+00 -1.287198929154e+00 -3.521855748217e-01 
 5.888436553556e+01  3.488018988946e-04  2.961845044410e-02  1.000000000000e+00  0.000000000000e+00  2.422085934784e+00 -4.753952129395e-01  3.440783832048e-02  2.921735395212e-01  3.870345569158e-02  2.916328326683e-01  2.515145189129e+00  0.000000000000e+00 -1.288619125248e+00 -3.603758425855e-01 
 6.025595860744e+01  3.652380390804e-04  3.030815471357e-02  1.000000000000e+00  0.000000000000e+00  2.417858966161e+00 -4.856196161709e-01  3.600621775695e-02  2.987865176983e-01  4.050097007712e-02  2.982061252696e-01  2.515145189129e+00  0.000000000000e+00 -1.290108881819e+00 -3.687550447905e-01 
 6.165950018615e+01  3.824485604582e-04  3.101391009477e-02  1.000000000000e+00  0.000000000000e+00  2.413448570296e+00 -4.960247023846e-01  3.767772059655e-02  3.055400280864e-01  4.238067814003e-02  3.049171270686e-01  2.515145189129e+00  0.000000000000e+00 -1.291671699022e+00 -3.773273486829e-01 
 6.309573444802e+01  4.004699361531e-04  3.173608945144e-02  1.000000000000e+00  0.000000000000e+00  2.408847531769e+00 -5.066109456238e-01  3.942558509152e-02  3.124364109244e-01  4.434621593100e-02  3.117679813295e-01  2.515145189129e+00  0.000000000000e+00 -1.293311259470e+00 -3.860969901848e-01 
 6.456542290347e+01  4.193403564727e-04  3.247507427659e-02  1.000000000000e+00  0.000000000000e+00  2.404048418161e+00 -5.173786065425e-01  4.125318278966e-02  3.194779978949e-01  4.640136881062e-02  3.187608095468e-01  2.515145189129e+00  0.000000000000e+00 -1.295031436754e+00 -3.950682726876e-01 
 6.606934480076e+01  4.390998086592e-04  3.323125484167e-02  1.000000000000e+00  0.000000000000e+00  2.399043581448e+00 -5.283277158160e-01  4.316402298718e-02  3.266671083402e-01  4.855007635342e-02  3.258977064979e-01  2.515145189129e+00  0.000000000000e+00 -1.296836305990e+00 -4.042455655264e-01 
 6.760829753920e+01  4.597901623811e-04  3.400503043667e-02  1.000000000000e+00  0.000000000000e+00  2.393825161271e+00 -5.394580572611e-01  4.516175735625e-02  3.340060443152e-01  5.079643751378e-02  3.331807341892e-01  2.515145189129e+00  0.000000000000e+00 -1.298730155824e+00 -4.136333004331e-01 
 6.918309709189e+01  4.814552575567e-04  3.479680958844e-02  1.000000000000e+00  0.000000000000e+00  2.388385080732e+00 -5.507691500243e-01  4.725018452882e-02  3.414970857557e-01  5.314471569000e-02  3.406119167339e-01  2.515145189129e+00  0.000000000000e+00 -1.300717496505e+00 -4.232359703060e-01 
 7.079457843841e+01  5.041409971795e-04  3.560701021343e-02  1.000000000000e+00  0.000000000000e+00  2.382715055719e+00 -5.622602296062e-01  4.943325476052e-02  3.491424852982e-01  5.559934393386e-02  3.481932333671e-01  2.515145189129e+00  0.000000000000e+00 -1.302803075014e+00 -4.330581248052e-01 
 7.244359600750e+01  5.278954441792e-04  3.643605986144e-02  1.000000000000e+00  0.000000000000e+00  2.376806593500e+00 -5.739302296424e-01  5.171507461637e-02  3.569444622844e-01  5.816493004386e-02  3.559266118100e-01  2.515145189129e+00  0.000000000000e+00 -1.304991884592e+00 -4.431043663120e-01 
 7.413102413009e+01  5.527689227165e-04  3.728439596307e-02  1.000000000000e+00  0.000000000000e+00  2.370650999714e+00 -5.857777609490e-01  5.409991163469e-02  3.649051971151e-01  6.084626182565e-02  3.638139213435e-01  2.515145189129e+00  0.000000000000e+00 -1.307289178813e+00 -4.533793466767e-01 
 7.585775750292e+01  5.788141247649e-04  3.815246596787e-02  1.000000000000e+00  0.000000000000e+00  2.364239382092e+00 -5.978010917315e-01  5.659219902009e-02  3.730268241488e-01  6.364831218525e-02  3.718569642515e-01  2.515145189129e+00  0.000000000000e+00 -1.309700483677e+00 -4.638877600701e-01 
 7.762471166287e+01  6.060862212962e-04  3.904072767909e-02  1.000000000000e+00  0.000000000000e+00  2.357562661171e+00 -6.099981266307e-01  5.919654025638e-02  3.813114250661e-01  6.657624423678e-02  3.800574680208e-01  2.515145189129e+00  0.000000000000e+00 -1.312231613243e+00 -4.746343380285e-01 
 7.943282347243e+01  6.346429780706e-04  3.994964939193e-02  1.000000000000e+00  0.000000000000e+00  2.350611575879e+00 -6.223663842538e-01  6.191771373415e-02  3.897610216518e-01  6.963541636651e-02  3.884170771344e-01  2.515145189129e+00  0.000000000000e+00 -1.314888682607e+00 -4.856238443424e-01 
 8.128305161641e+01  6.645448781910e-04  4.087971018453e-02  1.000000000000e+00  0.000000000000e+00  2.343376692850e+00 -6.349029759876e-01  6.476067724725e-02  3.983775670058e-01  7.283138722414e-02  3.969373418367e-01  2.515145189129e+00  0.000000000000e+00 -1.317678122600e+00 -4.968610633277e-01 
 8.317637711027e+01  6.958552494325e-04  4.183140011446e-02  1.000000000000e+00  0.000000000000e+00  2.335848421324e+00 -6.476045830641e-01  6.773057242390e-02  4.071629376267e-01  7.616992040130e-02  4.056197099271e-01  2.515145189129e+00  0.000000000000e+00 -1.320606696663e+00 -5.083507949762e-01 
 8.511380382024e+01  7.286403972557e-04  4.280522051704e-02  1.000000000000e+00  0.000000000000e+00  2.328017022926e+00 -6.604674335103e-01  7.083272900491e-02  4.161189245642e-01  7.965698928456e-02  4.144655151176e-01  2.515145189129e+00  0.000000000000e+00 -1.323681515505e+00 -5.200978433472e-01 
 8.709635899561e+01  7.629697453240e-04  4.380168421631e-02  1.000000000000e+00  0.000000000000e+00  2.319872627500e+00 -6.734872793313e-01  7.407266894006e-02  4.252472229418e-01  8.329878133372e-02  4.234759654501e-01  2.515145189129e+00  0.000000000000e+00 -1.326910053650e+00 -5.321070049146e-01 
 8.912509381337e+01  7.989159810222e-04  4.482131578698e-02  1.000000000000e+00  0.000000000000e+00  2.311405253597e+00 -6.866593729937e-01  7.745611043356e-02  4.345494229347e-01  8.710170254926e-02  4.326521324692e-01  2.515145189129e+00  0.000000000000e+00 -1.330300168687e+00 -5.443830588028e-01 
 9.120108393559e+01  8.365552092755e-04  4.586465181637e-02  1.000000000000e+00  0.000000000000e+00  2.302604821045e+00 -6.999784442596e-01  8.098897153104e-02  4.440269978368e-01  9.107238118304e-02  4.419949373696e-01  2.515145189129e+00  0.000000000000e+00 -1.333860115053e+00 -5.569307507946e-01 
 9.332543007970e+01  8.759671119378e-04  4.693224119546e-02  1.000000000000e+00  0.000000000000e+00  2.293461176567e+00 -7.134386766702e-01  8.467737358296e-02  4.536812931765e-01  9.521767159458e-02  4.515051377821e-01  2.515145189129e+00  0.000000000000e+00 -1.337598564634e+00 -5.697547788077e-01 
 9.549925860214e+01  9.172351162761e-04  4.802464534441e-02  1.000000000000e+00  0.000000000000e+00  2.283964116592e+00 -7.270336848451e-01  8.852764443145e-02  4.635135148419e-01  9.954465736519e-02  4.611833141535e-01  2.515145189129e+00  0.000000000000e+00 -1.341524624486e+00 -5.828597771175e-01 
 9.772372209558e+01  9.604465699340e-04  4.914243850362e-02  1.000000000000e+00  0.000000000000e+00  2.274103410542e+00 -7.407564916648e-01  9.254632105876e-02  4.735247159842e-01  1.040606542228e-01  4.710298543796e-01  2.515145189129e+00  0.000000000000e+00 -1.345647854410e+00 -5.962502971774e-01 
 1.000000000000e+02  1.005692924764e-03  5.028620804660e-02  1.000000000000e+00  0.000000000000e+00  2.263868831564e+00 -7.545995065011e-01  9.674015198834e-02  4.837157833390e-01  1.087732123124e-01  4.810449378565e-01  2.515145189129e+00  0.000000000000e+00 -1.349978286956e+00 -6.099307867626e-01 
 1.023292992281e+02  1.053069929412e-03  5.145655472734e-02  1.000000000000e+00  0.000000000000e+00  2.253250184003e+00 -7.685545036802e-01  1.011160991038e-01  4.940874239546e-01  1.136901180435e-01  4.912285195896e-01  2.515145189129e+00  0.000000000000e+00 -1.354526444947e+00 -6.239055690806e-01 
 1.047128548051e+02  1.102677829977e-03  5.265409296408e-02  1.000000000000e+00  0.000000000000e+00  2.242237339262e+00 -7.826126024593e-01  1.056813390314e-01  5.046401495929e-01  1.188193952257e-01  5.015803122660e-01  2.515145189129e+00  0.000000000000e+00 -1.359303361784e+00 -6.381788170692e-01 
 1.071519305238e+02  1.154621581009e-03  5.387945121765e-02  1.000000000000e+00  0.000000000000e+00  2.230820268858e+00 -7.967642479343e-01  1.104432638531e-01  5.153742615366e-01  1.241693055490e-01  5.120997686172e-01  2.515145189129e+00  0.000000000000e+00 -1.364320599035e+00 -6.527545278579e-01 
 1.096478196143e+02  1.209011064930e-03  5.513327215158e-02  1.000000000000e+00  0.000000000000e+00  2.218989083078e+00 -8.109991933452e-01  1.154094810918e-01  5.262898342917e-01  1.297483482194e-01  5.227860618616e-01  2.515145189129e+00  0.000000000000e+00 -1.369590265149e+00 -6.676364925803e-01 
 1.122018454302e+02  1.265961324179e-03  5.641621309042e-02  1.000000000000e+00  0.000000000000e+00  2.206734072883e+00 -8.253064843593e-01  1.205878132023e-01  5.373866986483e-01  1.355652588827e-01  5.336380666122e-01  2.515145189129e+00  0.000000000000e+00 -1.375125034369e+00 -6.828282662769e-01 
 1.148153621497e+02  1.325592801550e-03  5.772894623078e-02  1.000000000000e+00  0.000000000000e+00  2.194045750890e+00 -8.396744451020e-01  1.259862959851e-01  5.486644237535e-01  1.416290074412e-01  5.446543374564e-01  2.515145189129e+00  0.000000000000e+00 -1.380938162976e+00 -6.983331321448e-01 
 1.174897554940e+02  1.388031591659e-03  5.907215898333e-02  1.000000000000e+00  0.000000000000e+00  2.180914898403e+00 -8.540906662820e-01  1.316131761996e-01  5.601222994737e-01  1.479487948236e-01  5.558330885833e-01  2.515145189129e+00  0.000000000000e+00 -1.387043506471e+00 -7.141540669010e-01 
 1.202264434617e+02  1.453409707892e-03  6.044655435107e-02  1.000000000000e+00  0.000000000000e+00  2.167332614306e+00 -8.685419970425e-01  1.374769083050e-01  5.717593163718e-01  1.545340489247e-01  5.671721705003e-01  2.515145189129e+00  0.000000000000e+00 -1.393455536034e+00 -7.302936984800e-01 
 1.230268770812e+02  1.521865355016e-03  6.185285114043e-02  1.000000000000e+00  0.000000000000e+00  2.153290364891e+00 -8.830145376269e-01  1.435861498758e-01  5.835741464980e-01  1.613944187411e-01  5.786690472160e-01  2.515145189129e+00  0.000000000000e+00 -1.400189351848e+00 -7.467542641716e-01 
 1.258925411794e+02  1.593543221361e-03  6.329178443411e-02  1.000000000000e+00  0.000000000000e+00  2.138780036476e+00 -8.974936372833e-01  1.499497562472e-01  5.955651231343e-01  1.685397676774e-01  5.903207736555e-01  2.515145189129e+00  0.000000000000e+00 -1.407260696161e+00 -7.635375667362e-01 
 1.288249551693e+02  1.668594780995e-03  6.476410583855e-02  1.000000000000e+00  0.000000000000e+00  2.123793991748e+00 -9.119638941484e-01  1.565767734428e-01  6.077302197227e-01  1.759801652515e-01  6.021239700494e-01  2.515145189129e+00  0.000000000000e+00 -1.414685965024e+00 -7.806449233643e-01 
 1.318256738556e+02  1.747178608412e-03  6.627058386221e-02  1.000000000000e+00  0.000000000000e+00  2.108325125184e+00 -9.264091607183e-01  1.634764300543e-01  6.200670277467e-01  1.837258769083e-01  6.140747967875e-01  2.515145189129e+00  0.000000000000e+00 -1.422482215784e+00 -7.980771128384e-01 
 1.348962882592e+02  1.829460711633e-03  6.781200419937e-02  1.000000000000e+00  0.000000000000e+00  2.092366923345e+00 -9.408125510672e-01  1.706581276667e-01  6.325727357762e-01  1.917873526108e-01  6.261689299718e-01  2.515145189129e+00  0.000000000000e+00 -1.430667174581e+00 -8.158343231723e-01 
 1.380384264603e+02  1.915614877589e-03  6.938917025400e-02  1.000000000000e+00  0.000000000000e+00  2.075913524488e+00 -9.551564548165e-01  1.781314294785e-01  6.452441060683e-01  2.001752132783e-01  6.384015339427e-01  2.515145189129e+00  0.000000000000e+00 -1.439259239202e+00 -8.339160899397e-01 
 1.412537544623e+02  2.005823034096e-03  7.100290329254e-02  1.000000000000e+00  0.000000000000e+00  2.058959779562e+00 -9.694225543644e-01  1.859060475836e-01  6.580774522154e-01  2.089002355642e-01  6.507672357839e-01  2.515145189129e+00  0.000000000000e+00 -1.448277479317e+00 -8.523212367468e-01 
 1.445439770746e+02  2.100275630255e-03  7.265404294594e-02  1.000000000000e+00  0.000000000000e+00  2.041501315078e+00 -9.835918479366e-01  1.939918280987e-01  6.710686160950e-01  2.179733341909e-01  6.632600979647e-01  2.515145189129e+00  0.000000000000e+00 -1.457741632769e+00 -8.710478092428e-01 
 1.479108388168e+02  2.199172031851e-03  7.434344752983e-02  1.000000000000e+00  0.000000000000e+00  2.023534594569e+00 -9.976446779910e-01  2.023987346329e-01  6.842129442375e-01  2.274055423622e-01  6.758735913318e-01  2.515145189129e+00  0.000000000000e+00 -1.467672097337e+00 -8.900930070609e-01 
 1.513561248436e+02  2.302720936314e-03  7.607199442282e-02  1.000000000000e+00  0.000000000000e+00  2.005056981230e+00 -1.011560764047e+00  2.111368300684e-01  6.975052646594e-01  2.372079902561e-01  6.886005677516e-01  2.515145189129e+00  0.000000000000e+00 -1.478089919236e+00 -9.094531128784e-01 
 1.548816618912e+02  2.411140804270e-03  7.784058045945e-02  1.000000000000e+00  0.000000000000e+00  1.986066800775e+00 -1.025319243199e+00  2.202162554604e-01  7.109398636967e-01  2.473918799951e-01  7.014332334511e-01  2.515145189129e+00  0.000000000000e+00 -1.489016774713e+00 -9.291234190386e-01 
 1.584893192461e+02  2.524660317249e-03  7.965012229397e-02  1.000000000000e+00  0.000000000000e+00  1.966563400812e+00 -1.038898714585e+00  2.296472074522e-01  7.245104630711e-01  2.579684593074e-01  7.143631222425e-01  2.515145189129e+00  0.000000000000e+00 -1.500474947280e+00 -9.490981519468e-01 
 1.621810097359e+02  2.643518847890e-03  8.150155676412e-02  1.000000000000e+00  0.000000000000e+00  1.946547210915e+00 -1.052277290728e+00  2.394399133045e-01  7.382101966068e-01  2.689489917830e-01  7.273810687475e-01  2.515145189129e+00  0.000000000000e+00 -1.512487298498e+00 -9.693703930315e-01 
 1.659586907438e+02  2.767966958345e-03  8.339584138594e-02  1.000000000000e+00  0.000000000000e+00  1.926019798499e+00 -1.065432655392e+00  2.496046031010e-01  7.520315883448e-01  2.803447247134e-01  7.404771822039e-01  2.515145189129e+00  0.000000000000e+00 -1.525077231846e+00 -9.899319976767e-01 
 1.698243652462e+02  2.898266915963e-03  8.533395458653e-02  1.000000000000e+00  0.000000000000e+00  1.904983923538e+00 -1.078342125984e+00  2.601514802082e-01  7.659665322863e-01  2.921668538474e-01  7.536408236483e-01  2.515145189129e+00  0.000000000000e+00 -1.538268649847e+00 -1.010773518504e+00 
 1.737800828749e+02  3.034693237623e-03  8.731689624256e-02  1.000000000000e+00  0.000000000000e+00  1.883443588391e+00 -1.090982724447e+00  2.710906885331e-01  7.800062698079e-01  3.044264854980e-01  7.668605791405e-01  2.515145189129e+00  0.000000000000e+00 -1.552085903467e+00 -1.031884116642e+00 
 1.778279410039e+02  3.177533254529e-03  8.934568800032e-02  1.000000000000e+00  0.000000000000e+00  1.861404085299e+00 -1.103331250837e+00  2.824322780361e-01  7.941413722001e-01  3.171345960000e-01  7.801242393907e-01  2.515145189129e+00  0.000000000000e+00 -1.566553735062e+00 -1.053251484357e+00 
 1.819700858610e+02  3.327087707476e-03  9.142137371236e-02  1.000000000000e+00  0.000000000000e+00  1.838872036198e+00 -1.115364365280e+00  2.941861665458e-01  8.083617216907e-01  3.303019870073e-01  7.934187782230e-01  2.515145189129e+00  0.000000000000e+00 -1.581697209178e+00 -1.074861761215e+00 
 1.862087136663e+02  3.483671360300e-03  9.354501978669e-02  1.000000000000e+00  0.000000000000e+00  1.815855429508e+00 -1.127058673184e+00  3.063621003530e-01  8.226564958459e-01  3.439392391592e-01  8.067303331336e-01  2.515145189129e+00  0.000000000000e+00 -1.597541638586e+00 -1.096699452771e+00 
 1.905460717963e+02  3.647613653357e-03  9.571771569608e-02  1.000000000000e+00  0.000000000000e+00  1.792363649700e+00 -1.138390818145e+00  3.189696109039e-01  8.370141532505e-01  3.580566619057e-01  8.200441898080e-01  2.515145189129e+00  0.000000000000e+00 -1.614112499038e+00 -1.118747353402e+00 
 1.949844599758e+02  3.819259372449e-03  9.794057425461e-02  1.000000000000e+00  0.000000000000e+00  1.768407501513e+00 -1.149337574374e+00  3.320179697475e-01  8.514224211685e-01  3.726642404799e-01  8.333447662881e-01  2.515145189129e+00  0.000000000000e+00 -1.631435335661e+00 -1.140986468571e+00 
 1.995262314969e+02  3.998969364147e-03  1.002147321560e-01  1.000000000000e+00  0.000000000000e+00  1.743999222759e+00 -1.159875950543e+00  3.455161406309e-01  8.658682859968e-01  3.877715800190e-01  8.466156030772e-01  2.515145189129e+00  0.000000000000e+00 -1.649535657957e+00 -1.163395943377e+00 
 2.041737944670e+02  4.187121264295e-03  1.025413502502e-01  1.000000000000e+00  0.000000000000e+00  1.719152494334e+00 -1.169983287808e+00  3.594727294403e-01  8.803379868623e-01  4.033878470073e-01  8.598393540597e-01  2.515145189129e+00  0.000000000000e+00 -1.668438828058e+00 -1.185952995529e+00 
 2.089296130854e+02  4.384110276078e-03  1.049216140091e-01  1.000000000000e+00  0.000000000000e+00  1.693882439053e+00 -1.179637369933e+00  3.738959312905e-01  8.948170120129e-01  4.195217077504e-01  8.729977827752e-01  2.515145189129e+00  0.000000000000e+00 -1.688169937485e+00 -1.208632853057e+00 
 2.137962089502e+02  4.590349973114e-03  1.073567339772e-01  1.000000000000e+00  0.000000000000e+00  1.668205611873e+00 -1.188816527836e+00  3.887934761005e-01  9.092900984688e-01  4.361812644056e-01  8.860717613716e-01  2.515145189129e+00  0.000000000000e+00 -1.708753674720e+00 -1.231408700179e+00 
 2.187761623950e+02  4.806273138456e-03  1.098479460779e-01  1.000000000000e+00  0.000000000000e+00  1.642139979172e+00 -1.197499749018e+00  4.041725718416e-01  9.237412356306e-01  4.533739889157e-01  8.990412746789e-01  2.515145189129e+00  0.000000000000e+00 -1.730214183130e+00 -1.254251630881e+00 
 2.238721138568e+02  5.032332648625e-03  1.123965120642e-01  1.000000000000e+00  0.000000000000e+00  1.615704892436e+00 -1.205666785128e+00  4.200398457469e-01  9.381536733126e-01  4.711066540331e-01  9.118854287080e-01  2.515145189129e+00  0.000000000000e+00 -1.752574910309e+00 -1.277130612362e+00 
 2.290867652768e+02  5.269002385830e-03  1.150037199113e-01  1.000000000000e+00  0.000000000000e+00  1.588921050308e+00 -1.213298261398e+00  4.364012850565e-01  9.525099340826e-01  4.893852642854e-01  9.245824642712e-01  2.515145189129e+00  0.000000000000e+00 -1.775858451484e+00 -1.300012457749e+00 
 2.344228815320e+02  5.516778199308e-03  1.176708841522e-01  1.000000000000e+00  0.000000000000e+00  1.561810448300e+00 -1.220375781413e+00  4.532621749677e-01  9.667918294435e-01  5.082149833906e-01  9.371097758412e-01  2.515145189129e+00  0.000000000000e+00 -1.800086379685e+00 -1.322861811605e+00 
 2.398832919019e+02  5.776178905762e-03  1.203993463714e-01  1.000000000000e+00  0.000000000000e+00  1.534396322910e+00 -1.226882030489e+00  4.706270372844e-01  9.809804820688e-01  5.276000623126e-01  9.494439357659e-01  2.515145189129e+00  0.000000000000e+00 -1.825279074417e+00 -1.345641146908e+00 
 2.454708915685e+02  6.047747327102e-03  1.231904753949e-01  1.000000000000e+00  0.000000000000e+00  1.506703084335e+00 -1.232800875092e+00  4.884995679022e-01  9.950563532766e-01  5.475437659770e-01  9.615607268643e-01  2.515145189129e+00  0.000000000000e+00 -1.851455541963e+00 -1.368310780637e+00 
 2.511886431510e+02  6.332051386380e-03  1.260456678428e-01  1.000000000000e+00  0.000000000000e+00  1.478756239172e+00 -1.238117455970e+00  5.068825743510e-01  1.008999275160e+00  5.680482997559e-01  9.734351773513e-01  2.515145189129e+00  0.000000000000e+00 -1.878633230258e+00 -1.390828897323e+00 
 2.570395782769e+02  6.629685245571e-03  1.289663483476e-01  1.000000000000e+00  0.000000000000e+00  1.450582305668e+00 -1.242818279425e+00  5.257779135136e-01  1.022788489237e+00  5.891147376969e-01  9.850416056579e-01  2.515145189129e+00  0.000000000000e+00 -1.906827843539e+00 -1.413151593171e+00 
 2.630267991895e+02  6.941270481548e-03  1.319539699762e-01  1.000000000000e+00  0.000000000000e+00  1.422208719421e+00 -1.246891296702e+00  5.451864313800e-01  1.036402690108e+00  6.107429494150e-01  9.963536704890e-01  2.515145189129e+00  0.000000000000e+00 -1.936053149569e+00 -1.435232936684e+00 
 2.691534803927e+02  7.267457333000e-03  1.350100144336e-01  1.000000000000e+00  0.000000000000e+00  1.393663731869e+00 -1.250325978966e+00  5.651079026284e-01  1.049820076209e+00  6.329315310577e-01  1.007344427635e+00  2.515145189129e+00  0.000000000000e+00 -1.966320791433e+00 -1.457025044903e+00 
 2.754228703338e+02  7.608925987370e-03  1.381359926309e-01  1.000000000000e+00  0.000000000000e+00  1.364976302721e+00 -1.253113383427e+00  5.855409746291e-01  1.063018406043e+00  6.556777374353e-01  1.017986395862e+00  2.515145189129e+00  0.000000000000e+00 -1.997640098664e+00 -1.478478182413e+00 
 2.818382931264e+02  7.966387924171e-03  1.413334445388e-01  1.000000000000e+00  0.000000000000e+00  1.336175984470e+00 -1.255246208515e+00  6.064831117401e-01  1.075975059997e+00  6.789774175268e-01  1.028251625830e+00  2.515145189129e+00  0.000000000000e+00 -2.030017901179e+00 -1.499540871509e+00 
 2.884031503127e+02  8.340587313796e-03  1.446039399889e-01  1.000000000000e+00  0.000000000000e+00  1.307292801328e+00 -1.256718841381e+00  6.279305444332e-01  1.088667108677e+00  7.028249530122e-01  1.038111779606e+00  2.515145189129e+00  0.000000000000e+00 -2.063458346512e+00 -1.520160027876e+00 
 2.951209226666e+02  8.732302490898e-03  1.479490784986e-01  1.000000000000e+00  0.000000000000e+00  1.278357128380e+00 -1.257527392590e+00  6.498782226117e-01  1.101071387297e+00  7.272132027429e-01  1.047538215294e+00  2.515145189129e+00  0.000000000000e+00 -2.097962729070e+00 -1.540281112419e+00 
 3.019951720402e+02  9.142347460511e-03  1.513704897079e-01  1.000000000000e+00  0.000000000000e+00  1.249399561202e+00 -1.257669722661e+00  6.723197732354e-01  1.113164575770e+00  7.521334518678e-01  1.056502078427e+00  2.515145189129e+00  0.000000000000e+00 -2.133529323950e+00 -1.559848300984e+00 
 3.090295432514e+02  9.571573493304e-03  1.548698334664e-01  1.000000000000e+00  0.000000000000e+00  1.220450789668e+00 -1.257145454176e+00  6.952474627178e-01  1.124923282769e+00  7.775753658498e-01  1.064974399516e+00  2.515145189129e+00  0.000000000000e+00 -2.170153232667e+00 -1.578804673459e+00 
 3.162277660168e+02  1.002087077723e-02  1.584488001245e-01  1.000000000000e+00  0.000000000000e+00  1.191541464534e+00 -1.255955975736e+00  7.186521663098e-01  1.136324137915e+00  8.035269532120e-01  1.072926197434e+00  2.515145189129e+00  0.000000000000e+00 -2.207826242774e+00 -1.597092418692e+00 
 3.235936569296e+02  1.049117013463e-02  1.621091105626e-01  1.000000000000e+00  0.000000000000e+00  1.162702070782e+00 -1.254104431951e+00  7.425233438844e-01  1.147343883524e+00  8.299745348049e-01  1.080328588374e+00  2.515145189129e+00  0.000000000000e+00 -2.246536703921e+00 -1.614653057441e+00 
 3.311311214826e+02  1.098344481034e-02  1.658525163366e-01  1.000000000000e+00  0.000000000000e+00  1.133962797932e+00 -1.251595703419e+00  7.668490230571e-01  1.157959477510e+00  8.569027214544e-01  1.087152899941e+00  2.515145189129e+00  0.000000000000e+00 -2.286269419202e+00 -1.631427680631e+00 
 3.388441561392e+02  1.149871233793e-02  1.696807997650e-01  1.000000000000e+00  0.000000000000e+00  1.105353415711e+00 -1.248436375521e+00  7.916157895233e-01  1.168148191646e+00  8.842943996424e-01  1.093370787334e+00  2.515145189129e+00  0.000000000000e+00 -2.327005555287e+00 -1.647357197361e+00 
 3.467368504525e+02  1.203803647513e-02  1.735957737546e-01  1.000000000000e+00  0.000000000000e+00  1.076903149951e+00 -1.244634697447e+00  8.168087869417e-01  1.177887720056e+00  9.121307288297e-01  1.098954356275e+00  2.515145189129e+00  0.000000000000e+00 -2.368722575982e+00 -1.662382601175e+00 
 3.548133892336e+02  1.260252921384e-02  1.775992820913e-01  1.000000000000e+00  0.000000000000e+00  1.048640568857e+00 -1.240200528177e+00  8.424117245013e-01  1.187156283762e+00  9.403911463451e-01  1.103876283858e+00  2.515145189129e+00  0.000000000000e+00 -2.411394196149e+00 -1.676445238892e+00 
 3.630780547701e+02  1.319335288281e-02  1.816931991198e-01  1.000000000000e+00  0.000000000000e+00  1.020593469148e+00 -1.235145275481e+00  8.684068942675e-01  1.195932740811e+00  9.690533839166e-01  1.108109945664e+00  2.515145189129e+00  0.000000000000e+00 -2.454990358887e+00 -1.689487095199e+00 
 3.715352290972e+02  1.381172231049e-02  1.858794296277e-01  1.000000000000e+00  0.000000000000e+00  9.927887723316e-01 -1.229481826304e+00  8.947751980741e-01  1.204196693841e+00  9.980934951454e-01  1.111629539402e+00  2.515145189129e+00  0.000000000000e+00 -2.499477239703e+00 -1.701451074662e+00 
 3.801893963206e+02  1.445890709510e-02  1.901599086996e-01  1.000000000000e+00  0.000000000000e+00  9.652524283156e-01 -1.223224467598e+00  9.214961836115e-01  1.211928598583e+00  1.027485892409e+00  1.114410210401e+00  2.515145189129e+00  0.000000000000e+00 -2.544817273255e+00 -1.712281292227e+00 
 3.890451449943e+02  1.513623394385e-02  1.945366015134e-01  1.000000000000e+00  0.000000000000e+00  9.380093248328e-01 -1.216388799017e+00  9.485480906442e-01  1.219109869329e+00  1.057203396456e+00  1.116428174311e+00  2.515145189129e+00  0.000000000000e+00 -2.590969208424e+00 -1.721923362177e+00 
 3.981071705535e+02  1.584508911219e-02  1.990115027002e-01  1.000000000000e+00  0.000000000000e+00  9.110832085134e-01 -1.208991643740e+00  9.759079073556e-01  1.225722984411e+00  1.087217298103e+00  1.117660837714e+00  2.515145189129e+00  0.000000000000e+00 -2.637888193467e+00 -1.730324683609e+00 
 4.073802778041e+02  1.658692092678e-02  2.035866364604e-01  1.000000000000e+00  0.000000000000e+00  8.844966124743e-01 -1.201050948584e+00  1.003551435308e+00  1.231751583749e+00  1.117497425061e+00  1.118086911971e+00  2.515145189129e+00  0.000000000000e+00 -2.685525874718e+00 -1.737434718141e+00 
 4.168693834703e+02  1.736324239391e-02  2.082640554872e-01  1.000000000000e+00  0.000000000000e+00  8.582707953174e-01 -1.192585683428e+00  1.031453364063e+00  1.237180566881e+00  1.148012227146e+00  1.117686528247e+00  2.515145189129e+00  0.000000000000e+00 -2.733830537825e+00 -1.743205269702e+00 
 4.265795188016e+02  1.817563392615e-02  2.130458407919e-01  1.000000000000e+00  0.000000000000e+00  8.324256886262e-01 -1.183615736663e+00  1.059587355703e+00  1.241996180266e+00  1.178728866391e+00  1.116441338789e+00  2.515145189129e+00  0.000000000000e+00 -2.782747263069e+00 -1.747590739279e+00 
 4.365158322402e+02  1.902574614360e-02  2.179341007140e-01  1.000000000000e+00  0.000000000000e+00  8.069798547076e-01 -1.174161807634e+00  1.087926137261e+00  1.246186102740e+00  1.209613318089e+00  1.114334616112e+00  2.515145189129e+00  0.000000000000e+00 -2.832218107732e+00 -1.750548376570e+00 
 4.466835921510e+02  1.991530277883e-02  2.229309704271e-01  1.000000000000e+00  0.000000000000e+00  7.819504542276e-01 -1.164245298365e+00  1.116441599559e+00  1.249739519320e+00  1.240630481392e+00  1.111351340776e+00  2.515145189129e+00  0.000000000000e+00 -2.882182312558e+00 -1.752038509430e+00 
 4.570881896149e+02  2.084610368911e-02  2.280386108032e-01  1.000000000000e+00  0.000000000000e+00  7.573532224633e-01 -1.153888205299e+00  1.145104905358e+00  1.252647188725e+00  1.271744296188e+00  1.107478282880e+00  2.515145189129e+00  0.000000000000e+00 -2.932576525145e+00 -1.752024760413e+00 
 4.677351412872e+02  2.182002796326e-02  2.332592075109e-01  1.000000000000e+00  0.000000000000e+00  7.332024564967e-01 -1.143113010796e+00  1.173886603676e+00  1.254901502980e+00  1.302917869063e+00  1.102704069810e+00  2.515145189129e+00  0.000000000000e+00 -2.983335047016e+00 -1.750474236081e+00 
 4.786300923226e+02  2.283903711941e-02  2.385949698219e-01  1.000000000000e+00  0.000000000000e+00  7.095110102091e-01 -1.131942577194e+00  1.202756746905e+00  1.256496533519e+00  1.334113605320e+00  1.097019245848e+00  2.515145189129e+00  0.000000000000e+00 -3.034390096745e+00 -1.747357698579e+00 
 4.897788193684e+02  2.390517843378e-02  2.440481291560e-01  1.000000000000e+00  0.000000000000e+00  6.862902988214e-01 -1.120400042273e+00  1.231685016304e+00  1.257428070297e+00  1.365293343319e+00  1.090416318504e+00  2.515145189129e+00  0.000000000000e+00 -3.085672082577e+00 -1.742649709851e+00 
 5.011872336273e+02  2.502058834943e-02  2.496209379751e-01  1.000000000000e+00  0.000000000000e+00  6.635503106518e-01 -1.108508718899e+00  1.260640846798e+00  1.257693649037e+00  1.396418495569e+00  1.082889794605e+00  2.515145189129e+00  0.000000000000e+00 -3.137109892200e+00 -1.736328753433e+00 
 5.128613839914e+02  2.618749599060e-02  2.553156678914e-01  1.000000000000e+00  0.000000000000e+00  6.412996267900e-01 -1.096291997004e+00  1.289593556896e+00  1.257292565890e+00  1.427450190065e+00  1.074436200550e+00  2.515145189129e+00  0.000000000000e+00 -3.188631186996e+00 -1.728377323034e+00 
 5.248074602498e+02  2.740822680425e-02  2.611346080375e-01  1.000000000000e+00  0.000000000000e+00  6.195454486879e-01 -1.083773250226e+00  1.318512478378e+00  1.256225883029e+00  1.458349414635e+00  1.065054095117e+00  2.515145189129e+00  0.000000000000e+00 -3.240162706366e+00 -1.718781994013e+00 
 5.370317963702e+02  2.868520625634e-02  2.670800630003e-01  1.000000000000e+00  0.000000000000e+00  5.982936315704e-01 -1.070975748589e+00  1.347367085982e+00  1.254496422131e+00  1.489077159669e+00  1.054744064808e+00  2.515145189129e+00  0.000000000000e+00 -3.291630571730e+00 -1.707533456687e+00 
 5.495408738576e+02  3.002096368800e-02  2.731543507543e-01  1.000000000000e+00  0.000000000000e+00  5.775487228530e-01 -1.057922574459e+00  1.376127125695e+00  1.252108744578e+00  1.519594558049e+00  1.043508708943e+00  2.515145189129e+00  0.000000000000e+00 -3.342960587526e+00 -1.694626527527e+00 
 5.623413251903e+02  3.141813622278e-02  2.793598002172e-01  1.000000000000e+00  0.000000000000e+00  5.573140071938e-01 -1.044636545470e+00  1.404762741644e+00  1.249069123762e+00  1.549863027874e+00  1.031352612423e+00  2.515145189129e+00  0.000000000000e+00 -3.394078551143e+00 -1.680060131979e+00 
 5.754399373372e+02  3.287947281206e-02  2.856987488340e-01  1.000000000000e+00  0.000000000000e+00  5.375915546902e-01 -1.031140142120e+00  1.433244597632e+00  1.245385504328e+00  1.579844402615e+00  1.018282305566e+00  2.515145189129e+00  0.000000000000e+00 -3.444910539339e+00 -1.663837259139e+00 
 5.888436553556e+02  3.440783831320e-02  2.921735395212e-01  1.000000000000e+00  0.000000000000e+00  5.183822741965e-01 -1.017455442459e+00  1.461543995654e+00  1.241067452356e+00  1.609501064057e+00  1.004306215444e+00  2.515145189129e+00  0.000000000000e+00 -3.495383202835e+00 -1.645964895559e+00 
 6.025595860744e+02  3.600621775695e-02  2.987865176983e-01  1.000000000000e+00  0.000000000000e+00  4.996859678067e-01 -1.003604061902e+00  1.489632988581e+00  1.236126094358e+00  1.638796064071e+00  9.894346020883e-01  2.515145189129e+00  0.000000000000e+00 -3.545424039228e+00 -1.626453926259e+00 
 6.165950018615e+02  3.767772059655e-02  3.055400280864e-01  1.000000000000e+00  0.000000000000e+00  4.815013901098e-01 -9.896070986288e-01  1.517484484939e+00  1.230574049754e+00  1.667693239171e+00  9.736794888740e-01  2.515145189129e+00  0.000000000000e+00 -3.594961653849e+00 -1.605319021201e+00 
 6.309573444802e+02  3.942558509880e-02  3.124364109244e-01  1.000000000000e+00  0.000000000000e+00  4.638263078523e-01 -9.754850871395e-01  1.545072348556e+00  1.224425352179e+00  1.696157319937e+00  9.570545821916e-01  2.515145189129e+00  0.000000000000e+00 -3.643926010645e+00 -1.582578495962e+00 
 6.456542290347e+02  4.125318278966e-02  3.194779978949e-01  1.000000000000e+00  0.000000000000e+00  4.466575614060e-01 -9.612579552922e-01  1.572371489368e+00  1.217695366358e+00  1.724154029507e+00  9.395751850680e-01  2.515145189129e+00  0.000000000000e+00 -3.692248662118e+00 -1.558254158421e+00 
 6.606934480076e+02  4.316402298718e-02  3.266671083402e-01  1.000000000000e+00  0.000000000000e+00  4.299911267008e-01 -9.469449889148e-01  1.599357943516e+00  1.210400695913e+00  1.751650168328e+00  9.212581006577e-01  2.515145189129e+00  0.000000000000e+00 -3.739862952047e+00 -1.532371131544e+00 
 6.760829753920e+02  4.516175734898e-02  3.340060443734e-01  1.000000000000e+00  0.000000000000e+00  4.138221782632e-01 -9.325648003723e-01  1.626008948777e+00  1.202559087193e+00  1.778613699134e+00  9.021215328248e-01  2.515145189129e+00  0.000000000000e+00 -3.786704219258e+00 -1.504957667819e+00 
 6.918309709189e+02  4.725018452882e-02  3.414970857557e-01  1.000000000000e+00  0.000000000000e+00  3.981451510335e-01 -9.181353045860e-01  1.652303006966e+00  1.194189329166e+00  1.805013808189e+00  8.821849826491e-01  2.515145189129e+00  0.000000000000e+00 -3.832709953319e+00 -1.476044951703e+00 
 7.079457843841e+02  4.943325476052e-02  3.491424852982e-01  1.000000000000e+00  0.000000000000e+00  3.829538021819e-01 -9.036736986600e-01  1.678219937254e+00  1.185311148409e+00  1.830820967210e+00  8.614691398107e-01  2.515145189129e+00  0.000000000000e+00 -3.877819951612e+00 -1.445666890273e+00 
 7.244359600750e+02  5.171507461637e-02  3.569444622844e-01  1.000000000000e+00  0.000000000000e+00  3.682412719354e-01 -8.891964466311e-01  1.703740921803e+00  1.175945102703e+00  1.856006977148e+00  8.399957728107e-01  2.515145189129e+00  0.000000000000e+00 -3.921976439667e+00 -1.413859898008e+00 
 7.413102413009e+02  5.409991163469e-02  3.649051971151e-01  1.000000000000e+00  0.000000000000e+00  3.540001429501e-01 -8.747192698065e-01  1.728848538594e+00  1.166112471605e+00  1.880545003107e+00  8.177876173286e-01  2.515145189129e+00  0.000000000000e+00 -3.965124173009e+00 -1.380662675661e+00 
 7.585775750292e+02  5.659219902009e-02  3.730268240906e-01  1.000000000000e+00  0.000000000000e+00  3.402224980528e-01 -8.602571395459e-01  1.753526787739e+00  1.155835150508e+00  1.904409601353e+00  7.948682678398e-01  2.515145189129e+00  0.000000000000e+00 -4.007210522401e+00 -1.346115993488e+00 
 7.762471166287e+02  5.919654025638e-02  3.813114251243e-01  1.000000000000e+00  0.000000000000e+00  3.268999762950e-01 -8.458242760971e-01  1.777761105681e+00  1.145135539817e+00  1.927576731425e+00  7.712620664388e-01  2.515145189129e+00  0.000000000000e+00 -4.048185528383e+00 -1.310262466341e+00 
 7.943282347243e+02  6.191771373415e-02  3.897610215936e-01  1.000000000000e+00  0.000000000000e+00  3.140238267952e-01 -8.314341495279e-01  1.801538371248e+00  1.134036439238e+00  1.950023760088e+00  7.469939958537e-01  2.515145189129e+00  0.000000000000e+00 -4.088001938432e+00 -1.273146335155e+00 
 8.128305161641e+02  6.476067725453e-02  3.983775670058e-01  1.000000000000e+00  0.000000000000e+00  3.015849604853e-01 -8.170994849643e-01  1.824846904492e+00  1.122560943943e+00  1.971729459008e+00  7.220895775827e-01  2.515145189129e+00  0.000000000000e+00 -4.126615230425e+00 -1.234813256933e+00 
 8.317637711027e+02  6.773057242390e-02  4.071629376267e-01  1.000000000000e+00  0.000000000000e+00  2.895739991800e-01 -8.028322698083e-01  1.847676454578e+00  1.110732341418e+00  1.992673987057e+00  6.965747703798e-01  2.515145189129e+00  0.000000000000e+00 -4.163983603982e+00 -1.195310093428e+00 
 8.511380382024e+02  7.083272899035e-02  4.161189245642e-01  1.000000000000e+00  0.000000000000e+00  2.779813231318e-01 -7.886437652633e-01  1.870018181857e+00  1.098574014613e+00  2.012838870520e+00  6.704758765409e-01  2.515145189129e+00  0.000000000000e+00 -4.200067966829e+00 -1.154684713993e+00 
 8.709635899561e+02  7.407266894006e-02  4.252472230000e-01  1.000000000000e+00  0.000000000000e+00  2.667971143965e-01 -7.745445182081e-01  1.891864632256e+00  1.086109347176e+00  2.032206973759e+00  6.438194528455e-01  2.515145189129e+00  0.000000000000e+00 -4.234831899860e+00 -1.112985806144e+00 
 8.912509381337e+02  7.745611044811e-02  4.345494229929e-01  1.000000000000e+00  0.000000000000e+00  2.560113990912e-01 -7.605443766806e-01  1.913209704217e+00  1.073361634510e+00  2.050762459403e+00  6.166322277859e-01  2.515145189129e+00  0.000000000000e+00 -4.268241600609e+00 -1.070262697677e+00 
 9.120108393559e+02  8.098897153104e-02  4.440269977786e-01  1.000000000000e+00  0.000000000000e+00  2.456140866561e-01 -7.466525072232e-01  1.934048612136e+00  1.060353999492e+00  2.068490750156e+00  5.889410243835e-01  2.515145189129e+00  0.000000000000e+00 -4.300265828343e+00 -1.026565187784e+00 
 9.332543007970e+02  8.467737358296e-02  4.536812931765e-01  1.000000000000e+00  0.000000000000e+00  2.355950060301e-01 -7.328774126945e-01  1.954377841204e+00  1.047109314823e+00  2.085378480610e+00  5.607726927847e-01  2.515145189129e+00  0.000000000000e+00 -4.330875827522e+00 -9.819433980367e-01 
 9.549925860214e+02  8.852764444600e-02  4.635135148419e-01  1.000000000000e+00  0.000000000000e+00  2.259439397312e-01 -7.192269522930e-01  1.974195100600e+00  1.033650127938e+00  2.101413443219e+00  5.321540466975e-01  2.515145189129e+00  0.000000000000e+00 -4.360045238345e+00 -9.364476288790e-01 
 9.772372209558e+02  9.254632107331e-02  4.735247159842e-01  1.000000000000e+00  0.000000000000e+00  2.166506554058e-01 -7.057083626278e-01  1.993499270873e+00  1.019998596516e+00  2.116584537551e+00  5.031118100160e-01  2.515145189129e+00  0.000000000000e+00 -4.387750012341e+00 -8.901282361972e-01 
 1.000000000000e+03  9.674015198834e-02  4.837157833390e-01  1.000000000000e+00  0.000000000000e+00  2.077049345535e-01 -6.923282785574e-01  2.012290349929e+00  1.006176425028e+00  2.130881709512e+00  4.736725697294e-01  2.515145189129e+00  0.000000000000e+00 -4.413968306422e+00 -8.430355197075e-01 
 1.023292992281e+03  1.011160991038e-01  4.940874239546e-01  1.000000000000e+00  0.000000000000e+00  1.990965992154e-01 -6.790927571710e-01  2.030569393421e+00  9.922048118897e-01  2.144295896403e+00  4.438627376803e-01  2.515145189129e+00  0.000000000000e+00 -4.438680387245e+00 -7.952196278739e-01 
 1.047128548051e+03  1.056813390169e-01  5.046401495929e-01  1.000000000000e+00  0.000000000000e+00  1.908155361307e-01 -6.660072986269e-01  2.048338457476e+00  9.781043987023e-01  2.156818964519e+00  4.137085170369e-01  2.515145189129e+00  0.000000000000e+00 -4.461868519137e+00 -7.467304726348e-01 
 1.071519305238e+03  1.104432638385e-01  5.153742614784e-01  1.000000000000e+00  0.000000000000e+00  1.828517186223e-01 -6.530768709490e-01  2.065600534668e+00  9.638952283422e-01  2.168443650473e+00  3.832358804066e-01  2.515145189129e+00  0.000000000000e+00 -4.483516858109e+00 -6.976176656072e-01 
 1.096478196143e+03  1.154094810772e-01  5.262898342917e-01  1.000000000000e+00  0.000000000000e+00  1.751952265913e-01 -6.403059326112e-01  2.082359493710e+00  9.495967077091e-01  2.179163502529e+00  3.524705518503e-01  2.515145189129e+00  0.000000000000e+00 -4.503611344447e+00 -6.479304628189e-01 
 1.122018454302e+03  1.205878132023e-01  5.373866985319e-01  1.000000000000e+00  0.000000000000e+00  1.678362640378e-01 -6.276984558208e-01  2.098620016128e+00  9.352275759447e-01  2.188972824253e+00  3.214379969286e-01  2.515145189129e+00  0.000000000000e+00 -4.522139598568e+00 -5.977177243418e-01 
 1.148153621497e+03  1.259862959851e-01  5.486644237535e-01  1.000000000000e+00  0.000000000000e+00  1.607651750674e-01 -6.152579503832e-01  2.114387536421e+00  9.208058783552e-01  2.197866619565e+00  2.901634188020e-01  2.515145189129e+00  0.000000000000e+00 -4.539090818292e+00 -5.470278861775e-01 
 1.174897554940e+03  1.316131761996e-01  5.601222993573e-01  1.000000000000e+00  0.000000000000e+00  1.539724577451e-01 -6.029874854721e-01  2.129668175709e+00  9.063489463879e-01  2.205840536393e+00  2.586717625672e-01  2.515145189129e+00  0.000000000000e+00 -4.554455671936e+00 -4.959089484413e-01 
 1.202264434617e+03  1.374769083050e-01  5.717593162553e-01  1.000000000000e+00  0.000000000000e+00  1.474487764935e-01 -5.908897137269e-01  2.144468684681e+00  8.918733802857e-01  2.212890824303e+00  2.269877215149e-01  2.515145189129e+00  0.000000000000e+00 -4.568226218100e+00 -4.444084666601e-01 
 1.230268770812e+03  1.435861498758e-01  5.835741466144e-01  1.000000000000e+00  0.000000000000e+00  1.411849723954e-01 -5.789668924408e-01  2.158796381671e+00  8.773950389586e-01  2.219014280941e+00  1.951357526996e-01  2.515145189129e+00  0.000000000000e+00 -4.580395801435e+00 -3.925735621917e-01 
 1.258925411794e+03  1.499497562472e-01  5.955651232507e-01  1.000000000000e+00  0.000000000000e+00  1.351720725943e-01 -5.672209063778e-01  2.172659095377e+00  8.629290331155e-01  2.224208218046e+00  1.631400951592e-01  2.515145189129e+00  0.000000000000e+00 -4.590958986676e+00 -3.404509369511e-01 
 1.288249551693e+03  1.565767734137e-01  6.077302197227e-01  1.000000000000e+00  0.000000000000e+00  1.294012978178e-01 -5.556532881455e-01  2.186065109912e+00  8.484897217713e-01  2.228470422328e+00  1.310247917136e-01  2.515145189129e+00  0.000000000000e+00 -4.599911480625e+00 -2.880868968681e-01 
 1.318256738556e+03  1.634764300834e-01  6.200670276303e-01  1.000000000000e+00  0.000000000000e+00  1.238640686934e-01 -5.442652394995e-01  2.199023106601e+00  8.340907134116e-01  2.231799121480e+00  9.881371696247e-02  2.515145189129e+00  0.000000000000e+00 -4.607250063349e+00 -2.355273858808e-01 
 1.348962882592e+03  1.706581276958e-01  6.325727357762e-01  1.000000000000e+00  0.000000000000e+00  1.185520109575e-01 -5.330576515989e-01  2.211542116944e+00  8.197448701831e-01  2.234192962293e+00  6.653060534154e-02  2.515145189129e+00  0.000000000000e+00 -4.612972542022e+00 -1.828180214996e-01 
 1.380384264603e+03  1.781314294785e-01  6.452441060683e-01  1.000000000000e+00  0.000000000000e+00  1.134569593705e-01 -5.220311240992e-01  2.223631469533e+00  8.054643154610e-01  2.235650986899e+00  3.419908439537e-02  2.515145189129e+00  0.000000000000e+00 -4.617077699911e+00 -1.300041397587e-01 
 1.412537544623e+03  1.859060475836e-01  6.580774522154e-01  1.000000000000e+00  0.000000000000e+00  1.085709607432e-01 -5.111859838944e-01  2.235300741624e+00  7.912604435114e-01  2.236172616947e+00  1.842708751383e-03  2.515145189129e+00  0.000000000000e+00 -4.619565259797e+00 -7.713084313988e-02 
 1.445439770746e+03  1.939918280696e-01  6.710686162114e-01  1.000000000000e+00  0.000000000000e+00  1.038862758869e-01 -5.005223035114e-01  2.246559717692e+00  7.771439321805e-01  2.235757647082e+00 -3.051500540096e-02  2.515145189129e+00  0.000000000000e+00 -4.620435864399e+00 -2.424304857590e-02 
 1.479108388168e+03  2.023987346329e-01  6.842129442375e-01  1.000000000000e+00  0.000000000000e+00  9.939538089384e-02 -4.900399185135e-01  2.257418347523e+00  7.631247579120e-01  2.234406242147e+00 -6.285054424370e-02  2.515145189129e+00  0.000000000000e+00 -4.619691063293e+00  2.861446116755e-02 
 1.513561248436e+03  2.111368300684e-01  6.975052646594e-01  1.000000000000e+00  0.000000000000e+00  9.509096735565e-02 -4.797384439153e-01  2.267886701040e+00  7.492122115800e-01  2.232118934859e+00 -9.514035918983e-02  2.515145189129e+00  0.000000000000e+00 -4.617333299096e+00  8.139698241965e-02 
 1.548816618912e+03  2.202162554604e-01  7.109398636967e-01  1.000000000000e+00  0.000000000000e+00  9.096594214498e-02 -4.696172905969e-01  2.277974938508e+00  7.354149171151e-01  2.228896641172e+00 -1.273608334013e-01  2.515145189129e+00  0.000000000000e+00 -4.613365927684e+00  1.340598440134e-01 
 1.584893192461e+03  2.296472074522e-01  7.245104630711e-01  1.000000000000e+00  0.000000000000e+00  8.701342636778e-02 -4.596756797982e-01  2.287693270482e+00  7.217408515280e-01  2.224740667269e+00 -1.594882454374e-01  2.515145189129e+00  0.000000000000e+00 -4.607793220274e+00  1.865583530050e-01 
 1.621810097359e+03  2.394399132754e-01  7.382101964904e-01  1.000000000000e+00  0.000000000000e+00  8.322675386444e-02 -4.499126586597e-01  2.297051928937e+00  7.081973645836e-01  2.219652736560e+00 -1.914987386554e-01  2.515145189129e+00  0.000000000000e+00 -4.600620404207e+00  2.388477530044e-01 
 1.659586907438e+03  2.496046031010e-01  7.520315884613e-01  1.000000000000e+00  0.000000000000e+00  7.959946914343e-02 -4.403271130868e-01  2.306061137002e+00  6.947912012693e-01  2.213635011576e+00 -2.233682902588e-01  2.515145189129e+00  0.000000000000e+00 -4.591853691860e+00  2.908831792977e-01 
 1.698243652462e+03  2.601514801790e-01  7.659665324027e-01  1.000000000000e+00  0.000000000000e+00  7.612532486382e-02 -4.309177817195e-01  2.314731082413e+00  6.815285230987e-01  2.206690124702e+00 -2.550726854533e-01  2.515145189129e+00  0.000000000000e+00 -4.581500325924e+00  3.426196250866e-01 
 1.737800828749e+03  2.710906884749e-01  7.800062698079e-01  1.000000000000e+00  0.000000000000e+00  7.279827896855e-02 -4.216832678649e-01  2.323071891442e+00  6.684149317443e-01  2.198821215890e+00 -2.865874928539e-01  2.515145189129e+00  0.000000000000e+00 -4.569568637228e+00  3.940119086886e-01 
 1.778279410039e+03  2.824322780361e-01  7.941413720837e-01  1.000000000000e+00  0.000000000000e+00  6.961249142478e-02 -4.126220514881e-01  2.331093609333e+00  6.554554920876e-01  2.190031973179e+00 -3.178880467312e-01  2.515145189129e+00  0.000000000000e+00 -4.556068106817e+00  4.450146531061e-01 
 1.819700858610e+03  2.941861665458e-01  8.083617216907e-01  1.000000000000e+00  0.000000000000e+00  6.656232067326e-02 -4.037325005629e-01  2.338806176092e+00  6.426547545707e-01  2.180326675996e+00 -3.489494313835e-01  2.515145189129e+00  0.000000000000e+00 -4.541009431564e+00  4.955822698740e-01 
 1.862087136663e+03  3.063621003530e-01  8.226564957295e-01  1.000000000000e+00  0.000000000000e+00  6.364231983025e-02 -3.950128814904e-01  2.346219412051e+00  6.300167799927e-01  2.169710244518e+00 -3.797464728123e-01  2.515145189129e+00  0.000000000000e+00 -4.524404601509e+00  5.456689558292e-01 
 1.905460717963e+03  3.189696109039e-01  8.370141531341e-01  1.000000000000e+00  0.000000000000e+00  6.084723267850e-02 -3.864613689948e-01  2.353343000636e+00  6.175451617455e-01  2.158188294619e+00 -4.102537353756e-01  2.515145189129e+00  0.000000000000e+00 -4.506266985962e+00  5.952286977667e-01 
 1.949844599758e+03  3.320179696893e-01  8.514224211685e-01  1.000000000000e+00  0.000000000000e+00  5.817198948353e-02 -3.780760556692e-01  2.360186473932e+00  6.052430485142e-01  2.145767188165e+00 -4.404455249896e-01  2.515145189129e+00  0.000000000000e+00 -4.486611409471e+00  6.442152903684e-01 
 1.995262314969e+03  3.455161406309e-01  8.658682859968e-01  1.000000000000e+00  0.000000000000e+00  5.561170261353e-02 -3.698549608816e-01  2.366759197321e+00  5.931131686084e-01  2.132454092149e+00 -4.702958955895e-01  2.515145189129e+00  0.000000000000e+00 -4.465454244103e+00  6.925823582920e-01 
 2.041737944670e+03  3.594727293821e-01  8.803379868623e-01  1.000000000000e+00  0.000000000000e+00  5.316166211560e-02 -3.617960386910e-01  2.373070364818e+00  5.811578505673e-01  2.118257038761e+00 -4.997786696185e-01  2.515145189129e+00  0.000000000000e+00 -4.442813502017e+00  7.402834040178e-01 
 2.089296130854e+03  3.738959312905e-01  8.948170120129e-01  1.000000000000e+00  0.000000000000e+00  5.081733114639e-02 -3.538971860544e-01  2.379128982779e+00  5.693790463265e-01  2.103184982669e+00 -5.288674572948e-01  2.515145189129e+00  0.000000000000e+00 -4.418708921720e+00  7.872718525230e-01 
 2.137962089502e+03  3.887934761005e-01  9.092900984688e-01  1.000000000000e+00  0.000000000000e+00  4.857434137375e-02 -3.461562498705e-01  2.384943868499e+00  5.577783522895e-01  2.087247861549e+00 -5.575356902555e-01  2.515145189129e+00  0.000000000000e+00 -4.393162059187e+00  8.335011222073e-01 
 2.187761623950e+03  4.041725717834e-01  9.237412355142e-01  1.000000000000e+00  0.000000000000e+00  4.642848829826e-02 -3.385710340808e-01  2.390523636714e+00  5.463570296997e-01  2.070456653601e+00 -5.857566572959e-01  2.515145189129e+00  0.000000000000e+00 -4.366196372456e+00  8.789246981762e-01 
 2.238721138568e+03  4.200398458051e-01  9.381536733126e-01  1.000000000000e+00  0.000000000000e+00  4.437572656752e-02 -3.311393054319e-01  2.395876701921e+00  5.351160255959e-01  2.052823437611e+00 -6.135035528569e-01  2.515145189129e+00  0.000000000000e+00 -4.337837310058e+00  9.234962277884e-01 
 2.290867652768e+03  4.364012850565e-01  9.525099339662e-01  1.000000000000e+00  0.000000000000e+00  4.241216537048e-02 -3.238588002860e-01  2.401011266746e+00  5.240559920203e-01  2.034361444181e+00 -6.407495278399e-01  2.515145189129e+00  0.000000000000e+00 -4.308112381126e+00  9.671696201613e-01 
 2.344228815320e+03  4.532621749677e-01  9.667918293271e-01  1.000000000000e+00  0.000000000000e+00  4.053406364255e-02 -3.167272292776e-01  2.405935324728e+00  5.131773049361e-01  2.015085110907e+00 -6.674677528208e-01  2.515145189129e+00  0.000000000000e+00 -4.277051232913e+00  1.009899166020e+00 
 2.398832919019e+03  4.706270372844e-01  9.809804820688e-01  1.000000000000e+00  0.000000000000e+00  3.873782554729e-02 -3.097422833671e-01  2.410656654276e+00  5.024800827960e-01  1.995010128478e+00 -6.936314845225e-01  2.515145189129e+00  0.000000000000e+00 -4.244685709628e+00  1.051639663135e+00 
 2.454708915685e+03  4.884995679022e-01  9.950563532766e-01  1.000000000000e+00  0.000000000000e+00  3.701999578334e-02 -3.029016377404e-01  2.415182818193e+00  4.919642034220e-01  1.974153482355e+00 -7.192141426494e-01  2.515145189129e+00  0.000000000000e+00 -4.211049902354e+00  1.092346558145e+00 
 2.511886431510e+03  5.068825743510e-01  1.008999275276e+00  1.000000000000e+00  0.000000000000e+00  3.537725507340e-02 -2.962029568153e-01  2.419521166943e+00  4.816293215845e-01  1.952533494215e+00 -7.441893920768e-01  2.515145189129e+00  0.000000000000e+00 -4.176180198422e+00  1.131976097019e+00 
 2.570395782769e+03  5.257779135136e-01  1.022788489237e+00  1.000000000000e+00  0.000000000000e+00  3.380641569674e-02 -2.896438983153e-01  2.423678832129e+00  4.714748845436e-01  1.930169846397e+00 -7.685312295798e-01  2.515145189129e+00  0.000000000000e+00 -4.140115296938e+00  1.170485481757e+00 
 2.630267991895e+03  5.451864313800e-01  1.036402690108e+00  1.000000000000e+00  0.000000000000e+00  3.230441699270e-02 -2.832221167628e-01  2.427662732080e+00  4.615001477068e-01  1.907083609374e+00 -7.922140794108e-01  2.515145189129e+00  0.000000000000e+00 -4.102896231350e+00  1.207833040817e+00 
 2.691534803927e+03  5.651079026284e-01  1.049820076209e+00  1.000000000000e+00  0.000000000000e+00  3.086832111512e-02 -2.769352673204e-01  2.431479572318e+00  4.517041891231e-01  1.883297255496e+00 -8.152128919028e-01  2.515145189129e+00  0.000000000000e+00 -4.064566364597e+00  1.243978403448e+00 
 2.754228703338e+03  5.855409746291e-01  1.063018405810e+00  1.000000000000e+00  0.000000000000e+00  2.949530866681e-02 -2.707810088759e-01  2.435135846958e+00  4.420859236852e-01  1.858834664570e+00 -8.375032467302e-01  2.515145189129e+00  0.000000000000e+00 -4.025171370103e+00  1.278882679463e+00 
 2.818382931264e+03  6.064831117401e-01  1.075975059997e+00  1.000000000000e+00  0.000000000000e+00  2.818267459952e-02 -2.647570069530e-01  2.438637841493e+00  4.326441160520e-01  1.833721122006e+00 -8.590614591958e-01  2.515145189129e+00  0.000000000000e+00 -3.984759198145e+00  1.312508641835e+00 
 2.884031503127e+03  6.279305444332e-01  1.088667108677e+00  1.000000000000e+00  0.000000000000e+00  2.692782409940e-02 -2.588609366212e-01  2.441991636530e+00  4.233773938031e-01  1.807983304840e+00 -8.798646900104e-01  2.515145189129e+00  0.000000000000e+00 -3.943380020425e+00  1.344820914709e+00 
 2.951209226666e+03  6.498782227281e-01  1.101071387529e+00  1.000000000000e+00  0.000000000000e+00  2.572826860705e-02 -2.530904848536e-01  2.445203107782e+00  4.142842588481e-01  1.781649257522e+00 -8.998910544906e-01  2.515145189129e+00  0.000000000000e+00 -3.901086156367e+00  1.375786154499e+00 
 3.019951720402e+03  6.723197733518e-01  1.113164576003e+00  1.000000000000e+00  0.000000000000e+00  2.458162193216e-02 -2.474433527386e-01  2.448277934920e+00  4.053630990093e-01  1.754748361651e+00 -9.191197352484e-01  2.515145189129e+00  0.000000000000e+00 -3.857931989216e+00  1.405373237371e+00 
 3.090295432514e+03  6.952474627178e-01  1.124923283001e+00  1.000000000000e+00  0.000000000000e+00  2.348559645543e-02 -2.419172577211e-01  2.451221598778e+00  3.966121987905e-01  1.727311283583e+00 -9.375310898758e-01  2.515145189129e+00  0.000000000000e+00 -3.813973840857e+00  1.433553432898e+00 
 3.162277660168e+03  7.186521663098e-01  1.136324137915e+00  1.000000000000e+00  0.000000000000e+00  2.243799945063e-02 -2.365099354938e-01  2.454039392062e+00  3.880297489814e-01  1.699369927868e+00 -9.551067618886e-01  2.515145189129e+00  0.000000000000e+00 -3.769269861537e+00  1.460300581364e+00 
 3.235936569296e+03  7.425233438844e-01  1.147343883757e+00  1.000000000000e+00  0.000000000000e+00  2.143672950479e-02 -2.312191415695e-01  2.456736417953e+00  3.796138567268e-01  1.670957363211e+00 -9.718297827058e-01  2.515145189129e+00  0.000000000000e+00 -3.723879867596e+00  1.485591251953e+00 
 3.311311214826e+03  7.668490230571e-01  1.157959477277e+00  1.000000000000e+00  0.000000000000e+00  2.047977302573e-02 -2.260426529101e-01  2.459317597095e+00  3.713625543751e-01  1.642107748892e+00 -9.876846743282e-01  2.515145189129e+00  0.000000000000e+00 -3.677865184365e+00  1.509404898853e+00 
 3.388441561392e+03  7.916157895233e-01  1.168148191646e+00  1.000000000000e+00  0.000000000000e+00  1.956520087697e-02 -2.209782692662e-01  2.461787672713e+00  3.632738073356e-01  1.612856246531e+00 -1.002657543868e+00  2.515145189129e+00  0.000000000000e+00 -3.631288463108e+00  1.531723999650e+00 
 3.467368504525e+03  8.168087869417e-01  1.177887720056e+00  1.000000000000e+00  0.000000000000e+00  1.869116511443e-02 -2.160238145152e-01  2.464151212480e+00  3.553455227520e-01  1.583238922060e+00 -1.016736171674e+00  2.515145189129e+00  0.000000000000e+00 -3.584213483293e+00  1.552534180441e+00 
 3.548133892336e+03  8.424117245013e-01  1.187156283762e+00  1.000000000000e+00  0.000000000000e+00  1.785589577776e-02 -2.111771376221e-01  2.466412615962e+00  3.475755560794e-01  1.553292640252e+00 -1.029910092941e+00  2.515145189129e+00  0.000000000000e+00 -3.536704943824e+00  1.571824325514e+00 
 3.630780547701e+03  8.684068942675e-01  1.195932740811e+00  1.000000000000e+00  0.000000000000e+00  1.705769787804e-02 -2.064361137163e-01  2.468576117419e+00  3.399617186515e-01  1.523054949474e+00 -1.042170669534e+00  2.515145189129e+00  0.000000000000e+00 -3.488828239707e+00  1.589586667174e+00 
 3.715352290972e+03  8.947751979576e-01  1.204196694074e+00  1.000000000000e+00  0.000000000000e+00  1.629494838744e-02 -2.017986449937e-01  2.470645791851e+00  3.325017837924e-01  1.492563960142e+00 -1.053511152044e+00  2.515145189129e+00  0.000000000000e+00 -3.440649230860e+00  1.605816856280e+00 
 3.801893963206e+03  9.214961836115e-01  1.211928598583e+00  1.000000000000e+00  0.000000000000e+00  1.556609337968e-02 -1.972626613569e-01  2.472625558265e+00  3.251934930449e-01  1.461858213879e+00 -1.063926731702e+00  2.515145189129e+00  0.000000000000e+00 -3.392233997318e+00  1.620514012735e+00 
 3.890451449943e+03  9.485480906442e-01  1.219109869329e+00  1.000000000000e+00  0.000000000000e+00  1.486964527794e-02 -1.928261210560e-01  2.474519183859e+00  3.180345613509e-01  1.430976551026e+00 -1.073414580664e+00  2.515145189129e+00  0.000000000000e+00 -3.343648595419e+00  1.633680752468e+00 
 3.981071705535e+03  9.759079073556e-01  1.225722984411e+00  1.000000000000e+00  0.000000000000e+00  1.420418015368e-02 -1.884870114154e-01  2.476330291945e+00  3.110226829303e-01  1.399957972812e+00 -1.081973882858e+00  2.515145189129e+00  0.000000000000e+00 -3.294958809542e+00  1.645323197925e+00 
 4.073802778041e+03  1.003551435191e+00  1.231751583982e+00  1.000000000000e+00  0.000000000000e+00  1.356833516002e-02 -1.842433490965e-01  2.478062363341e+00  3.041555354139e-01  1.368841498625e+00 -1.089605849003e+00  2.515145189129e+00  0.000000000000e+00 -3.246229897505e+00  1.655450958760e+00 
 4.168693834703e+03  1.031453363947e+00  1.237180566881e+00  1.000000000000e+00  0.000000000000e+00  1.296080604698e-02 -1.800931806501e-01  2.479718742426e+00  2.974307851982e-01  1.337666023755e+00 -1.096313720103e+00  2.515145189129e+00  0.000000000000e+00 -3.197526342402e+00  1.664077090783e+00 
 4.265795188016e+03  1.059587355703e+00  1.241996180266e+00  1.000000000000e+00  0.000000000000e+00  1.238034474773e-02 -1.760345826624e-01  2.481302639470e+00  2.908460905892e-01  1.306470174342e+00 -1.102102760458e+00  2.515145189129e+00  0.000000000000e+00 -3.148911603264e+00  1.671218037243e+00 
 4.365158322402e+03  1.087926137261e+00  1.246186102740e+00  1.000000000000e+00  0.000000000000e+00  1.182575707571e-02 -1.720656621328e-01  2.482817140874e+00  2.843991067493e-01  1.275292169070e+00 -1.106980238110e+00  2.515145189129e+00  0.000000000000e+00 -3.100447883517e+00  1.676893548342e+00 
 4.466835921510e+03  1.116441599559e+00  1.249739519320e+00  1.000000000000e+00  0.000000000000e+00  1.129590049459e-02 -1.681845566200e-01  2.484265204519e+00  2.780874882592e-01  1.244169672951e+00 -1.110955385026e+00  2.515145189129e+00  0.000000000000e+00 -3.052195887145e+00  1.681126564195e+00 
 4.570881896149e+03  1.145104905358e+00  1.252647188725e+00  1.000000000000e+00  0.000000000000e+00  1.078968198271e-02 -1.643894342997e-01  2.485649672337e+00  2.719088932499e-01  1.213139666477e+00 -1.114039359614e+00  2.515145189129e+00  0.000000000000e+00 -3.004214609766e+00  1.683943106243e+00 
 4.677351412872e+03  1.173886603443e+00  1.254901502980e+00  1.000000000000e+00  0.000000000000e+00  1.030605595952e-02 -1.606784941105e-01  2.486973270308e+00  2.658609856735e-01  1.182238310808e+00 -1.116245183162e+00  2.515145189129e+00  0.000000000000e+00 -2.956561125073e+00  1.685372120402e+00 
 4.786300923226e+03  1.202756746905e+00  1.256496533519e+00  1.000000000000e+00  0.000000000000e+00  9.844022310062e-03 -1.570499657246e-01  2.488238612656e+00  2.599414386495e-01  1.151500822045e+00 -1.117587675108e+00  2.515145189129e+00  0.000000000000e+00 -2.909290391536e+00  1.685445324537e+00 
 4.897788193684e+03  1.231685016071e+00  1.257428070297e+00  1.000000000000e+00  0.000000000000e+00  9.402624473296e-03 -1.535021094605e-01  2.489448207896e+00  2.541479367937e-01  1.120961353648e+00 -1.118083372945e+00  2.515145189129e+00  0.000000000000e+00 -2.862455077749e+00  1.684197028683e+00 
 5.011872336273e+03  1.260640846798e+00  1.257693649037e+00  1.000000000000e+00  0.000000000000e+00  8.980947608507e-03 -1.500332163123e-01  2.490604461171e+00  2.484781784297e-01  1.090652883984e+00 -1.117750444682e+00  2.515145189129e+00  0.000000000000e+00 -2.816105400750e+00  1.681663946347e+00 
 5.128613839914e+03  1.289593556663e+00  1.257292565890e+00  1.000000000000e+00  0.000000000000e+00  8.578116834542e-03 -1.466416078329e-01  2.491709676571e+00  2.429298778879e-01  1.060607114574e+00 -1.116608590819e+00  2.515145189129e+00  0.000000000000e+00 -2.770288984741e+00  1.677884991070e+00 
 5.248074602498e+03  1.318512478145e+00  1.256225883029e+00  1.000000000000e+00  0.000000000000e+00  8.193295539968e-03 -1.433256358141e-01  2.492766065989e+00  2.375007672817e-01  1.030854378594e+00 -1.114678943995e+00  2.515145189129e+00  0.000000000000e+00 -2.725050743828e+00  1.672901072779e+00 
 5.370317963702e+03  1.347367085982e+00  1.254496422131e+00  1.000000000000e+00  0.000000000000e+00  7.825683746887e-03 -1.400836824614e-01  2.493775746319e+00  2.321885983692e-01  1.001423555892e+00 -1.111983954674e+00  2.515145189129e+00  0.000000000000e+00 -2.680432774917e+00  1.666754872493e+00 
 5.495408738576e+03  1.376127125695e+00  1.252108744578e+00  1.000000000000e+00  0.000000000000e+00  7.474516565708e-03 -1.369141596952e-01  2.494740747847e+00  2.269911439798e-01  9.723420036025e-01 -1.108547277749e+00  2.515145189129e+00  0.000000000000e+00 -2.636474282438e+00  1.659490625093e+00 
 5.623413251903e+03  1.404762741411e+00  1.249069123762e+00  1.000000000000e+00  0.000000000000e+00  7.139062682654e-03 -1.338155094418e-01  2.495663014241e+00  2.219061996439e-01  9.436354927020e-01 -1.104393651942e+00  2.515145189129e+00  0.000000000000e+00 -2.593211514605e+00  1.651153892108e+00 
 5.754399373372e+03  1.433244597632e+00  1.245385504328e+00  1.000000000000e+00  0.000000000000e+00  6.818622929131e-03 -1.307862028916e-01  2.496544408146e+00  2.169315846113e-01  9.153281585313e-01 -1.099548778031e+00  2.515145189129e+00  0.000000000000e+00 -2.550677724633e+00  1.641791338179e+00 
 5.888436553556e+03  1.461543995654e+00  1.241067452356e+00  1.000000000000e+00  0.000000000000e+00  6.512528899293e-03 -1.278247405862e-01  2.497386714444e+00  2.120651431906e-01  8.874424624955e-01 -1.094039193355e+00  2.515145189129e+00  0.000000000000e+00 -2.508903151655e+00  1.631450505022e+00 
 6.025595860744e+03  1.489632988349e+00  1.236126094358e+00  1.000000000000e+00  0.000000000000e+00  6.220141631275e-03 -1.249296519818e-01  2.498191641644e+00  2.073047455924e-01  8.599991624942e-01 -1.087892147014e+00  2.515145189129e+00  0.000000000000e+00 -2.467915018318e+00  1.620179592121e+00 
 6.165950018615e+03  1.517484485172e+00  1.230574049754e+00  1.000000000000e+00  0.000000000000e+00  5.940850332081e-03 -1.220994950709e-01  2.498960826080e+00  2.026482889196e-01  8.330172956921e-01 -1.081135475542e+00  2.515145189129e+00  0.000000000000e+00 -2.427737548186e+00  1.608027241634e+00 
 6.309573444802e+03  1.545072348788e+00  1.224425352411e+00  1.000000000000e+00  0.000000000000e+00  5.674071167050e-03 -1.193328561349e-01  2.499695833307e+00  1.980936978944e-01  8.065141719999e-01 -1.073797476944e+00  2.515145189129e+00  0.000000000000e+00 -2.388392000409e+00  1.595042325580e+00 
 6.456542290347e+03  1.572371489136e+00  1.217695366126e+00  1.000000000000e+00  0.000000000000e+00  5.419246085694e-03 -1.166283493803e-01  2.500398163218e+00  1.936389255861e-01  7.805053762859e-01 -1.065906793578e+00  2.515145189129e+00  0.000000000000e+00 -2.349896720595e+00  1.581273753688e+00 
 6.606934480076e+03  1.599357943283e+00  1.210400695913e+00  1.000000000000e+00  0.000000000000e+00  5.175841711207e-03 -1.139846166043e-01  2.501069251914e+00  1.892819537607e-01  7.550047819968e-01 -1.057492290623e+00  2.515145189129e+00  0.000000000000e+00 -2.312267207422e+00  1.566770274512e+00 
 6.760829753920e+03  1.626008948777e+00  1.202559087193e+00  1.000000000000e+00  0.000000000000e+00  4.943348265442e-03 -1.114003267721e-01  2.501710472628e+00  1.850207936659e-01  7.300245710649e-01 -1.048582943622e+00  2.515145189129e+00  0.000000000000e+00 -2.275516188586e+00  1.551580300713e+00 
 6.918309709189e+03  1.652303006966e+00  1.194189329399e+00  1.000000000000e+00  0.000000000000e+00  4.721278542092e-03 -1.088741757121e-01  2.502323141322e+00  1.808534863812e-01  7.055752649903e-01 -1.039207728812e+00  2.515145189129e+00  0.000000000000e+00 -2.239653714120e+00  1.535751737775e+00 
 7.079457843841e+03  1.678219937254e+00  1.185311148409e+00  1.000000000000e+00  0.000000000000e+00  4.509166924436e-03 -1.064048856351e-01  2.502908515278e+00  1.767781028466e-01  6.816657610470e-01 -1.029395518824e+00  2.515145189129e+00  0.000000000000e+00 -2.204687255434e+00  1.519331828935e+00 
 7.244359600750e+03  1.703740921570e+00  1.175945102470e+00  1.000000000000e+00  0.000000000000e+00  4.306568442189e-03 -1.039912049018e-01  2.503467798233e+00  1.727927444445e-01  6.583033772185e-01 -1.019174984191e+00  2.515145189129e+00  0.000000000000e+00 -2.170621816956e+00  1.502367010129e+00 
 7.413102413009e+03  1.728848538594e+00  1.166112471605e+00  1.000000000000e+00  0.000000000000e+00  4.113057872019e-03 -1.016319074843e-01  2.504002143163e+00  1.688955430873e-01  6.354939021403e-01 -1.008574502659e+00  2.515145189129e+00  0.000000000000e+00 -2.137460052674e+00  1.484902783647e+00 
 7.585775750292e+03  1.753526787739e+00  1.155835150508e+00  1.000000000000e+00  0.000000000000e+00  3.928228868062e-03 -9.932579264569e-02  2.504512651823e+00  1.650846612465e-01  6.132416513283e-01 -9.976220709505e-01  2.515145189129e+00  0.000000000000e+00 -2.105202390151e+00  1.466983595035e+00 
 7.762471166287e+03  1.777761105681e+00  1.145135539584e+00  1.000000000000e+00  0.000000000000e+00  3.751693140202e-03 -9.707168443128e-02  2.505000378005e+00  1.613582922146e-01  5.915495267836e-01 -9.863452280406e-01  2.515145189129e+00  0.000000000000e+00 -2.073847157589e+00  1.448652733894e+00 
 7.943282347243e+03  1.801538371015e+00  1.134036439238e+00  1.000000000000e+00  0.000000000000e+00  3.583079659620e-03 -9.486843147897e-02  2.505466329865e+00  1.577146599302e-01  5.704190817196e-01 -9.747709822841e-01  2.515145189129e+00  0.000000000000e+00 -2.043390715214e+00  1.429952240880e+00 
 8.128305161641e+03  1.824846904492e+00  1.122560943943e+00  1.000000000000e+00  0.000000000000e+00  3.422033901188e-03 -9.271490640822e-02  2.505911472719e+00  1.541520190949e-01  5.498505878495e-01 -9.629257466877e-01  2.515145189129e+00  0.000000000000e+00 -2.013827589585e+00  1.410922830917e+00 
 8.317637711027e+03  1.847676454345e+00  1.110732341418e+00  1.000000000000e+00  0.000000000000e+00  3.268217116783e-03 -9.061000549991e-02  2.506336728577e+00  1.506686550274e-01  5.298431050032e-01 -9.508352808189e-01  2.515145189129e+00  0.000000000000e+00 -1.985150605135e+00  1.391603827263e+00 
 8.511380382024e+03  1.870018181857e+00  1.098574014613e+00  1.000000000000e+00  0.000000000000e+00  3.121305641798e-03 -8.855264830345e-02  2.506742979400e+00  1.472628836054e-01  5.103945529554e-01 -9.385246392339e-01  2.515145189129e+00  0.000000000000e+00 -1.957351020256e+00  1.372033107180e+00 
 8.709635899561e+03  1.891864632023e+00  1.086109346943e+00  1.000000000000e+00  0.000000000000e+00  2.980990231663e-03 -8.654177721473e-02  2.507131069433e+00  1.439330511494e-01  4.915017836611e-01 -9.260181278223e-01  2.515145189129e+00  0.000000000000e+00 -1.930418656775e+00  1.352247061792e+00 
 8.912509381337e+03  1.913209704217e+00  1.073361634510e+00  1.000000000000e+00  0.000000000000e+00  2.846975422926e-03 -8.457635699597e-02  2.507501803804e+00  1.406775340729e-01  4.731606546557e-01 -9.133392649237e-01  2.515145189129e+00  0.000000000000e+00 -1.904342031763e+00  1.332280561968e+00 
 9.120108393559e+03  1.934048612369e+00  1.060353999492e+00  1.000000000000e+00  0.000000000000e+00  2.718978927078e-03 -8.265537457191e-02  2.507855955046e+00  1.374947390286e-01  4.553661025711e-01 -9.005107514095e-01  2.515145189129e+00  0.000000000000e+00 -1.879108484356e+00  1.312166941691e+00 
 9.332543007970e+03  1.954377840972e+00  1.047109314823e+00  1.000000000000e+00  0.000000000000e+00  2.596731048015e-03 -8.077783838962e-02  2.508194259834e+00  1.343831022386e-01  4.381122151390e-01 -8.875544437906e-01  2.515145189129e+00  0.000000000000e+00 -1.854704297471e+00  1.291937981613e+00 
 9.549925860214e+03  1.974195100600e+00  1.033650127822e+00  1.000000000000e+00  0.000000000000e+00  2.479974125436e-03 -7.894277820014e-02  2.508517424576e+00  1.313410896400e-01  4.213923034258e-01 -8.744913358241e-01  2.515145189129e+00  0.000000000000e+00 -1.831114819755e+00  1.271623910342e+00 
 9.772372209558e+03  1.993499271106e+00  1.019998596516e+00  1.000000000000e+00  0.000000000000e+00  2.368462000959e-03 -7.714924457832e-02  2.508826121688e+00  1.283671963174e-01  4.051989716245e-01 -8.613415427972e-01  2.515145189129e+00  0.000000000000e+00 -1.808324576504e+00  1.251253404612e+00 
 1.000000000000e+04  2.012290349929e+00  1.006176425144e+00  1.000000000000e+00  0.000000000000e+00  2.261959508814e-03 -7.539630854444e-02  2.509120995644e+00  1.254599463718e-01  3.895241859136e-01 -8.481242938433e-01  2.515145189129e+00  0.000000000000e+00 -1.786317381276e+00  1.230853605972e+00 
 1.023292992281e+04  2.030569393653e+00  9.922048118897e-01  1.000000000000e+00  0.000000000000e+00  2.160241991987e-03 -7.368306118587e-02  2.509402663447e+00  1.226178925863e-01  3.743593410472e-01 -8.348579276353e-01  2.515145189129e+00  0.000000000000e+00 -1.765076439611e+00  1.210450138118e+00 
 1.047128548051e+04  2.048338457476e+00  9.781043987023e-01  1.000000000000e+00  0.000000000000e+00  2.063094830646e-03 -7.200861327874e-02  2.509671712760e+00  1.198396160034e-01  3.596953244414e-01 -8.215598911047e-01  2.515145189129e+00  0.000000000000e+00 -1.744584446699e+00  1.190067129229e+00 
 1.071519305238e+04  2.065600534668e+00  9.638952283422e-01  1.000000000000e+00  0.000000000000e+00  1.970313001038e-03 -7.037209486589e-02  2.509928707499e+00  1.171237257076e-01  3.455225777579e-01 -8.082467444474e-01  2.515145189129e+00  0.000000000000e+00 -1.724823680056e+00  1.169727243248e+00 
 1.096478196143e+04  2.082359493710e+00  9.495967077091e-01  1.000000000000e+00  0.000000000000e+00  1.881700645981e-03 -6.877265498042e-02  2.510174184106e+00  1.144688584318e-01  3.318311561598e-01 -7.949341685744e-01  2.515145189129e+00  0.000000000000e+00 -1.705776086393e+00  1.149451712978e+00 
 1.122018454302e+04  2.098620016128e+00  9.352275759447e-01  1.000000000000e+00  0.000000000000e+00  1.797070671273e-03 -6.720946107816e-02  2.510408657137e+00  1.118736781500e-01  3.186107843649e-01 -7.816369765205e-01  2.515145189129e+00  0.000000000000e+00 -1.687423362436e+00  1.129260378566e+00 
 1.148153621497e+04  2.114387536887e+00  9.208058784716e-01  1.000000000000e+00  0.000000000000e+00  1.716244352792e-03 -6.568169893580e-02  2.510632618330e+00  1.093368757283e-01  3.058509102557e-01 -7.683691269485e-01  2.515145189129e+00  0.000000000000e+00 -1.669747032143e+00  1.109171727442e+00 
 1.174897554940e+04  2.129668176174e+00  9.063489462715e-01  1.000000000000e+00  0.000000000000e+00  1.639050965423e-03 -6.418857206882e-02  2.510846536607e+00  1.068571685901e-01  2.935407546465e-01 -7.551437402144e-01  2.515145189129e+00  0.000000000000e+00 -1.652728511949e+00  1.089202936516e+00 
 1.202264434617e+04  2.144468684681e+00  8.918733802857e-01  1.000000000000e+00  0.000000000000e+00  1.565327426761e-03 -6.272930146224e-02  2.511050861795e+00  1.044333002355e-01  2.816693590721e-01 -7.419731179252e-01  2.515145189129e+00  0.000000000000e+00 -1.636349178801e+00  1.069369918959e+00 
 1.230268770812e+04  2.158796381671e+00  8.773950389586e-01  1.000000000000e+00  0.000000000000e+00  1.494917956961e-03 -6.130312521418e-02  2.511246020906e+00  1.020640399074e-01  2.702256298508e-01 -7.288687624969e-01  2.515145189129e+00  0.000000000000e+00 -1.620590427154e+00  1.049687369372e+00 
 1.258925411794e+04  2.172659095377e+00  8.629290331155e-01  1.000000000000e+00  0.000000000000e+00  1.427673753369e-03 -5.990929818654e-02  2.511432425119e+00  9.974818225601e-02  2.591983792954e-01 -7.158414012520e-01  2.515145189129e+00  0.000000000000e+00 -1.605433721421e+00  1.030168814364e+00 
 1.288249551693e+04  2.186065109912e+00  8.484897218877e-01  1.000000000000e+00  0.000000000000e+00  1.363452679243e-03 -5.854709166306e-02  2.511610466056e+00  9.748454681539e-02  2.485763642762e-01 -7.029010084225e-01  2.515145189129e+00  0.000000000000e+00 -1.590860646406e+00  1.010826658426e+00 
 1.318256738556e+04  2.199023106601e+00  8.340907134116e-01  1.000000000000e+00  0.000000000000e+00  1.302118966350e-03 -5.721579298552e-02  2.511780516244e+00  9.527197765419e-02  2.383483212907e-01 -6.900568301789e-01  2.515145189129e+00  0.000000000000e+00 -1.576852947953e+00  9.916722334559e-01 
 1.348962882592e+04  2.211542116944e+00  8.197448702995e-01  1.000000000000e+00  0.000000000000e+00  1.243542931888e-03 -5.591470526269e-02  2.511942935642e+00  9.310934299720e-02  2.285029994673e-01 -6.773174119880e-01  2.515145189129e+00  0.000000000000e+00 -1.563392575302e+00  9.727158505943e-01 
 1.380384264603e+04  2.223631469067e+00  8.054643154610e-01  1.000000000000e+00  0.000000000000e+00  1.187600704952e-03 -5.464314701385e-02  2.512098063715e+00  9.099553478882e-02  2.190291897859e-01 -6.646906220121e-01  2.515145189129e+00  0.000000000000e+00 -1.550461712611e+00  9.539668439333e-01 
 1.412537544623e+04  2.235300741158e+00  7.912604433950e-01  1.000000000000e+00  0.000000000000e+00  1.134173969149e-03 -5.340045186313e-02  2.512246228289e+00  8.892946832930e-02  2.099157528719e-01 -6.521836811444e-01  2.515145189129e+00  0.000000000000e+00 -1.538042811136e+00  9.354336247883e-01 
 1.445439770746e+04  2.246559717692e+00  7.771439321805e-01  1.000000000000e+00  0.000000000000e+00  1.083149712713e-03 -5.218596821942e-02  2.512387740891e+00  8.691008176538e-02  2.011516432394e-01 -6.398031872232e-01  2.515145189129e+00  0.000000000000e+00 -1.526118615707e+00  9.171237239709e-01 
 1.479108388168e+04  2.257418347523e+00  7.631247579120e-01  1.000000000000e+00  0.000000000000e+00  1.034419992720e-03 -5.099905894167e-02  2.512522898149e+00  8.493633582839e-02  1.927259315271e-01 -6.275551437866e-01  2.515145189129e+00  0.000000000000e+00 -1.514672188123e+00  8.990438419127e-01 
 1.513561248436e+04  2.267886701040e+00  7.492122114636e-01  1.000000000000e+00  0.000000000000e+00  9.878817082836e-04 -4.983910109149e-02  2.512651986908e+00  8.300721331034e-02  1.846278245794e-01 -6.154449873138e-01  2.515145189129e+00  0.000000000000e+00 -1.503686925785e+00  8.811998946420e-01 
 1.548816618912e+04  2.277974938508e+00  7.354149172315e-01  1.000000000000e+00  0.000000000000e+00  9.434363834089e-04 -4.870548556210e-02  2.512775277253e+00  8.112171874382e-02  1.768466828507e-01 -6.034776124870e-01  2.515145189129e+00  0.000000000000e+00 -1.493146580561e+00  8.635970547511e-01 
 1.584893192461e+04  2.287693270482e+00  7.217408515280e-01  1.000000000000e+00  0.000000000000e+00  9.009899609964e-04 -4.759761683090e-02  2.512893030886e+00  7.927887796541e-02  1.693720362673e-01 -5.916574009461e-01  2.515145189129e+00  0.000000000000e+00 -1.483035270615e+00  8.462397995845e-01 
 1.621810097359e+04  2.297051928937e+00  7.081973647000e-01  1.000000000000e+00  0.000000000000e+00  8.604526043428e-04 -4.651491268305e-02  2.513005495071e+00  7.747773770825e-02  1.621935977018e-01 -5.799882455030e-01  2.515145189129e+00  0.000000000000e+00 -1.473337492825e+00  8.291319484698e-01 
 1.659586907438e+04  2.306061137468e+00  6.947912011528e-01  1.000000000000e+00  0.000000000000e+00  8.217385092166e-04 -4.545680384035e-02  2.513112906367e+00  7.571736528189e-02  1.553012747609e-01 -5.684735771501e-01  2.515145189129e+00  0.000000000000e+00 -1.464038131358e+00  8.122767065372e-01 
 1.698243652462e+04  2.314731082413e+00  6.815285230987e-01  1.000000000000e+00  0.000000000000e+00  7.847657224147e-04 -4.442273382301e-02  2.513215492014e+00  7.399684807751e-02  1.486851802038e-01 -5.571163893910e-01  2.515145189129e+00  0.000000000000e+00 -1.455122463986e+00  7.956767014374e-01 
 1.737800828749e+04  2.323071891442e+00  6.684149317443e-01  1.000000000000e+00  0.000000000000e+00  7.494559703218e-04 -4.341215852037e-02  2.513313468080e+00  7.231529321871e-02  1.423356400628e-01 -5.459192637354e-01  2.515145189129e+00  0.000000000000e+00 -1.446576167527e+00  7.793340235227e-01 
 1.778279410039e+04  2.331093609333e+00  6.554554919712e-01  1.000000000000e+00  0.000000000000e+00  7.157344930420e-04 -4.242454605992e-02  2.513407042250e+00  7.067182729952e-02  1.362432012684e-01 -5.348843920510e-01  2.515145189129e+00  0.000000000000e+00 -1.438385320908e+00  7.632502581454e-01 
 1.819700858610e+04  2.338806176092e+00  6.426547546871e-01  1.000000000000e+00  0.000000000000e+00  6.835298880787e-04 -4.145937643625e-02  2.513496410567e+00  6.906559577328e-02  1.303986364655e-01 -5.240136007196e-01  2.515145189129e+00  0.000000000000e+00 -1.430536403776e+00  7.474265226077e-01 
 1.862087136663e+04  2.346219412051e+00  6.300167801091e-01  1.000000000000e+00  0.000000000000e+00  6.527739590183e-04 -4.051614133641e-02  2.513581763022e+00  6.749576279253e-02  1.247929494857e-01 -5.133083728142e-01  2.515145189129e+00  0.000000000000e+00 -1.423016299911e+00  7.318634987881e-01 
 1.905460717963e+04  2.353343001101e+00  6.175451616291e-01  1.000000000000e+00  0.000000000000e+00  6.234015723976e-04 -3.959434381977e-02  2.513663279358e+00  6.596151072881e-02  1.194173778204e-01 -5.027698691702e-01  2.515145189129e+00  0.000000000000e+00 -1.415812293728e+00  7.165614631898e-01 
 1.949844599758e+04  2.360186473932e+00  6.052430486307e-01  1.000000000000e+00  0.000000000000e+00  5.953505205980e-04 -3.869349812885e-02  2.513741132338e+00  6.446203988889e-02  1.142633952550e-01 -4.923989496310e-01  2.515145189129e+00  0.000000000000e+00 -1.408912067088e+00  7.015203179299e-01 
 1.995262314969e+04  2.366759197786e+00  5.931131684920e-01  1.000000000000e+00  0.000000000000e+00  5.685613898549e-04 -3.781312937645e-02  2.513815484941e+00  6.299656802003e-02  1.093227129895e-01 -4.821961919661e-01  2.515145189129e+00  0.000000000000e+00 -1.402303696352e+00  6.867396174159e-01 
 2.041737944670e+04  2.373070364818e+00  5.811578506837e-01  1.000000000000e+00  0.000000000000e+00  5.429774357708e-04 -3.695277340012e-02  2.513886495493e+00  6.156433009164e-02  1.045872801769e-01 -4.721619123593e-01  2.515145189129e+00  0.000000000000e+00 -1.395975647578e+00  6.722185972024e-01 
 2.089296130854e+04  2.379128983244e+00  5.693790464429e-01  1.000000000000e+00  0.000000000000e+00  5.185444634890e-04 -3.611197642022e-02  2.513954314869e+00  6.016457789519e-02  1.000492834282e-01 -4.622961829300e-01  2.515145189129e+00  0.000000000000e+00 -1.389916771043e+00  6.579561990239e-01 
 2.137962089502e+04  2.384943868499e+00  5.577783522895e-01  1.000000000000e+00  0.000000000000e+00  4.952107126996e-04 -3.529029491619e-02  2.514019084163e+00  5.879657970218e-02  9.570114572125e-02 -4.525988483219e-01  2.515145189129e+00  0.000000000000e+00 -1.384116294583e+00  6.439510921529e-01 
 2.187761623950e+04  2.390523636714e+00  5.463570298161e-01  1.000000000000e+00  0.000000000000e+00  4.729267496941e-04 -3.448729531374e-02  2.514080941677e+00  5.745961990760e-02  9.153552474163e-02 -4.430695437477e-01  2.515145189129e+00  0.000000000000e+00 -1.378563816960e+00  6.302016994374e-01 
 2.238721138568e+04  2.395876701921e+00  5.351160255959e-01  1.000000000000e+00  0.000000000000e+00  4.516453614656e-04 -3.370255381742e-02  2.514140017796e+00  5.615299873170e-02  8.754531062732e-02 -4.337077101227e-01  2.515145189129e+00  0.000000000000e+00 -1.373249301899e+00  6.167062175313e-01 
 2.290867652768e+04  2.401011266746e+00  5.240559920203e-01  1.000000000000e+00  0.000000000000e+00  4.313214573131e-04 -3.293565618515e-02  2.514196437784e+00  5.487603188521e-02  8.372362308728e-02 -4.245126091992e-01  2.515145189129e+00  0.000000000000e+00 -1.368163067624e+00  6.034626366302e-01 
 2.344228815320e+04  2.405935324728e+00  5.131773049361e-01  1.000000000000e+00  0.000000000000e+00  4.119119728898e-04 -3.218619752806e-02  2.514250321314e+00  5.362805020559e-02  8.006380827283e-02 -4.154833375360e-01  2.515145189129e+00  0.000000000000e+00 -1.363295781713e+00  5.904687594929e-01 
 2.398832919019e+04  2.410656654276e+00  5.024800827377e-01  1.000000000000e+00  0.000000000000e+00  3.933757794812e-04 -3.145378204499e-02  2.514301781543e+00  5.240839939506e-02  7.655943506688e-02 -4.066188405268e-01  2.515145189129e+00  0.000000000000e+00 -1.358638450608e+00  5.777222198183e-01 
 2.454708915685e+04  2.415182818193e+00  4.919642034802e-01  1.000000000000e+00  0.000000000000e+00  3.756735970910e-04 -3.073802290601e-02  2.514350927435e+00  5.121643965686e-02  7.320429134415e-02 -3.979179244488e-01  2.515145189129e+00  0.000000000000e+00 -1.354182411854e+00  5.652204977286e-01 
 2.511886431510e+04  2.419521166943e+00  4.816293215845e-01  1.000000000000e+00  0.000000000000e+00  3.587679115640e-04 -3.003854199778e-02  2.514397863299e+00  5.005154546234e-02  6.999237954733e-02 -3.893792696181e-01  2.515145189129e+00  0.000000000000e+00 -1.349919326845e+00  5.529609375991e-01 
 2.570395782769e+04  2.423678832129e+00  4.714748845436e-01  1.000000000000e+00  0.000000000000e+00  3.426228951184e-04 -2.935496974169e-02  2.514442688320e+00  4.891310517269e-02  6.691791240883e-02 -3.810014407500e-01  2.515145189129e+00  0.000000000000e+00 -1.345841168965e+00  5.409407603360e-01 
 2.630267991895e+04  2.427662732080e+00  4.615001477068e-01  1.000000000000e+00  0.000000000000e+00  3.272043305174e-04 -2.868694491553e-02  2.514485497028e+00  4.780052076967e-02  6.397530819231e-02 -3.727828984847e-01  2.515145189129e+00  0.000000000000e+00 -1.341940216829e+00  5.291570789455e-01 
 2.691534803927e+04  2.431479572318e+00  4.517041891231e-01  1.000000000000e+00  0.000000000000e+00  3.124795392182e-04 -2.803411445711e-02  2.514526381157e+00  4.671320759371e-02  6.115918599244e-02 -3.647220089915e-01  2.515145189129e+00  0.000000000000e+00 -1.338209045078e+00  5.176069102224e-01 
 2.754228703338e+04  2.435135846958e+00  4.420859236270e-01  1.000000000000e+00  0.000000000000e+00  2.984173117397e-04 -2.739613327867e-02  2.514565425925e+00  4.565059400193e-02  5.846436067077e-02 -3.568170535145e-01  2.515145189129e+00  0.000000000000e+00 -1.334640514914e+00  5.062871867061e-01 
 2.818382931264e+04  2.438637841493e+00  4.326441161102e-01  1.000000000000e+00  0.000000000000e+00  2.849878418942e-04 -2.677266410319e-02  2.514602714684e+00  4.461212115712e-02  5.588583790086e-02 -3.490662378026e-01  2.515145189129e+00  0.000000000000e+00 -1.331227765558e+00  4.951947688227e-01 
 2.884031503127e+04  2.441991636530e+00  4.233773938031e-01  1.000000000000e+00  0.000000000000e+00  2.721626639755e-04 -2.616337727886e-02  2.514638326131e+00  4.359724271490e-02  5.341880910419e-02 -3.414676998509e-01  2.515145189129e+00  0.000000000000e+00 -1.327964205948e+00  4.843264541339e-01 
 2.951209226666e+04  2.445203107782e+00  4.142842588481e-01  1.000000000000e+00  0.000000000000e+00  2.599145920499e-04 -2.556795061537e-02  2.514672335703e+00  4.260542453994e-02  5.105864620418e-02 -3.340195183409e-01  2.515145189129e+00  0.000000000000e+00 -1.324843504221e+00  4.736789878496e-01 
 3.019951720402e+04  2.448277934920e+00  4.053630990675e-01  1.000000000000e+00  0.000000000000e+00  2.482176627439e-04 -2.498606920562e-02  2.514704815578e+00  4.163614443678e-02  4.880089651124e-02 -3.267197194509e-01  2.515145189129e+00  0.000000000000e+00 -1.321859581876e+00  4.632490709746e-01 
 3.090295432514e+04  2.451221598778e+00  3.966121987323e-01  1.000000000000e+00  0.000000000000e+00  2.370470804465e-04 -2.441742527299e-02  2.514735834207e+00  4.068889196787e-02  4.664127758588e-02 -3.195662838989e-01  2.515145189129e+00  0.000000000000e+00 -1.319006602075e+00  4.530333689346e-01 
 3.162277660168e+04  2.454039392062e+00  3.880297489814e-01  1.000000000000e+00  0.000000000000e+00  2.263791645305e-04 -2.386171802937e-02  2.514765457716e+00  3.976316811895e-02  4.457567200006e-02 -3.125571535784e-01  2.515145189129e+00  0.000000000000e+00 -1.316278964497e+00  4.430285195667e-01 
 3.235936569296e+04  2.456736417953e+00  3.796138567268e-01  1.000000000000e+00  0.000000000000e+00  2.161912994438e-04 -2.331865346787e-02  2.514793748502e+00  3.885848505888e-02  4.260012227314e-02 -3.056902372628e-01  2.515145189129e+00  0.000000000000e+00 -1.313671294487e+00  4.332311399715e-01 
 3.311311214826e+04  2.459317597095e+00  3.713625543751e-01  1.000000000000e+00  0.000000000000e+00  2.064618867905e-04 -2.278794425729e-02  2.514820767101e+00  3.797436592140e-02  4.071082574956e-02 -2.989634162514e-01  2.515145189129e+00  0.000000000000e+00 -1.311178436276e+00  4.236378328925e-01 
 3.388441561392e+04  2.461787672713e+00  3.632738073356e-01  1.000000000000e+00  0.000000000000e+00  1.971702995434e-04 -2.226930958932e-02  2.514846569393e+00  3.711034457956e-02  3.890412961482e-02 -2.923745493754e-01  2.515145189129e+00  0.000000000000e+00 -1.308795445554e+00  4.142451928968e-01 
 3.467368504525e+04  2.464151212480e+00  3.553455226938e-01  1.000000000000e+00  0.000000000000e+00  1.882968385587e-04 -2.176247498937e-02  2.514871210791e+00  3.626596535469e-02  3.717652589694e-02 -2.859214779455e-01  2.515145189129e+00  0.000000000000e+00 -1.306517580383e+00  4.050498118396e-01 
 3.548133892336e+04  2.466412615962e+00  3.475755560794e-01  1.000000000000e+00  0.000000000000e+00  1.798226906544e-04 -2.126717223291e-02  2.514894743916e+00  3.544078283448e-02  3.552464662062e-02 -2.796020304668e-01  2.515145189129e+00  0.000000000000e+00 -1.304340295207e+00  3.960482848172e-01 
 3.630780547701e+04  2.468576117419e+00  3.399617187097e-01  1.000000000000e+00  0.000000000000e+00  1.717298889048e-04 -2.078313915990e-02  2.514917218592e+00  3.463436163292e-02  3.394525900512e-02 -2.734140259563e-01  2.515145189129e+00  0.000000000000e+00 -1.302259232627e+00  3.872372131889e-01 
 3.715352290972e+04  2.470645791851e+00  3.325017837924e-01  1.000000000000e+00  0.000000000000e+00  1.640012746407e-04 -2.031011956205e-02  2.514938681852e+00  3.384627617197e-02  3.243526074584e-02 -2.673552786582e-01  2.515145189129e+00  0.000000000000e+00 -1.300270216974e+00  3.786132107484e-01 
 3.801893963206e+04  2.472625558265e+00  3.251934929867e-01  1.000000000000e+00  0.000000000000e+00  1.566204609560e-04 -1.984786304092e-02  2.514959179331e+00  3.307611044147e-02  3.099167541586e-02 -2.614236007212e-01  2.515145189129e+00  0.000000000000e+00 -1.298369246717e+00  3.701729057778e-01 
 3.890451449943e+04  2.474519183859e+00  3.180345613509e-01  1.000000000000e+00  0.000000000000e+00  1.495717982039e-04 -1.939612487695e-02  2.514978754334e+00  3.232345784272e-02  2.961164798035e-02 -2.556168061565e-01  2.515145189129e+00  0.000000000000e+00 -1.296552487579e+00  3.619129464242e-01 
 3.981071705535e+04  2.476330291945e+00  3.110226828721e-01  1.000000000000e+00  0.000000000000e+00  1.428403406294e-04 -1.895466589849e-02  2.514997449704e+00  3.158792091199e-02  2.829244038367e-02 -2.499327133992e-01  2.515145189129e+00  0.000000000000e+00 -1.294816267645e+00  3.538300029915e-01 
 4.073802778041e+04  2.478062363341e+00  3.041555354139e-01  1.000000000000e+00  0.000000000000e+00  1.364118149354e-04 -1.852325236905e-02  2.515015303157e+00  3.086911118226e-02  2.703142725659e-02 -2.443691478111e-01  2.515145189129e+00  0.000000000000e+00 -1.293157069463e+00  3.459207704167e-01 
 4.168693834703e+04  2.479718742426e+00  2.974307851400e-01  1.000000000000e+00  0.000000000000e+00  1.302725898711e-04 -1.810165584902e-02  2.515032353345e+00  3.016664893221e-02  2.582609176170e-02 -2.389239447948e-01  2.515145189129e+00  0.000000000000e+00 -1.291571524745e+00  3.381819722162e-01 
 4.265795188016e+04  2.481302639470e+00  2.908460905892e-01  1.000000000000e+00  0.000000000000e+00  1.244096474977e-04 -1.768965309020e-02  2.515048635658e+00  2.948016302616e-02  2.467402150796e-02 -2.335949514527e-01  2.515145189129e+00  0.000000000000e+00 -1.290056407349e+00  3.306103617144e-01 
 4.365158322402e+04  2.482817140874e+00  2.843991066911e-01  1.000000000000e+00  0.000000000000e+00  1.188105554633e-04 -1.728702590844e-02  2.515064186882e+00  2.880929071762e-02  2.357290463988e-02 -2.283800293517e-01  2.515145189129e+00  0.000000000000e+00 -1.288608630560e+00  3.232027255011e-01 
 4.466835921510e+04  2.484265204519e+00  2.780874882592e-01  1.000000000000e+00  0.000000000000e+00  1.134634407975e-04 -1.689356107090e-02  2.515079037286e+00  2.815367743460e-02  2.252052592667e-02 -2.232770554838e-01  2.515145189129e+00  0.000000000000e+00 -1.287225236932e+00  3.159558835499e-01 
 4.570881896149e+04  2.485649672337e+00  2.719088931917e-01  1.000000000000e+00  0.000000000000e+00  1.083569647449e-04 -1.650905019051e-02  2.515093219467e+00  2.751297663781e-02  2.151476313884e-02 -2.182839247689e-01  2.515145189129e+00  0.000000000000e+00 -1.285903397315e+00  3.088666925704e-01 
 4.677351412872e+04  2.486973269843e+00  2.658609856735e-01  1.000000000000e+00  0.000000000000e+00  1.034802985913e-04 -1.613328960775e-02  2.515106764156e+00  2.688684962413e-02  2.055358337384e-02 -2.133985513938e-01  2.515145189129e+00  0.000000000000e+00 -1.284640403257e+00  3.019320470265e-01 
 4.786300923226e+04  2.488238612656e+00  2.599414386495e-01  1.000000000000e+00  0.000000000000e+00  9.882310094156e-05 -1.576608029245e-02  2.515119698830e+00  2.627496533023e-02  1.963503958177e-02 -2.086188699177e-01  2.515145189129e+00  0.000000000000e+00 -1.283433663307e+00  2.951488800613e-01 
 4.897788193684e+04  2.489448207896e+00  2.541479367937e-01  1.000000000000e+00  0.000000000000e+00  9.437549559266e-05 -1.540722773098e-02  2.515132051427e+00  2.567700021245e-02  1.875726720027e-02 -2.039428367862e-01  2.515145189129e+00  0.000000000000e+00 -1.282280696974e+00  2.885141649843e-01 
 5.011872336273e+04  2.490604461171e+00  2.484781784297e-01  1.000000000000e+00  0.000000000000e+00  9.012805078612e-05 -1.505654183711e-02  2.515143848490e+00  2.509263802131e-02  1.791848086941e-02 -1.993684315821e-01  2.515145189129e+00  0.000000000000e+00 -1.281179131633e+00  2.820249167683e-01 
 5.128613839914e+04  2.491709676571e+00  2.429298778879e-01  1.000000000000e+00  0.000000000000e+00  8.607175909958e-05 -1.471383683020e-02  2.515155114699e+00  2.452156968866e-02  1.711697127394e-02 -1.948936574627e-01  2.515145189129e+00  0.000000000000e+00 -1.280126696206e+00  2.756781916837e-01 
 5.248074602498e+04  2.492766065989e+00  2.375007672817e-01  1.000000000000e+00  0.000000000000e+00  8.219801839005e-05 -1.437893115690e-02  2.515165873803e+00  2.396349312403e-02  1.635110208554e-02 -1.905165427015e-01  2.515145189129e+00  0.000000000000e+00 -1.279121219690e+00  2.694710894563e-01 
 5.370317963702e+04  2.493775746319e+00  2.321885983692e-01  1.000000000000e+00  0.000000000000e+00  7.849861360398e-05 -1.405164738935e-02  2.515176148620e+00  2.341811309088e-02  1.561930705611e-02 -1.862351408636e-01  2.515145189129e+00  0.000000000000e+00 -1.278160623936e+00  2.634007526342e-01 
 5.495408738576e+04  2.494740747847e+00  2.269911440089e-01  1.000000000000e+00  0.000000000000e+00  7.496569929799e-05 -1.373181213421e-02  2.515185961500e+00  2.288514103930e-02  1.492008712012e-02 -1.820475320274e-01  2.515145189129e+00  0.000000000000e+00 -1.277242922042e+00  2.574643682599e-01 
 5.623413251903e+04  2.495663014241e+00  2.219061996439e-01  1.000000000000e+00  0.000000000000e+00  7.159178305471e-05 -1.341925592715e-02  2.515195332002e+00  2.236429495315e-02  1.425200767517e-02 -1.779518227268e-01  2.515145189129e+00  0.000000000000e+00 -1.276366212897e+00  2.516591669585e-01 
 5.754399373372e+04  2.496544408146e+00  2.169315846113e-01  1.000000000000e+00  0.000000000000e+00  6.836970963775e-05 -1.311381316918e-02  2.515204281081e+00  2.185529921189e-02  1.361369596452e-02 -1.739461470861e-01  2.515145189129e+00  0.000000000000e+00 -1.275528678742e+00  2.459824245214e-01 
 5.888436553556e+04  2.497386714444e+00  2.120651431906e-01  1.000000000000e+00  0.000000000000e+00  6.529264568655e-05 -1.281532201574e-02  2.515212827828e+00  2.135788444139e-02  1.300383850139e-02 -1.700286666746e-01  2.515145189129e+00  0.000000000000e+00 -1.274728581633e+00  2.404314610360e-01 
 6.025595860744e+04  2.498191641644e+00  2.073047455924e-01  1.000000000000e+00  0.000000000000e+00  6.235406539190e-05 -1.252362430387e-02  2.515220989939e+00  2.087178736474e-02  1.242117861693e-02 -1.661975712050e-01  2.515145189129e+00  0.000000000000e+00 -1.273964259231e+00  2.350036417511e-01 
 6.165950018615e+04  2.498960826080e+00  2.026482889196e-01  1.000000000000e+00  0.000000000000e+00  5.954773659766e-05 -1.223856546312e-02  2.515228785109e+00  2.039675068954e-02  1.186451412650e-02 -1.624510785623e-01  2.515145189129e+00  0.000000000000e+00 -1.273234122225e+00  2.296963766109e-01 
 6.309573444802e+04  2.499695833307e+00  1.980936978653e-01  1.000000000000e+00  0.000000000000e+00  5.686770755631e-05 -1.195999444462e-02  2.515236228704e+00  1.993252295142e-02  1.133269503043e-02 -1.587874350662e-01  2.515145189129e+00  0.000000000000e+00 -1.272536650421e+00  2.245071203936e-01 
 6.456542290346e+04  2.500398163218e+00  1.936389255570e-01  1.000000000000e+00  0.000000000000e+00  5.430829435937e-05 -1.168776362829e-02  2.515243337490e+00  1.947885839400e-02  1.082462135491e-02 -1.552049157035e-01  2.515145189129e+00  0.000000000000e+00 -1.271870390984e+00  2.194333727092e-01 
 6.606934480076e+04  2.501069251914e+00  1.892819537316e-01  1.000000000000e+00  0.000000000000e+00  5.186406887248e-05 -1.142172874643e-02  2.515250126366e+00  1.903551681971e-02  1.033924103831e-02 -1.517018242448e-01  2.515145189129e+00  0.000000000000e+00 -1.271233955132e+00  2.144726781063e-01 
 6.760829753920e+04  2.501710472628e+00  1.850207936950e-01  1.000000000000e+00  0.000000000000e+00  4.952984721029e-05 -1.116174881645e-02  2.515256610233e+00  1.860226350982e-02  9.875547915726e-03 -1.482764930115e-01  2.515145189129e+00  0.000000000000e+00 -1.270626014565e+00  2.096226250932e-01 
 6.918309709189e+04  2.502323141322e+00  1.808534863812e-01  1.000000000000e+00  0.000000000000e+00  4.730067879422e-05 -1.090768606082e-02  2.515262801666e+00  1.817886904246e-02  9.432579774511e-03 -1.449272830214e-01  2.515145189129e+00  0.000000000000e+00 -1.270045300368e+00  2.048808463592e-01 
 7.079457843841e+04  2.502908515278e+00  1.767781028466e-01  1.000000000000e+00  0.000000000000e+00  4.517183580077e-05 -1.065940583248e-02  2.515268714633e+00  1.776510922718e-02  9.009416507979e-03 -1.416525841050e-01  2.515145189129e+00  0.000000000000e+00 -1.269490598611e+00  2.002450187229e-01 
 7.244359600750e+04  2.503467798233e+00  1.727927444445e-01  1.000000000000e+00  0.000000000000e+00  4.313880314299e-05 -1.041677655121e-02  2.515274361707e+00  1.736076494490e-02  8.605178307334e-03 -1.384508145857e-01  2.515145189129e+00  0.000000000000e+00 -1.268960749290e+00  1.957128623733e-01 
 7.413102413009e+04  2.504002143163e+00  1.688955430582e-01  1.000000000000e+00  0.000000000000e+00  4.119726897045e-05 -1.017966962900e-02  2.515279754531e+00  1.696562206780e-02  8.219023948186e-03 -1.353204212501e-01  2.515145189129e+00  0.000000000000e+00 -1.268454644294e+00  1.912821406570e-01 
 7.585775750292e+04  2.504512651823e+00  1.650846612465e-01  1.000000000000e+00  0.000000000000e+00  3.934311543219e-05 -9.947959390047e-03  2.515284904744e+00  1.657947130661e-02  7.850149152546e-03 -1.322598792030e-01  2.515145189129e+00  0.000000000000e+00 -1.267971223890e+00  1.869506596752e-01 
 7.762471166287e+04  2.505000378005e+00  1.613582922437e-01  1.000000000000e+00  0.000000000000e+00  3.757240999391e-05 -9.721523032567e-03  2.515289823059e+00  1.620210814508e-02  7.497784995394e-03 -1.292676916346e-01  2.515145189129e+00  0.000000000000e+00 -1.267509475160e+00  1.827162677986e-01 
 7.943282347243e+04  2.505466329865e+00  1.577146599011e-01  1.000000000000e+00  0.000000000000e+00  3.588139711042e-05 -9.500240537818e-03  2.515294520184e+00  1.583333270355e-02  7.161196396737e-03 -1.263423896598e-01  2.515145189129e+00  0.000000000000e+00 -1.267068430151e+00  1.785768553306e-01 
 8.128305161641e+04  2.505911472719e+00  1.541520190949e-01  1.000000000000e+00  0.000000000000e+00  3.426649021776e-05 -9.283994621001e-03  2.515299005434e+00  1.547294964257e-02  6.839680647317e-03 -1.234825320571e-01  2.515145189129e+00  0.000000000000e+00 -1.266647164311e+00  1.745303537558e-01 
 8.317637711027e+04  2.506336728577e+00  1.506686550274e-01  1.000000000000e+00  0.000000000000e+00  3.272426416601e-05 -9.072670665773e-03  2.515303289518e+00  1.512076806284e-02  6.532566038914e-03 -1.206867051224e-01  2.515145189129e+00  0.000000000000e+00 -1.266244793519e+00  1.705747357649e-01 
 8.511380382024e+04  2.506742979400e+00  1.472628836054e-01  1.000000000000e+00  0.000000000000e+00  3.125144796101e-05 -8.866156662407e-03  2.515307380352e+00  1.477660139244e-02  6.239210498279e-03 -1.179535221454e-01  2.515145189129e+00  0.000000000000e+00 -1.265860472979e+00  1.667080139872e-01 
 8.709635899561e+04  2.507131069433e+00  1.439330511494e-01  1.000000000000e+00  0.000000000000e+00  2.984491779756e-05 -8.664343140481e-03  2.515311287250e+00  1.444026731042e-02  5.959000325674e-03 -1.152816234826e-01  2.515145189129e+00  0.000000000000e+00 -1.265493395853e+00  1.629282412478e-01 
 8.912509381337e+04  2.507501803804e+00  1.406775341020e-01  1.000000000000e+00  0.000000000000e+00  2.850169045132e-05 -8.467123134324e-03  2.515315018594e+00  1.411158762676e-02  5.691348951586e-03 -1.126696759020e-01  2.515145189129e+00  0.000000000000e+00 -1.265142790079e+00  1.592335093861e-01 
 9.120108393559e+04  2.507855955046e+00  1.374947390286e-01  1.000000000000e+00  0.000000000000e+00  2.721891694435e-05 -8.274392101157e-03  2.515318581369e+00  1.379038821142e-02  5.435695763481e-03 -1.101163724670e-01  2.515145189129e+00  0.000000000000e+00 -1.264807919277e+00  1.556219489825e-01 
 9.332543007970e+04  2.508194259834e+00  1.343831022677e-01  1.000000000000e+00  0.000000000000e+00  2.599387654101e-05 -8.086047880170e-03  2.515321983956e+00  1.347649888157e-02  5.191504978029e-03 -1.076204322017e-01  2.515145189129e+00  0.000000000000e+00 -1.264488078859e+00  1.520917288426e-01 
 9.549925860214e+04  2.508517424576e+00  1.313410896400e-01  1.000000000000e+00  0.000000000000e+00  2.482397092862e-05 -7.901990633400e-03  2.515325233806e+00  1.316975333066e-02  4.958264549714e-03 -1.051805996976e-01  2.515145189129e+00  0.000000000000e+00 -1.264182596642e+00  1.486410553277e-01 
 9.772372209558e+04  2.508826121688e+00  1.283671963174e-01  1.000000000000e+00  0.000000000000e+00  2.370671872143e-05 -7.722122796622e-03  2.515328337438e+00  1.286998902287e-02  4.735485147648e-03 -1.027956447797e-01  2.515145189129e+00  0.000000000000e+00 -1.263890828935e+00  1.452681717263e-01 
 1.000000000000e+05  2.509120995644e+00  1.254599463718e-01  1.000000000000e+00  0.000000000000e+00  2.263975021677e-05 -7.546349022959e-03  2.515331301372e+00  1.257704712771e-02  4.522699151494e-03 -1.004643621272e-01  2.515145189129e+00  0.000000000000e+00 -1.263612161552e+00  1.419713576946e-01 
